dataset.name,cancer.type,platform,scale,normalization,native.probe.type,native.expr.file,hugo.expr.file,ensg.expr.file,symbol.compression.function,ensg.compression.function,symbol.to.native.mapping.file,ensg.to.native.mapping.file,fastq1.files,fastq2.files,fastq.samples
DS468,NA,Affymetrix HG-U133 Plus 2.0,Log2,gcRMA,Probe,DS468-native-gene-expr.csv,DS468-hugo-gene-expr.csv,DS468-ensg-gene-expr.csv,colMeans,colMeans,DS468-symbol-to-native-mapping.tsv,DS468-ensg-to-native-mapping.tsv,NA,NA,NA
DS490,NA,Affymetrix HG-U133 Plus 2.0,Log2,RMA,Probe,DS490-native-gene-expr.csv,DS490-hugo-gene-expr.csv,DS490-ensg-gene-expr.csv,colMeans,colMeans,DS490-symbol-to-native-mapping.tsv,DS490-ensg-to-native-mapping.tsv,NA,NA,NA
DS446395,NA,Illumina HiSeq 2000,Log2,TMM,ENSG,DS446395-native-gene-expr.csv,DS446395-hugo-gene-expr.csv,DS446395-ensg-gene-expr.csv,colMeans,identity,DS446395-symbol-to-native-mapping.tsv,DS446395-ensg-to-native-mapping.tsv,"S10_1.fastq.gz,S11_1.fastq.gz,S1_1.fastq.gz,S12_1.fastq.gz,S13_1.fastq.gz,S14_1.fastq.gz,S2_1.fastq.gz,S3_1.fastq.gz,S4_1.fastq.gz,S5_1.fastq.gz,S6_1.fastq.gz,S7_1.fastq.gz,S8_1.fastq.gz,S9_1.fastq.gz","S10_2.fastq.gz,S11_2.fastq.gz,S12_2.fastq.gz,S1_2.fastq.gz,S13_2.fastq.gz,S14_2.fastq.gz,S2_2.fastq.gz,S3_2.fastq.gz,S4_2.fastq.gz,S5_2.fastq.gz,S6_2.fastq.gz,S7_2.fastq.gz,S8_2.fastq.gz,S9_2.fastq.gz","S10,S11,S1,S12,S13,S14,S2,S3,S4,S5,S6,S7,S8,S9"
DS483,FL,Affymetrix HG-U133 Plus 2.0,Linear,MAS5,Probe,DS483-native-gene-expr.csv,DS483-hugo-gene-expr.csv,DS483-ensg-gene-expr.csv,colMeans,colMeans,DS483-symbol-to-native-mapping.tsv,DS483-ensg-to-native-mapping.tsv,NA,NA,NA
DS488,NA,Affymetrix Human Gene 1.1 ST,Log2,RMA,Probe,DS488-native-gene-expr.csv,DS488-hugo-gene-expr.csv,DS488-ensg-gene-expr.csv,colMeans,colMeans,DS488-symbol-to-native-mapping.tsv,DS488-ensg-to-native-mapping.tsv,NA,NA,NA
DS389,NA,Affymetrix Human Gene PrimeView,Log2,RMA,Probe,DS389-native-gene-expr.csv,DS389-hugo-gene-expr.csv,DS389-ensg-gene-expr.csv,colMeans,colMeans,DS389-symbol-to-native-mapping.tsv,DS389-ensg-to-native-mapping.tsv,NA,NA,NA
DS393,NA,Illumina HumanHT-12 V4.0,Linear,average,Probe,DS393-native-gene-expr.csv,DS393-hugo-gene-expr.csv,DS393-ensg-gene-expr.csv,choose.max.mad.row,choose.max.mad.row,DS393-symbol-to-native-mapping.tsv,DS393-ensg-to-native-mapping.tsv,NA,NA,NA
