dataset.name,sample.id,cell.type,measured
DS389,S1,B.cells,0.0986981132075472
DS389,S1,CD4.T.cells,0.29022641509434
DS389,S1,CD8.T.cells,0.242122641509434
DS389,S1,monocytic.lineage,0.124150943396226
DS389,S1,neutrophils,NA
DS389,S1,NK.cells,0.00823584905660377
DS389,S1,fibroblasts,NA
DS389,S1,endothelial.cells,NA
DS389,S10,B.cells,0.0589819277108434
DS389,S10,CD4.T.cells,0.271897590361446
DS389,S10,CD8.T.cells,0.293397590361446
DS389,S10,monocytic.lineage,0.136873493975904
DS389,S10,neutrophils,NA
DS389,S10,NK.cells,0.0723915662650602
DS389,S10,fibroblasts,NA
DS389,S10,endothelial.cells,NA
DS389,S11,B.cells,0.146888324873096
DS389,S11,CD4.T.cells,0.348106598984772
DS389,S11,CD8.T.cells,0.276812182741117
DS389,S11,monocytic.lineage,0.0927614213197969
DS389,S11,neutrophils,NA
DS389,S11,NK.cells,0.012761421319797
DS389,S11,fibroblasts,NA
DS389,S11,endothelial.cells,NA
DS389,S12,B.cells,0.153558510638298
DS389,S12,CD4.T.cells,0.255340425531915
DS389,S12,CD8.T.cells,0.219510638297872
DS389,S12,monocytic.lineage,0.170015957446809
DS389,S12,neutrophils,NA
DS389,S12,NK.cells,0.0304840425531915
DS389,S12,fibroblasts,NA
DS389,S12,endothelial.cells,NA
DS389,S13,B.cells,0.166462427745665
DS389,S13,CD4.T.cells,0.275167630057803
DS389,S13,CD8.T.cells,0.201468208092486
DS389,S13,monocytic.lineage,0.155086705202312
DS389,S13,neutrophils,NA
DS389,S13,NK.cells,0.0748208092485549
DS389,S13,fibroblasts,NA
DS389,S13,endothelial.cells,NA
DS389,S14,B.cells,0.164138888888889
DS389,S14,CD4.T.cells,0.286044444444444
DS389,S14,CD8.T.cells,0.130377777777778
DS389,S14,monocytic.lineage,0.213772222222222
DS389,S14,neutrophils,NA
DS389,S14,NK.cells,0.0266222222222222
DS389,S14,fibroblasts,NA
DS389,S14,endothelial.cells,NA
DS389,S15,B.cells,0.0571728971962617
DS389,S15,CD4.T.cells,0.430504672897196
DS389,S15,CD8.T.cells,0.156981308411215
DS389,S15,monocytic.lineage,0.200135514018692
DS389,S15,neutrophils,NA
DS389,S15,NK.cells,0.0412383177570093
DS389,S15,fibroblasts,NA
DS389,S15,endothelial.cells,NA
DS389,S16,B.cells,0.0573088235294118
DS389,S16,CD4.T.cells,0.333448529411765
DS389,S16,CD8.T.cells,0.215772058823529
DS389,S16,monocytic.lineage,0.246867647058824
DS389,S16,neutrophils,NA
DS389,S16,NK.cells,0.0697205882352941
DS389,S16,fibroblasts,NA
DS389,S16,endothelial.cells,NA
DS389,S17,B.cells,0.14632380952381
DS389,S17,CD4.T.cells,0.272638095238095
DS389,S17,CD8.T.cells,0.211257142857143
DS389,S17,monocytic.lineage,0.152552380952381
DS389,S17,neutrophils,NA
DS389,S17,NK.cells,0.0605904761904762
DS389,S17,fibroblasts,NA
DS389,S17,endothelial.cells,NA
DS389,S18,B.cells,0.0878837209302326
DS389,S18,CD4.T.cells,0.294976744186047
DS389,S18,CD8.T.cells,0.142100775193798
DS389,S18,monocytic.lineage,0.17893023255814
DS389,S18,neutrophils,NA
DS389,S18,NK.cells,0.143751937984496
DS389,S18,fibroblasts,NA
DS389,S18,endothelial.cells,NA
DS389,S19,B.cells,0.0721075949367089
DS389,S19,CD4.T.cells,0.304784810126582
DS389,S19,CD8.T.cells,0.175443037974684
DS389,S19,monocytic.lineage,0.296848101265823
DS389,S19,neutrophils,NA
DS389,S19,NK.cells,0.0582974683544304
DS389,S19,fibroblasts,NA
DS389,S19,endothelial.cells,NA
DS389,S2,B.cells,0.132993243243243
DS389,S2,CD4.T.cells,0.264716216216216
DS389,S2,CD8.T.cells,0.241135135135135
DS389,S2,monocytic.lineage,0.181959459459459
DS389,S2,neutrophils,NA
DS389,S2,NK.cells,0.0652162162162162
DS389,S2,fibroblasts,NA
DS389,S2,endothelial.cells,NA
DS389,S20,B.cells,0.159021621621622
DS389,S20,CD4.T.cells,0.424416216216216
DS389,S20,CD8.T.cells,0.110081081081081
DS389,S20,monocytic.lineage,0.151535135135135
DS389,S20,neutrophils,NA
DS389,S20,NK.cells,0.058572972972973
DS389,S20,fibroblasts,NA
DS389,S20,endothelial.cells,NA
DS389,S21,B.cells,0.0869100529100529
DS389,S21,CD4.T.cells,0.330121693121693
DS389,S21,CD8.T.cells,0.254465608465608
DS389,S21,monocytic.lineage,0.156582010582011
DS389,S21,neutrophils,NA
DS389,S21,NK.cells,0.0392857142857143
DS389,S21,fibroblasts,NA
DS389,S21,endothelial.cells,NA
DS389,S22,B.cells,0.152584615384615
DS389,S22,CD4.T.cells,0.33434358974359
DS389,S22,CD8.T.cells,0.220502564102564
DS389,S22,monocytic.lineage,0.0873487179487179
DS389,S22,neutrophils,NA
DS389,S22,NK.cells,0.0197076923076923
DS389,S22,fibroblasts,NA
DS389,S22,endothelial.cells,NA
DS389,S23,B.cells,0.10746976744186
DS389,S23,CD4.T.cells,0.2248
DS389,S23,CD8.T.cells,0.288288372093023
DS389,S23,monocytic.lineage,0.144958139534884
DS389,S23,neutrophils,NA
DS389,S23,NK.cells,0.0893023255813954
DS389,S23,fibroblasts,NA
DS389,S23,endothelial.cells,NA
DS389,S24,B.cells,0.0526024844720497
DS389,S24,CD4.T.cells,0.400869565217391
DS389,S24,CD8.T.cells,0.211198757763975
DS389,S24,monocytic.lineage,0.156919254658385
DS389,S24,neutrophils,NA
DS389,S24,NK.cells,0.0577515527950311
DS389,S24,fibroblasts,NA
DS389,S24,endothelial.cells,NA
DS389,S25,B.cells,0.149853658536585
DS389,S25,CD4.T.cells,0.232121951219512
DS389,S25,CD8.T.cells,0.184406504065041
DS389,S25,monocytic.lineage,0.158666666666667
DS389,S25,neutrophils,NA
DS389,S25,NK.cells,0.140609756097561
DS389,S25,fibroblasts,NA
DS389,S25,endothelial.cells,NA
DS389,S26,B.cells,0.065008
DS389,S26,CD4.T.cells,0.337912
DS389,S26,CD8.T.cells,0.2176
DS389,S26,monocytic.lineage,0.181728
DS389,S26,neutrophils,NA
DS389,S26,NK.cells,0.064816
DS389,S26,fibroblasts,NA
DS389,S26,endothelial.cells,NA
DS389,S27,B.cells,0.145009132420091
DS389,S27,CD4.T.cells,0.410872146118721
DS389,S27,CD8.T.cells,0.124365296803653
DS389,S27,monocytic.lineage,0.203433789954338
DS389,S27,neutrophils,NA
DS389,S27,NK.cells,0.0104657534246575
DS389,S27,fibroblasts,NA
DS389,S27,endothelial.cells,NA
DS389,S28,B.cells,0.0991520467836257
DS389,S28,CD4.T.cells,0.339766081871345
DS389,S28,CD8.T.cells,0.208163742690058
DS389,S28,monocytic.lineage,0.13927485380117
DS389,S28,neutrophils,NA
DS389,S28,NK.cells,0.052859649122807
DS389,S28,fibroblasts,NA
DS389,S28,endothelial.cells,NA
DS389,S29,B.cells,0.120295774647887
DS389,S29,CD4.T.cells,0.255929577464789
DS389,S29,CD8.T.cells,0.158380281690141
DS389,S29,monocytic.lineage,0.286711267605634
DS389,S29,neutrophils,NA
DS389,S29,NK.cells,0.0329295774647887
DS389,S29,fibroblasts,NA
DS389,S29,endothelial.cells,NA
DS389,S3,B.cells,0.0852415458937198
DS389,S3,CD4.T.cells,0.308763285024155
DS389,S3,CD8.T.cells,0.189202898550725
DS389,S3,monocytic.lineage,0.157541062801932
DS389,S3,neutrophils,NA
DS389,S3,NK.cells,0.127212560386473
DS389,S3,fibroblasts,NA
DS389,S3,endothelial.cells,NA
DS389,S30,B.cells,0.0912357723577236
DS389,S30,CD4.T.cells,0.414642276422764
DS389,S30,CD8.T.cells,0.174365853658537
DS389,S30,monocytic.lineage,0.18009756097561
DS389,S30,neutrophils,NA
DS389,S30,NK.cells,0.0273658536585366
DS389,S30,fibroblasts,NA
DS389,S30,endothelial.cells,NA
DS389,S31,B.cells,0.116361904761905
DS389,S31,CD4.T.cells,0.277357142857143
DS389,S31,CD8.T.cells,0.116114285714286
DS389,S31,monocytic.lineage,0.299447619047619
DS389,S31,neutrophils,NA
DS389,S31,NK.cells,0.058852380952381
DS389,S31,fibroblasts,NA
DS389,S31,endothelial.cells,NA
DS389,S32,B.cells,0.111323170731707
DS389,S32,CD4.T.cells,0.330609756097561
DS389,S32,CD8.T.cells,0.216463414634146
DS389,S32,monocytic.lineage,0.140548780487805
DS389,S32,neutrophils,NA
DS389,S32,NK.cells,0.0397134146341463
DS389,S32,fibroblasts,NA
DS389,S32,endothelial.cells,NA
DS389,S33,B.cells,0.0794022988505747
DS389,S33,CD4.T.cells,0.35266091954023
DS389,S33,CD8.T.cells,0.248862068965517
DS389,S33,monocytic.lineage,0.172568965517241
DS389,S33,neutrophils,NA
DS389,S33,NK.cells,0.0228965517241379
DS389,S33,fibroblasts,NA
DS389,S33,endothelial.cells,NA
DS389,S34,B.cells,0.0904271844660194
DS389,S34,CD4.T.cells,0.336864077669903
DS389,S34,CD8.T.cells,0.218038834951456
DS389,S34,monocytic.lineage,0.171563106796116
DS389,S34,neutrophils,NA
DS389,S34,NK.cells,0.0995825242718447
DS389,S34,fibroblasts,NA
DS389,S34,endothelial.cells,NA
DS389,S35,B.cells,0.107911764705882
DS389,S35,CD4.T.cells,0.385992647058824
DS389,S35,CD8.T.cells,0.154272058823529
DS389,S35,monocytic.lineage,0.120330882352941
DS389,S35,neutrophils,NA
DS389,S35,NK.cells,0.0303014705882353
DS389,S35,fibroblasts,NA
DS389,S35,endothelial.cells,NA
DS389,S36,B.cells,0.126507936507937
DS389,S36,CD4.T.cells,0.322761904761905
DS389,S36,CD8.T.cells,0.225857142857143
DS389,S36,monocytic.lineage,0.204531746031746
DS389,S36,neutrophils,NA
DS389,S36,NK.cells,0.0448174603174603
DS389,S36,fibroblasts,NA
DS389,S36,endothelial.cells,NA
DS389,S37,B.cells,0.0976783216783217
DS389,S37,CD4.T.cells,0.363818181818182
DS389,S37,CD8.T.cells,0.124097902097902
DS389,S37,monocytic.lineage,0.214076923076923
DS389,S37,neutrophils,NA
DS389,S37,NK.cells,0.0721818181818182
DS389,S37,fibroblasts,NA
DS389,S37,endothelial.cells,NA
DS389,S38,B.cells,0.0677307692307692
DS389,S38,CD4.T.cells,0.374185897435897
DS389,S38,CD8.T.cells,0.203307692307692
DS389,S38,monocytic.lineage,0.212737179487179
DS389,S38,neutrophils,NA
DS389,S38,NK.cells,0.0429423076923077
DS389,S38,fibroblasts,NA
DS389,S38,endothelial.cells,NA
DS389,S39,B.cells,0.0844726368159204
DS389,S39,CD4.T.cells,0.435109452736318
DS389,S39,CD8.T.cells,0.203587064676617
DS389,S39,monocytic.lineage,0.133830845771144
DS389,S39,neutrophils,NA
DS389,S39,NK.cells,0.0258059701492537
DS389,S39,fibroblasts,NA
DS389,S39,endothelial.cells,NA
DS389,S4,B.cells,0.112860861884617
DS389,S4,CD4.T.cells,0.408279484914695
DS389,S4,CD8.T.cells,0.204070010692204
DS389,S4,monocytic.lineage,0.143066338152573
DS389,S4,neutrophils,NA
DS389,S4,NK.cells,0.0242782762307657
DS389,S4,fibroblasts,NA
DS389,S4,endothelial.cells,NA
DS389,S40,B.cells,0.122420792079208
DS389,S40,CD4.T.cells,0.240792079207921
DS389,S40,CD8.T.cells,0.299935643564356
DS389,S40,monocytic.lineage,0.15929702970297
DS389,S40,neutrophils,NA
DS389,S40,NK.cells,0.0563861386138614
DS389,S40,fibroblasts,NA
DS389,S40,endothelial.cells,NA
DS389,S41,B.cells,0.133845814977974
DS389,S41,CD4.T.cells,0.332638766519824
DS389,S41,CD8.T.cells,0.143383259911894
DS389,S41,monocytic.lineage,0.181193832599119
DS389,S41,neutrophils,NA
DS389,S41,NK.cells,0.0313039647577093
DS389,S41,fibroblasts,NA
DS389,S41,endothelial.cells,NA
DS389,S42,B.cells,0.0844325581395349
DS389,S42,CD4.T.cells,0.335120930232558
DS389,S42,CD8.T.cells,0.124158139534884
DS389,S42,monocytic.lineage,0.196553488372093
DS389,S42,neutrophils,NA
DS389,S42,NK.cells,0.111111627906977
DS389,S42,fibroblasts,NA
DS389,S42,endothelial.cells,NA
DS389,S43,B.cells,0.185722139323019
DS389,S43,CD4.T.cells,0.334705096992068
DS389,S43,CD8.T.cells,0.146014293567894
DS389,S43,monocytic.lineage,0.126772952171523
DS389,S43,neutrophils,NA
DS389,S43,NK.cells,5.49752611324904e-4
DS389,S43,fibroblasts,NA
DS389,S43,endothelial.cells,NA
DS389,S44,B.cells,0.166841584158416
DS389,S44,CD4.T.cells,0.329673267326733
DS389,S44,CD8.T.cells,0.159425742574257
DS389,S44,monocytic.lineage,0.13939603960396
DS389,S44,neutrophils,NA
DS389,S44,NK.cells,0.0437326732673267
DS389,S44,fibroblasts,NA
DS389,S44,endothelial.cells,NA
DS389,S45,B.cells,0.159742574257426
DS389,S45,CD4.T.cells,0.287504950495049
DS389,S45,CD8.T.cells,0.229871287128713
DS389,S45,monocytic.lineage,0.14660396039604
DS389,S45,neutrophils,NA
DS389,S45,NK.cells,0.00586138613861386
DS389,S45,fibroblasts,NA
DS389,S45,endothelial.cells,NA
DS389,S46,B.cells,0.0730792079207921
DS389,S46,CD4.T.cells,0.373623762376238
DS389,S46,CD8.T.cells,0.197920792079208
DS389,S46,monocytic.lineage,0.210148514851485
DS389,S46,neutrophils,NA
DS389,S46,NK.cells,0.0198415841584158
DS389,S46,fibroblasts,NA
DS389,S46,endothelial.cells,NA
DS389,S47,B.cells,0.101548913043478
DS389,S47,CD4.T.cells,0.359472826086957
DS389,S47,CD8.T.cells,0.126048913043478
DS389,S47,monocytic.lineage,0.112065217391304
DS389,S47,neutrophils,NA
DS389,S47,NK.cells,0.118554347826087
DS389,S47,fibroblasts,NA
DS389,S47,endothelial.cells,NA
DS389,S48,B.cells,0.0682403100775194
DS389,S48,CD4.T.cells,0.461496124031008
DS389,S48,CD8.T.cells,0.121790697674419
DS389,S48,monocytic.lineage,0.198837209302326
DS389,S48,neutrophils,NA
DS389,S48,NK.cells,0.0121240310077519
DS389,S48,fibroblasts,NA
DS389,S48,endothelial.cells,NA
DS389,S49,B.cells,0.19181981981982
DS389,S49,CD4.T.cells,0.285117117117117
DS389,S49,CD8.T.cells,0.116963963963964
DS389,S49,monocytic.lineage,0.195927927927928
DS389,S49,neutrophils,NA
DS389,S49,NK.cells,0.00162162162162162
DS389,S49,fibroblasts,NA
DS389,S49,endothelial.cells,NA
DS389,S5,B.cells,0.077576
DS389,S5,CD4.T.cells,0.425632
DS389,S5,CD8.T.cells,0.185744
DS389,S5,monocytic.lineage,0.147784
DS389,S5,neutrophils,NA
DS389,S5,NK.cells,0.043024
DS389,S5,fibroblasts,NA
DS389,S5,endothelial.cells,NA
DS389,S50,B.cells,0.0872970297029703
DS389,S50,CD4.T.cells,0.477772277227723
DS389,S50,CD8.T.cells,0.204653465346535
DS389,S50,monocytic.lineage,0.0996336633663366
DS389,S50,neutrophils,NA
DS389,S50,NK.cells,0.0135841584158416
DS389,S50,fibroblasts,NA
DS389,S50,endothelial.cells,NA
DS389,S51,B.cells,0.0935734265734266
DS389,S51,CD4.T.cells,0.357692307692308
DS389,S51,CD8.T.cells,0.233965034965035
DS389,S51,monocytic.lineage,0.154937062937063
DS389,S51,neutrophils,NA
DS389,S51,NK.cells,0.0422797202797203
DS389,S51,fibroblasts,NA
DS389,S51,endothelial.cells,NA
DS389,S52,B.cells,0.0527087912087912
DS389,S52,CD4.T.cells,0.335615384615385
DS389,S52,CD8.T.cells,0.197335164835165
DS389,S52,monocytic.lineage,0.261038461538462
DS389,S52,neutrophils,NA
DS389,S52,NK.cells,0.016467032967033
DS389,S52,fibroblasts,NA
DS389,S52,endothelial.cells,NA
DS389,S53,B.cells,0.0952890625
DS389,S53,CD4.T.cells,0.421203125
DS389,S53,CD8.T.cells,0.1319453125
DS389,S53,monocytic.lineage,0.18340625
DS389,S53,neutrophils,NA
DS389,S53,NK.cells,0.022203125
DS389,S53,fibroblasts,NA
DS389,S53,endothelial.cells,NA
DS389,S54,B.cells,0.1441
DS389,S54,CD4.T.cells,0.222986666666667
DS389,S54,CD8.T.cells,0.181186666666667
DS389,S54,monocytic.lineage,0.203433333333333
DS389,S54,neutrophils,NA
DS389,S54,NK.cells,0.02034
DS389,S54,fibroblasts,NA
DS389,S54,endothelial.cells,NA
DS389,S55,B.cells,0.0981533742331288
DS389,S55,CD4.T.cells,0.365496932515337
DS389,S55,CD8.T.cells,0.0948527607361963
DS389,S55,monocytic.lineage,0.241693251533742
DS389,S55,neutrophils,NA
DS389,S55,NK.cells,0.015840490797546
DS389,S55,fibroblasts,NA
DS389,S55,endothelial.cells,NA
DS389,S6,B.cells,0.127584
DS389,S6,CD4.T.cells,0.445544
DS389,S6,CD8.T.cells,0.126944
DS389,S6,monocytic.lineage,0.123744
DS389,S6,neutrophils,NA
DS389,S6,NK.cells,0.037088
DS389,S6,fibroblasts,NA
DS389,S6,endothelial.cells,NA
DS389,S7,B.cells,0.101225806451613
DS389,S7,CD4.T.cells,0.245954838709677
DS389,S7,CD8.T.cells,0.197032258064516
DS389,S7,monocytic.lineage,0.11518064516129
DS389,S7,neutrophils,NA
DS389,S7,NK.cells,0.0236838709677419
DS389,S7,fibroblasts,NA
DS389,S7,endothelial.cells,NA
DS389,S8,B.cells,0.08414
DS389,S8,CD4.T.cells,0.251264
DS389,S8,CD8.T.cells,0.180424
DS389,S8,monocytic.lineage,0.272164
DS389,S8,neutrophils,NA
DS389,S8,NK.cells,0.063168
DS389,S8,fibroblasts,NA
DS389,S8,endothelial.cells,NA
DS389,S9,B.cells,0.0710785714285714
DS389,S9,CD4.T.cells,0.413957142857143
DS389,S9,CD8.T.cells,0.183028571428571
DS389,S9,monocytic.lineage,0.186935714285714
DS389,S9,neutrophils,NA
DS389,S9,NK.cells,0.0234428571428571
DS389,S9,fibroblasts,NA
DS389,S9,endothelial.cells,NA
DS393,S1,B.cells,52.14664
DS393,S1,CD4.T.cells,NA
DS393,S1,CD8.T.cells,NA
DS393,S1,monocytic.lineage,NA
DS393,S1,neutrophils,NA
DS393,S1,NK.cells,NA
DS393,S1,fibroblasts,NA
DS393,S1,endothelial.cells,NA
DS393,S10,B.cells,39.6396
DS393,S10,CD4.T.cells,NA
DS393,S10,CD8.T.cells,NA
DS393,S10,monocytic.lineage,NA
DS393,S10,neutrophils,NA
DS393,S10,NK.cells,NA
DS393,S10,fibroblasts,NA
DS393,S10,endothelial.cells,NA
DS393,S11,B.cells,55.08496
DS393,S11,CD4.T.cells,NA
DS393,S11,CD8.T.cells,NA
DS393,S11,monocytic.lineage,NA
DS393,S11,neutrophils,NA
DS393,S11,NK.cells,NA
DS393,S11,fibroblasts,NA
DS393,S11,endothelial.cells,NA
DS393,S12,B.cells,41.21208
DS393,S12,CD4.T.cells,NA
DS393,S12,CD8.T.cells,NA
DS393,S12,monocytic.lineage,NA
DS393,S12,neutrophils,NA
DS393,S12,NK.cells,NA
DS393,S12,fibroblasts,NA
DS393,S12,endothelial.cells,NA
DS393,S13,B.cells,68.64111
DS393,S13,CD4.T.cells,NA
DS393,S13,CD8.T.cells,NA
DS393,S13,monocytic.lineage,NA
DS393,S13,neutrophils,NA
DS393,S13,NK.cells,NA
DS393,S13,fibroblasts,NA
DS393,S13,endothelial.cells,NA
DS393,S2,B.cells,48.727756
DS393,S2,CD4.T.cells,NA
DS393,S2,CD8.T.cells,NA
DS393,S2,monocytic.lineage,NA
DS393,S2,neutrophils,NA
DS393,S2,NK.cells,NA
DS393,S2,fibroblasts,NA
DS393,S2,endothelial.cells,NA
DS393,S3,B.cells,58.5144
DS393,S3,CD4.T.cells,NA
DS393,S3,CD8.T.cells,NA
DS393,S3,monocytic.lineage,NA
DS393,S3,neutrophils,NA
DS393,S3,NK.cells,NA
DS393,S3,fibroblasts,NA
DS393,S3,endothelial.cells,NA
DS393,S4,B.cells,28.89372
DS393,S4,CD4.T.cells,NA
DS393,S4,CD8.T.cells,NA
DS393,S4,monocytic.lineage,NA
DS393,S4,neutrophils,NA
DS393,S4,NK.cells,NA
DS393,S4,fibroblasts,NA
DS393,S4,endothelial.cells,NA
DS393,S5,B.cells,77.6664
DS393,S5,CD4.T.cells,NA
DS393,S5,CD8.T.cells,NA
DS393,S5,monocytic.lineage,NA
DS393,S5,neutrophils,NA
DS393,S5,NK.cells,NA
DS393,S5,fibroblasts,NA
DS393,S5,endothelial.cells,NA
DS393,S6,B.cells,150.99408
DS393,S6,CD4.T.cells,NA
DS393,S6,CD8.T.cells,NA
DS393,S6,monocytic.lineage,NA
DS393,S6,neutrophils,NA
DS393,S6,NK.cells,NA
DS393,S6,fibroblasts,NA
DS393,S6,endothelial.cells,NA
DS393,S7,B.cells,38.247
DS393,S7,CD4.T.cells,NA
DS393,S7,CD8.T.cells,NA
DS393,S7,monocytic.lineage,NA
DS393,S7,neutrophils,NA
DS393,S7,NK.cells,NA
DS393,S7,fibroblasts,NA
DS393,S7,endothelial.cells,NA
DS393,S8,B.cells,168.7578
DS393,S8,CD4.T.cells,NA
DS393,S8,CD8.T.cells,NA
DS393,S8,monocytic.lineage,NA
DS393,S8,neutrophils,NA
DS393,S8,NK.cells,NA
DS393,S8,fibroblasts,NA
DS393,S8,endothelial.cells,NA
DS393,S9,B.cells,146.916
DS393,S9,CD4.T.cells,NA
DS393,S9,CD8.T.cells,NA
DS393,S9,monocytic.lineage,NA
DS393,S9,neutrophils,NA
DS393,S9,NK.cells,NA
DS393,S9,fibroblasts,NA
DS393,S9,endothelial.cells,NA
DS446395,S1,B.cells,4.7
DS446395,S1,CD4.T.cells,NA
DS446395,S1,CD8.T.cells,NA
DS446395,S1,monocytic.lineage,16.9
DS446395,S1,neutrophils,0
DS446395,S1,NK.cells,19.4
DS446395,S1,fibroblasts,NA
DS446395,S1,endothelial.cells,NA
DS446395,S10,B.cells,100
DS446395,S10,CD4.T.cells,NA
DS446395,S10,CD8.T.cells,NA
DS446395,S10,monocytic.lineage,0
DS446395,S10,neutrophils,0
DS446395,S10,NK.cells,0
DS446395,S10,fibroblasts,NA
DS446395,S10,endothelial.cells,NA
DS446395,S11,B.cells,0
DS446395,S11,CD4.T.cells,NA
DS446395,S11,CD8.T.cells,NA
DS446395,S11,monocytic.lineage,0
DS446395,S11,neutrophils,0
DS446395,S11,NK.cells,0
DS446395,S11,fibroblasts,NA
DS446395,S11,endothelial.cells,NA
DS446395,S12,B.cells,0
DS446395,S12,CD4.T.cells,NA
DS446395,S12,CD8.T.cells,NA
DS446395,S12,monocytic.lineage,0
DS446395,S12,neutrophils,0
DS446395,S12,NK.cells,0
DS446395,S12,fibroblasts,NA
DS446395,S12,endothelial.cells,NA
DS446395,S13,B.cells,0
DS446395,S13,CD4.T.cells,NA
DS446395,S13,CD8.T.cells,NA
DS446395,S13,monocytic.lineage,0
DS446395,S13,neutrophils,0
DS446395,S13,NK.cells,100
DS446395,S13,fibroblasts,NA
DS446395,S13,endothelial.cells,NA
DS446395,S14,B.cells,0
DS446395,S14,CD4.T.cells,NA
DS446395,S14,CD8.T.cells,NA
DS446395,S14,monocytic.lineage,0
DS446395,S14,neutrophils,0
DS446395,S14,NK.cells,100
DS446395,S14,fibroblasts,NA
DS446395,S14,endothelial.cells,NA
DS446395,S2,B.cells,9.8
DS446395,S2,CD4.T.cells,NA
DS446395,S2,CD8.T.cells,NA
DS446395,S2,monocytic.lineage,19.6
DS446395,S2,neutrophils,0
DS446395,S2,NK.cells,4.9
DS446395,S2,fibroblasts,NA
DS446395,S2,endothelial.cells,NA
DS446395,S3,B.cells,0
DS446395,S3,CD4.T.cells,NA
DS446395,S3,CD8.T.cells,NA
DS446395,S3,monocytic.lineage,100
DS446395,S3,neutrophils,0
DS446395,S3,NK.cells,0
DS446395,S3,fibroblasts,NA
DS446395,S3,endothelial.cells,NA
DS446395,S4,B.cells,0
DS446395,S4,CD4.T.cells,NA
DS446395,S4,CD8.T.cells,NA
DS446395,S4,monocytic.lineage,100
DS446395,S4,neutrophils,0
DS446395,S4,NK.cells,0
DS446395,S4,fibroblasts,NA
DS446395,S4,endothelial.cells,NA
DS446395,S5,B.cells,0
DS446395,S5,CD4.T.cells,NA
DS446395,S5,CD8.T.cells,NA
DS446395,S5,monocytic.lineage,100
DS446395,S5,neutrophils,0
DS446395,S5,NK.cells,0
DS446395,S5,fibroblasts,NA
DS446395,S5,endothelial.cells,NA
DS446395,S6,B.cells,0
DS446395,S6,CD4.T.cells,NA
DS446395,S6,CD8.T.cells,NA
DS446395,S6,monocytic.lineage,100
DS446395,S6,neutrophils,0
DS446395,S6,NK.cells,0
DS446395,S6,fibroblasts,NA
DS446395,S6,endothelial.cells,NA
DS446395,S7,B.cells,0
DS446395,S7,CD4.T.cells,NA
DS446395,S7,CD8.T.cells,NA
DS446395,S7,monocytic.lineage,0
DS446395,S7,neutrophils,100
DS446395,S7,NK.cells,0
DS446395,S7,fibroblasts,NA
DS446395,S7,endothelial.cells,NA
DS446395,S8,B.cells,0
DS446395,S8,CD4.T.cells,NA
DS446395,S8,CD8.T.cells,NA
DS446395,S8,monocytic.lineage,0
DS446395,S8,neutrophils,100
DS446395,S8,NK.cells,0
DS446395,S8,fibroblasts,NA
DS446395,S8,endothelial.cells,NA
DS446395,S9,B.cells,100
DS446395,S9,CD4.T.cells,NA
DS446395,S9,CD8.T.cells,NA
DS446395,S9,monocytic.lineage,0
DS446395,S9,neutrophils,0
DS446395,S9,NK.cells,0
DS446395,S9,fibroblasts,NA
DS446395,S9,endothelial.cells,NA
DS468,S1,B.cells,NA
DS468,S1,CD4.T.cells,NA
DS468,S1,CD8.T.cells,NA
DS468,S1,monocytic.lineage,3.6
DS468,S1,neutrophils,76.4
DS468,S1,NK.cells,NA
DS468,S1,fibroblasts,NA
DS468,S1,endothelial.cells,NA
DS468,S10,B.cells,NA
DS468,S10,CD4.T.cells,NA
DS468,S10,CD8.T.cells,NA
DS468,S10,monocytic.lineage,3.7
DS468,S10,neutrophils,89.4
DS468,S10,NK.cells,NA
DS468,S10,fibroblasts,NA
DS468,S10,endothelial.cells,NA
DS468,S11,B.cells,NA
DS468,S11,CD4.T.cells,NA
DS468,S11,CD8.T.cells,NA
DS468,S11,monocytic.lineage,5.8
DS468,S11,neutrophils,43.6
DS468,S11,NK.cells,NA
DS468,S11,fibroblasts,NA
DS468,S11,endothelial.cells,NA
DS468,S12,B.cells,NA
DS468,S12,CD4.T.cells,NA
DS468,S12,CD8.T.cells,NA
DS468,S12,monocytic.lineage,4.6
DS468,S12,neutrophils,91.3
DS468,S12,NK.cells,NA
DS468,S12,fibroblasts,NA
DS468,S12,endothelial.cells,NA
DS468,S13,B.cells,NA
DS468,S13,CD4.T.cells,NA
DS468,S13,CD8.T.cells,NA
DS468,S13,monocytic.lineage,8.4
DS468,S13,neutrophils,55.4
DS468,S13,NK.cells,NA
DS468,S13,fibroblasts,NA
DS468,S13,endothelial.cells,NA
DS468,S14,B.cells,NA
DS468,S14,CD4.T.cells,NA
DS468,S14,CD8.T.cells,NA
DS468,S14,monocytic.lineage,21.9
DS468,S14,neutrophils,14.5
DS468,S14,NK.cells,NA
DS468,S14,fibroblasts,NA
DS468,S14,endothelial.cells,NA
DS468,S15,B.cells,NA
DS468,S15,CD4.T.cells,NA
DS468,S15,CD8.T.cells,NA
DS468,S15,monocytic.lineage,0.4
DS468,S15,neutrophils,81
DS468,S15,NK.cells,NA
DS468,S15,fibroblasts,NA
DS468,S15,endothelial.cells,NA
DS468,S16,B.cells,NA
DS468,S16,CD4.T.cells,NA
DS468,S16,CD8.T.cells,NA
DS468,S16,monocytic.lineage,11.6
DS468,S16,neutrophils,63.4
DS468,S16,NK.cells,NA
DS468,S16,fibroblasts,NA
DS468,S16,endothelial.cells,NA
DS468,S17,B.cells,NA
DS468,S17,CD4.T.cells,NA
DS468,S17,CD8.T.cells,NA
DS468,S17,monocytic.lineage,18.1
DS468,S17,neutrophils,50.1
DS468,S17,NK.cells,NA
DS468,S17,fibroblasts,NA
DS468,S17,endothelial.cells,NA
DS468,S18,B.cells,NA
DS468,S18,CD4.T.cells,NA
DS468,S18,CD8.T.cells,NA
DS468,S18,monocytic.lineage,27.8
DS468,S18,neutrophils,54.8
DS468,S18,NK.cells,NA
DS468,S18,fibroblasts,NA
DS468,S18,endothelial.cells,NA
DS468,S19,B.cells,NA
DS468,S19,CD4.T.cells,NA
DS468,S19,CD8.T.cells,NA
DS468,S19,monocytic.lineage,12.1
DS468,S19,neutrophils,47.7
DS468,S19,NK.cells,NA
DS468,S19,fibroblasts,NA
DS468,S19,endothelial.cells,NA
DS468,S2,B.cells,NA
DS468,S2,CD4.T.cells,NA
DS468,S2,CD8.T.cells,NA
DS468,S2,monocytic.lineage,12.4
DS468,S2,neutrophils,38
DS468,S2,NK.cells,NA
DS468,S2,fibroblasts,NA
DS468,S2,endothelial.cells,NA
DS468,S20,B.cells,NA
DS468,S20,CD4.T.cells,NA
DS468,S20,CD8.T.cells,NA
DS468,S20,monocytic.lineage,8.4
DS468,S20,neutrophils,53.8
DS468,S20,NK.cells,NA
DS468,S20,fibroblasts,NA
DS468,S20,endothelial.cells,NA
DS468,S21,B.cells,NA
DS468,S21,CD4.T.cells,NA
DS468,S21,CD8.T.cells,NA
DS468,S21,monocytic.lineage,5.8
DS468,S21,neutrophils,59.9
DS468,S21,NK.cells,NA
DS468,S21,fibroblasts,NA
DS468,S21,endothelial.cells,NA
DS468,S22,B.cells,NA
DS468,S22,CD4.T.cells,NA
DS468,S22,CD8.T.cells,NA
DS468,S22,monocytic.lineage,4.1
DS468,S22,neutrophils,77
DS468,S22,NK.cells,NA
DS468,S22,fibroblasts,NA
DS468,S22,endothelial.cells,NA
DS468,S23,B.cells,NA
DS468,S23,CD4.T.cells,NA
DS468,S23,CD8.T.cells,NA
DS468,S23,monocytic.lineage,9.4
DS468,S23,neutrophils,30.4
DS468,S23,NK.cells,NA
DS468,S23,fibroblasts,NA
DS468,S23,endothelial.cells,NA
DS468,S24,B.cells,NA
DS468,S24,CD4.T.cells,NA
DS468,S24,CD8.T.cells,NA
DS468,S24,monocytic.lineage,6.6
DS468,S24,neutrophils,47.8
DS468,S24,NK.cells,NA
DS468,S24,fibroblasts,NA
DS468,S24,endothelial.cells,NA
DS468,S3,B.cells,NA
DS468,S3,CD4.T.cells,NA
DS468,S3,CD8.T.cells,NA
DS468,S3,monocytic.lineage,11.8
DS468,S3,neutrophils,70.7
DS468,S3,NK.cells,NA
DS468,S3,fibroblasts,NA
DS468,S3,endothelial.cells,NA
DS468,S4,B.cells,NA
DS468,S4,CD4.T.cells,NA
DS468,S4,CD8.T.cells,NA
DS468,S4,monocytic.lineage,14.6
DS468,S4,neutrophils,62.1
DS468,S4,NK.cells,NA
DS468,S4,fibroblasts,NA
DS468,S4,endothelial.cells,NA
DS468,S5,B.cells,NA
DS468,S5,CD4.T.cells,NA
DS468,S5,CD8.T.cells,NA
DS468,S5,monocytic.lineage,4.8
DS468,S5,neutrophils,90.5
DS468,S5,NK.cells,NA
DS468,S5,fibroblasts,NA
DS468,S5,endothelial.cells,NA
DS468,S6,B.cells,NA
DS468,S6,CD4.T.cells,NA
DS468,S6,CD8.T.cells,NA
DS468,S6,monocytic.lineage,7.3
DS468,S6,neutrophils,65.8
DS468,S6,NK.cells,NA
DS468,S6,fibroblasts,NA
DS468,S6,endothelial.cells,NA
DS468,S7,B.cells,NA
DS468,S7,CD4.T.cells,NA
DS468,S7,CD8.T.cells,NA
DS468,S7,monocytic.lineage,14.1
DS468,S7,neutrophils,39.2
DS468,S7,NK.cells,NA
DS468,S7,fibroblasts,NA
DS468,S7,endothelial.cells,NA
DS468,S8,B.cells,NA
DS468,S8,CD4.T.cells,NA
DS468,S8,CD8.T.cells,NA
DS468,S8,monocytic.lineage,9.6
DS468,S8,neutrophils,58.5
DS468,S8,NK.cells,NA
DS468,S8,fibroblasts,NA
DS468,S8,endothelial.cells,NA
DS468,S9,B.cells,NA
DS468,S9,CD4.T.cells,NA
DS468,S9,CD8.T.cells,NA
DS468,S9,monocytic.lineage,8.3
DS468,S9,neutrophils,60.5
DS468,S9,NK.cells,NA
DS468,S9,fibroblasts,NA
DS468,S9,endothelial.cells,NA
DS483,S1,B.cells,80.61
DS483,S1,CD4.T.cells,17.35
DS483,S1,CD8.T.cells,2.04
DS483,S1,monocytic.lineage,NA
DS483,S1,neutrophils,NA
DS483,S1,NK.cells,NA
DS483,S1,fibroblasts,NA
DS483,S1,endothelial.cells,NA
DS483,S10,B.cells,87.76
DS483,S10,CD4.T.cells,11.22
DS483,S10,CD8.T.cells,1.02
DS483,S10,monocytic.lineage,NA
DS483,S10,neutrophils,NA
DS483,S10,NK.cells,NA
DS483,S10,fibroblasts,NA
DS483,S10,endothelial.cells,NA
DS483,S11,B.cells,84.47
DS483,S11,CD4.T.cells,12.62
DS483,S11,CD8.T.cells,2.91
DS483,S11,monocytic.lineage,NA
DS483,S11,neutrophils,NA
DS483,S11,NK.cells,NA
DS483,S11,fibroblasts,NA
DS483,S11,endothelial.cells,NA
DS483,S12,B.cells,88.12
DS483,S12,CD4.T.cells,8.91
DS483,S12,CD8.T.cells,2.97
DS483,S12,monocytic.lineage,NA
DS483,S12,neutrophils,NA
DS483,S12,NK.cells,NA
DS483,S12,fibroblasts,NA
DS483,S12,endothelial.cells,NA
DS483,S13,B.cells,66.67
DS483,S13,CD4.T.cells,27.59
DS483,S13,CD8.T.cells,5.75
DS483,S13,monocytic.lineage,NA
DS483,S13,neutrophils,NA
DS483,S13,NK.cells,NA
DS483,S13,fibroblasts,NA
DS483,S13,endothelial.cells,NA
DS483,S14,B.cells,92.93
DS483,S14,CD4.T.cells,5.05
DS483,S14,CD8.T.cells,2.02
DS483,S14,monocytic.lineage,NA
DS483,S14,neutrophils,NA
DS483,S14,NK.cells,NA
DS483,S14,fibroblasts,NA
DS483,S14,endothelial.cells,NA
DS483,S2,B.cells,74.49
DS483,S2,CD4.T.cells,19.39
DS483,S2,CD8.T.cells,6.12
DS483,S2,monocytic.lineage,NA
DS483,S2,neutrophils,NA
DS483,S2,NK.cells,NA
DS483,S2,fibroblasts,NA
DS483,S2,endothelial.cells,NA
DS483,S3,B.cells,59.77
DS483,S3,CD4.T.cells,33.33
DS483,S3,CD8.T.cells,6.9
DS483,S3,monocytic.lineage,NA
DS483,S3,neutrophils,NA
DS483,S3,NK.cells,NA
DS483,S3,fibroblasts,NA
DS483,S3,endothelial.cells,NA
DS483,S4,B.cells,75.28
DS483,S4,CD4.T.cells,22.47
DS483,S4,CD8.T.cells,2.25
DS483,S4,monocytic.lineage,NA
DS483,S4,neutrophils,NA
DS483,S4,NK.cells,NA
DS483,S4,fibroblasts,NA
DS483,S4,endothelial.cells,NA
DS483,S5,B.cells,89.22
DS483,S5,CD4.T.cells,8.82
DS483,S5,CD8.T.cells,1.96
DS483,S5,monocytic.lineage,NA
DS483,S5,neutrophils,NA
DS483,S5,NK.cells,NA
DS483,S5,fibroblasts,NA
DS483,S5,endothelial.cells,NA
DS483,S6,B.cells,54.02
DS483,S6,CD4.T.cells,40.23
DS483,S6,CD8.T.cells,5.75
DS483,S6,monocytic.lineage,NA
DS483,S6,neutrophils,NA
DS483,S6,NK.cells,NA
DS483,S6,fibroblasts,NA
DS483,S6,endothelial.cells,NA
DS483,S7,B.cells,71.43
DS483,S7,CD4.T.cells,21.43
DS483,S7,CD8.T.cells,7.14
DS483,S7,monocytic.lineage,NA
DS483,S7,neutrophils,NA
DS483,S7,NK.cells,NA
DS483,S7,fibroblasts,NA
DS483,S7,endothelial.cells,NA
DS483,S8,B.cells,83.16
DS483,S8,CD4.T.cells,13.68
DS483,S8,CD8.T.cells,3.16
DS483,S8,monocytic.lineage,NA
DS483,S8,neutrophils,NA
DS483,S8,NK.cells,NA
DS483,S8,fibroblasts,NA
DS483,S8,endothelial.cells,NA
DS483,S9,B.cells,91.4
DS483,S9,CD4.T.cells,7.53
DS483,S9,CD8.T.cells,1.08
DS483,S9,monocytic.lineage,NA
DS483,S9,neutrophils,NA
DS483,S9,NK.cells,NA
DS483,S9,fibroblasts,NA
DS483,S9,endothelial.cells,NA
DS488,S1,B.cells,NA
DS488,S1,CD4.T.cells,0.0454785689077128
DS488,S1,CD8.T.cells,0.00661717583109199
DS488,S1,monocytic.lineage,0.0599125413213396
DS488,S1,neutrophils,NA
DS488,S1,NK.cells,0.0126907657841546
DS488,S1,fibroblasts,NA
DS488,S1,endothelial.cells,NA
DS488,S10,B.cells,NA
DS488,S10,CD4.T.cells,0.0270660113922255
DS488,S10,CD8.T.cells,0.00259639683418746
DS488,S10,monocytic.lineage,0.058624080822799
DS488,S10,neutrophils,NA
DS488,S10,NK.cells,0.0169524273057292
DS488,S10,fibroblasts,NA
DS488,S10,endothelial.cells,NA
DS488,S100,B.cells,NA
DS488,S100,CD4.T.cells,0.0247138605087282
DS488,S100,CD8.T.cells,0.0265802010063963
DS488,S100,monocytic.lineage,0.00416524137565051
DS488,S100,neutrophils,NA
DS488,S100,NK.cells,0.0249883361753215
DS488,S100,fibroblasts,NA
DS488,S100,endothelial.cells,NA
DS488,S101,B.cells,NA
DS488,S101,CD4.T.cells,0
DS488,S101,CD8.T.cells,0.0126087115144672
DS488,S101,monocytic.lineage,0.0139834019841225
DS488,S101,neutrophils,NA
DS488,S101,NK.cells,0.0211929032301689
DS488,S101,fibroblasts,NA
DS488,S101,endothelial.cells,NA
DS488,S102,B.cells,NA
DS488,S102,CD4.T.cells,0.0812388052058589
DS488,S102,CD8.T.cells,0.056471582210672
DS488,S102,monocytic.lineage,0.0700515616138561
DS488,S102,neutrophils,NA
DS488,S102,NK.cells,0.0901652535703466
DS488,S102,fibroblasts,NA
DS488,S102,endothelial.cells,NA
DS488,S103,B.cells,NA
DS488,S103,CD4.T.cells,0.0691364337031473
DS488,S103,CD8.T.cells,0.0329766732563103
DS488,S103,monocytic.lineage,0.0683427441016257
DS488,S103,neutrophils,NA
DS488,S103,NK.cells,0.0553389138506681
DS488,S103,fibroblasts,NA
DS488,S103,endothelial.cells,NA
DS488,S104,B.cells,NA
DS488,S104,CD4.T.cells,0.0694349983226143
DS488,S104,CD8.T.cells,0.0356213343922927
DS488,S104,monocytic.lineage,0.0676783945699622
DS488,S104,neutrophils,NA
DS488,S104,NK.cells,0.046932734339986
DS488,S104,fibroblasts,NA
DS488,S104,endothelial.cells,NA
DS488,S105,B.cells,NA
DS488,S105,CD4.T.cells,0.171036283712453
DS488,S105,CD8.T.cells,0.068385321255087
DS488,S105,monocytic.lineage,0.095605689358583
DS488,S105,neutrophils,NA
DS488,S105,NK.cells,0.0753237157865213
DS488,S105,fibroblasts,NA
DS488,S105,endothelial.cells,NA
DS488,S106,B.cells,NA
DS488,S106,CD4.T.cells,0.0747556329901262
DS488,S106,CD8.T.cells,0.0344541834402239
DS488,S106,monocytic.lineage,0.071574886020596
DS488,S106,neutrophils,NA
DS488,S106,NK.cells,0.0385964505572033
DS488,S106,fibroblasts,NA
DS488,S106,endothelial.cells,NA
DS488,S107,B.cells,NA
DS488,S107,CD4.T.cells,0.100685982722265
DS488,S107,CD8.T.cells,0.0934590609204672
DS488,S107,monocytic.lineage,0.101742833199267
DS488,S107,neutrophils,NA
DS488,S107,NK.cells,0.0904187913958944
DS488,S107,fibroblasts,NA
DS488,S107,endothelial.cells,NA
DS488,S108,B.cells,NA
DS488,S108,CD4.T.cells,0.0283597318418447
DS488,S108,CD8.T.cells,0.0514217947407981
DS488,S108,monocytic.lineage,0.065117431336749
DS488,S108,neutrophils,NA
DS488,S108,NK.cells,0.0851785615345719
DS488,S108,fibroblasts,NA
DS488,S108,endothelial.cells,NA
DS488,S109,B.cells,NA
DS488,S109,CD4.T.cells,0.0849864811854882
DS488,S109,CD8.T.cells,0.0867134437094684
DS488,S109,monocytic.lineage,0.0659406520419899
DS488,S109,neutrophils,NA
DS488,S109,NK.cells,0.102411091706433
DS488,S109,fibroblasts,NA
DS488,S109,endothelial.cells,NA
DS488,S11,B.cells,NA
DS488,S11,CD4.T.cells,0.0941230356753198
DS488,S11,CD8.T.cells,0.023009983266078
DS488,S11,monocytic.lineage,0.0742049152802853
DS488,S11,neutrophils,NA
DS488,S11,NK.cells,0.0345624147913417
DS488,S11,fibroblasts,NA
DS488,S11,endothelial.cells,NA
DS488,S110,B.cells,NA
DS488,S110,CD4.T.cells,0.112444312744952
DS488,S110,CD8.T.cells,0.0510423021843662
DS488,S110,monocytic.lineage,0.0800040298068792
DS488,S110,neutrophils,NA
DS488,S110,NK.cells,0.0771580842897749
DS488,S110,fibroblasts,NA
DS488,S110,endothelial.cells,NA
DS488,S111,B.cells,NA
DS488,S111,CD4.T.cells,0.156286520297819
DS488,S111,CD8.T.cells,0.0598181948649119
DS488,S111,monocytic.lineage,0.0941708394583506
DS488,S111,neutrophils,NA
DS488,S111,NK.cells,0.073427985461862
DS488,S111,fibroblasts,NA
DS488,S111,endothelial.cells,NA
DS488,S112,B.cells,NA
DS488,S112,CD4.T.cells,0.0665281889428191
DS488,S112,CD8.T.cells,0.0223437832557159
DS488,S112,monocytic.lineage,0.085319791528433
DS488,S112,neutrophils,NA
DS488,S112,NK.cells,0.0678501779433166
DS488,S112,fibroblasts,NA
DS488,S112,endothelial.cells,NA
DS488,S113,B.cells,NA
DS488,S113,CD4.T.cells,0.0914480927841867
DS488,S113,CD8.T.cells,0.022827124487018
DS488,S113,monocytic.lineage,0.0662693556107797
DS488,S113,neutrophils,NA
DS488,S113,NK.cells,0.0537977166243453
DS488,S113,fibroblasts,NA
DS488,S113,endothelial.cells,NA
DS488,S114,B.cells,NA
DS488,S114,CD4.T.cells,0.107440485262234
DS488,S114,CD8.T.cells,0.0353266288665267
DS488,S114,monocytic.lineage,0.0826706877017112
DS488,S114,neutrophils,NA
DS488,S114,NK.cells,0.0483708261850806
DS488,S114,fibroblasts,NA
DS488,S114,endothelial.cells,NA
DS488,S115,B.cells,NA
DS488,S115,CD4.T.cells,0.113252766653012
DS488,S115,CD8.T.cells,0.0355103340509741
DS488,S115,monocytic.lineage,0.0687541920006066
DS488,S115,neutrophils,NA
DS488,S115,NK.cells,0.059951900796419
DS488,S115,fibroblasts,NA
DS488,S115,endothelial.cells,NA
DS488,S116,B.cells,NA
DS488,S116,CD4.T.cells,0.101069735459911
DS488,S116,CD8.T.cells,0.0725554365193065
DS488,S116,monocytic.lineage,0.0818194673265326
DS488,S116,neutrophils,NA
DS488,S116,NK.cells,0.105222513511346
DS488,S116,fibroblasts,NA
DS488,S116,endothelial.cells,NA
DS488,S117,B.cells,NA
DS488,S117,CD4.T.cells,0.139744953441118
DS488,S117,CD8.T.cells,0.102661905513077
DS488,S117,monocytic.lineage,0.0812379243522626
DS488,S117,neutrophils,NA
DS488,S117,NK.cells,0.100887853200409
DS488,S117,fibroblasts,NA
DS488,S117,endothelial.cells,NA
DS488,S118,B.cells,NA
DS488,S118,CD4.T.cells,0.106932560399303
DS488,S118,CD8.T.cells,0.0608858921008206
DS488,S118,monocytic.lineage,0.0817748268063661
DS488,S118,neutrophils,NA
DS488,S118,NK.cells,0.0814676967102676
DS488,S118,fibroblasts,NA
DS488,S118,endothelial.cells,NA
DS488,S119,B.cells,NA
DS488,S119,CD4.T.cells,0.10629642555614
DS488,S119,CD8.T.cells,0.0565261383715853
DS488,S119,monocytic.lineage,0.0716981653904053
DS488,S119,neutrophils,NA
DS488,S119,NK.cells,0.0467777148112996
DS488,S119,fibroblasts,NA
DS488,S119,endothelial.cells,NA
DS488,S12,B.cells,NA
DS488,S12,CD4.T.cells,0.153050409572891
DS488,S12,CD8.T.cells,0.0445319227460089
DS488,S12,monocytic.lineage,0.105516747592125
DS488,S12,neutrophils,NA
DS488,S12,NK.cells,0.0614783487011585
DS488,S12,fibroblasts,NA
DS488,S12,endothelial.cells,NA
DS488,S120,B.cells,NA
DS488,S120,CD4.T.cells,0.0612693395666776
DS488,S120,CD8.T.cells,0.0324991226354748
DS488,S120,monocytic.lineage,0.0783725453904599
DS488,S120,neutrophils,NA
DS488,S120,NK.cells,0.0645403080419346
DS488,S120,fibroblasts,NA
DS488,S120,endothelial.cells,NA
DS488,S121,B.cells,NA
DS488,S121,CD4.T.cells,0.0724633570667273
DS488,S121,CD8.T.cells,0.0325515181033313
DS488,S121,monocytic.lineage,0.084837598185712
DS488,S121,neutrophils,NA
DS488,S121,NK.cells,0.0594319574923291
DS488,S121,fibroblasts,NA
DS488,S121,endothelial.cells,NA
DS488,S122,B.cells,NA
DS488,S122,CD4.T.cells,0.0613157471579445
DS488,S122,CD8.T.cells,0.0224696451020408
DS488,S122,monocytic.lineage,0.0596017150109563
DS488,S122,neutrophils,NA
DS488,S122,NK.cells,0.0320671078588189
DS488,S122,fibroblasts,NA
DS488,S122,endothelial.cells,NA
DS488,S123,B.cells,NA
DS488,S123,CD4.T.cells,0.110186480411615
DS488,S123,CD8.T.cells,0.0613246707946812
DS488,S123,monocytic.lineage,0.0763181549183715
DS488,S123,neutrophils,NA
DS488,S123,NK.cells,0.0580979951861584
DS488,S123,fibroblasts,NA
DS488,S123,endothelial.cells,NA
DS488,S124,B.cells,NA
DS488,S124,CD4.T.cells,0.00969800642909056
DS488,S124,CD8.T.cells,0.00512587123809725
DS488,S124,monocytic.lineage,0.0513957708684872
DS488,S124,neutrophils,NA
DS488,S124,NK.cells,0.0248727327918377
DS488,S124,fibroblasts,NA
DS488,S124,endothelial.cells,NA
DS488,S125,B.cells,NA
DS488,S125,CD4.T.cells,0.0939131568722854
DS488,S125,CD8.T.cells,0.0437886260906352
DS488,S125,monocytic.lineage,0.0966994630907246
DS488,S125,neutrophils,NA
DS488,S125,NK.cells,0.0987325180018257
DS488,S125,fibroblasts,NA
DS488,S125,endothelial.cells,NA
DS488,S126,B.cells,NA
DS488,S126,CD4.T.cells,0
DS488,S126,CD8.T.cells,0
DS488,S126,monocytic.lineage,0.0522237759491661
DS488,S126,neutrophils,NA
DS488,S126,NK.cells,0.00131365645258044
DS488,S126,fibroblasts,NA
DS488,S126,endothelial.cells,NA
DS488,S127,B.cells,NA
DS488,S127,CD4.T.cells,0.011151554376584
DS488,S127,CD8.T.cells,0.0110544106090815
DS488,S127,monocytic.lineage,0.0595824118047786
DS488,S127,neutrophils,NA
DS488,S127,NK.cells,0.0475326049686733
DS488,S127,fibroblasts,NA
DS488,S127,endothelial.cells,NA
DS488,S128,B.cells,NA
DS488,S128,CD4.T.cells,7.97103274619113e-4
DS488,S128,CD8.T.cells,0.0074803711320777
DS488,S128,monocytic.lineage,0.0231247850269308
DS488,S128,neutrophils,NA
DS488,S128,NK.cells,0.0234319761465235
DS488,S128,fibroblasts,NA
DS488,S128,endothelial.cells,NA
DS488,S129,B.cells,NA
DS488,S129,CD4.T.cells,0.145806435773091
DS488,S129,CD8.T.cells,0.0576602509987795
DS488,S129,monocytic.lineage,0.110706543026193
DS488,S129,neutrophils,NA
DS488,S129,NK.cells,0.0697347656046237
DS488,S129,fibroblasts,NA
DS488,S129,endothelial.cells,NA
DS488,S13,B.cells,NA
DS488,S13,CD4.T.cells,0.170798612015352
DS488,S13,CD8.T.cells,0.0800947132625111
DS488,S13,monocytic.lineage,0.0702911013785698
DS488,S13,neutrophils,NA
DS488,S13,NK.cells,0.10339788565634
DS488,S13,fibroblasts,NA
DS488,S13,endothelial.cells,NA
DS488,S130,B.cells,NA
DS488,S130,CD4.T.cells,0.17515714977421
DS488,S130,CD8.T.cells,0.11527475502577
DS488,S130,monocytic.lineage,0.105982405805762
DS488,S130,neutrophils,NA
DS488,S130,NK.cells,0.164900750584212
DS488,S130,fibroblasts,NA
DS488,S130,endothelial.cells,NA
DS488,S131,B.cells,NA
DS488,S131,CD4.T.cells,0
DS488,S131,CD8.T.cells,3.73138702786944e-4
DS488,S131,monocytic.lineage,0.0311094377037499
DS488,S131,neutrophils,NA
DS488,S131,NK.cells,0
DS488,S131,fibroblasts,NA
DS488,S131,endothelial.cells,NA
DS488,S132,B.cells,NA
DS488,S132,CD4.T.cells,0.114748593649602
DS488,S132,CD8.T.cells,0.0345067452204189
DS488,S132,monocytic.lineage,0.0803079422791694
DS488,S132,neutrophils,NA
DS488,S132,NK.cells,0.0270693705980463
DS488,S132,fibroblasts,NA
DS488,S132,endothelial.cells,NA
DS488,S133,B.cells,NA
DS488,S133,CD4.T.cells,0.10936599869726
DS488,S133,CD8.T.cells,0.0308303341423063
DS488,S133,monocytic.lineage,0.0740624738205471
DS488,S133,neutrophils,NA
DS488,S133,NK.cells,0.027459980730426
DS488,S133,fibroblasts,NA
DS488,S133,endothelial.cells,NA
DS488,S134,B.cells,NA
DS488,S134,CD4.T.cells,0.0880345813615757
DS488,S134,CD8.T.cells,0.067513665102918
DS488,S134,monocytic.lineage,0.0947047566255587
DS488,S134,neutrophils,NA
DS488,S134,NK.cells,0.0827674038661588
DS488,S134,fibroblasts,NA
DS488,S134,endothelial.cells,NA
DS488,S135,B.cells,NA
DS488,S135,CD4.T.cells,0.104142853070701
DS488,S135,CD8.T.cells,0.0943472215382348
DS488,S135,monocytic.lineage,0.0795414231861465
DS488,S135,neutrophils,NA
DS488,S135,NK.cells,0.110475624770139
DS488,S135,fibroblasts,NA
DS488,S135,endothelial.cells,NA
DS488,S136,B.cells,NA
DS488,S136,CD4.T.cells,0.0974349994375053
DS488,S136,CD8.T.cells,0.031777922419548
DS488,S136,monocytic.lineage,0.0857272854809455
DS488,S136,neutrophils,NA
DS488,S136,NK.cells,0.0601852120889336
DS488,S136,fibroblasts,NA
DS488,S136,endothelial.cells,NA
DS488,S137,B.cells,NA
DS488,S137,CD4.T.cells,0.0946496352774241
DS488,S137,CD8.T.cells,0.0191640986767325
DS488,S137,monocytic.lineage,0.0925776646059079
DS488,S137,neutrophils,NA
DS488,S137,NK.cells,0.0525289867317845
DS488,S137,fibroblasts,NA
DS488,S137,endothelial.cells,NA
DS488,S138,B.cells,NA
DS488,S138,CD4.T.cells,0.057755269409686
DS488,S138,CD8.T.cells,0.0590072373829379
DS488,S138,monocytic.lineage,0.100362098475044
DS488,S138,neutrophils,NA
DS488,S138,NK.cells,0.0974170208335897
DS488,S138,fibroblasts,NA
DS488,S138,endothelial.cells,NA
DS488,S139,B.cells,NA
DS488,S139,CD4.T.cells,0.0945235650826843
DS488,S139,CD8.T.cells,0.105330668293761
DS488,S139,monocytic.lineage,0.100207414175138
DS488,S139,neutrophils,NA
DS488,S139,NK.cells,0.14364452845373
DS488,S139,fibroblasts,NA
DS488,S139,endothelial.cells,NA
DS488,S14,B.cells,NA
DS488,S14,CD4.T.cells,0.121559859255264
DS488,S14,CD8.T.cells,0.0646570239982166
DS488,S14,monocytic.lineage,0.0842233594047715
DS488,S14,neutrophils,NA
DS488,S14,NK.cells,0.0984404634473054
DS488,S14,fibroblasts,NA
DS488,S14,endothelial.cells,NA
DS488,S140,B.cells,NA
DS488,S140,CD4.T.cells,0.00900216941938458
DS488,S140,CD8.T.cells,0
DS488,S140,monocytic.lineage,0.0322636751017226
DS488,S140,neutrophils,NA
DS488,S140,NK.cells,0.0031601401899637
DS488,S140,fibroblasts,NA
DS488,S140,endothelial.cells,NA
DS488,S141,B.cells,NA
DS488,S141,CD4.T.cells,0.0715167405879786
DS488,S141,CD8.T.cells,0.0771200061759734
DS488,S141,monocytic.lineage,0.0837443411964728
DS488,S141,neutrophils,NA
DS488,S141,NK.cells,0.130325623425968
DS488,S141,fibroblasts,NA
DS488,S141,endothelial.cells,NA
DS488,S142,B.cells,NA
DS488,S142,CD4.T.cells,0.0901402278372689
DS488,S142,CD8.T.cells,0.0256120022776154
DS488,S142,monocytic.lineage,0.0805783523913491
DS488,S142,neutrophils,NA
DS488,S142,NK.cells,0.0584590885780534
DS488,S142,fibroblasts,NA
DS488,S142,endothelial.cells,NA
DS488,S143,B.cells,NA
DS488,S143,CD4.T.cells,0.0847293993056791
DS488,S143,CD8.T.cells,0.034132348781698
DS488,S143,monocytic.lineage,0.114603847448491
DS488,S143,neutrophils,NA
DS488,S143,NK.cells,0.0800124442017038
DS488,S143,fibroblasts,NA
DS488,S143,endothelial.cells,NA
DS488,S144,B.cells,NA
DS488,S144,CD4.T.cells,0.0580662583475973
DS488,S144,CD8.T.cells,0.0244640219803693
DS488,S144,monocytic.lineage,0.0635747339361084
DS488,S144,neutrophils,NA
DS488,S144,NK.cells,0.0392166344904524
DS488,S144,fibroblasts,NA
DS488,S144,endothelial.cells,NA
DS488,S145,B.cells,NA
DS488,S145,CD4.T.cells,0.00590057920770362
DS488,S145,CD8.T.cells,0.00877685148744597
DS488,S145,monocytic.lineage,0.0276715115811989
DS488,S145,neutrophils,NA
DS488,S145,NK.cells,0.0143060090681724
DS488,S145,fibroblasts,NA
DS488,S145,endothelial.cells,NA
DS488,S146,B.cells,NA
DS488,S146,CD4.T.cells,0.222429407963472
DS488,S146,CD8.T.cells,0.0990742784450464
DS488,S146,monocytic.lineage,0.113479885472794
DS488,S146,neutrophils,NA
DS488,S146,NK.cells,0.117501018850856
DS488,S146,fibroblasts,NA
DS488,S146,endothelial.cells,NA
DS488,S147,B.cells,NA
DS488,S147,CD4.T.cells,0.127257944712263
DS488,S147,CD8.T.cells,0.046373562673498
DS488,S147,monocytic.lineage,0.0806269169421536
DS488,S147,neutrophils,NA
DS488,S147,NK.cells,0.0648036456490889
DS488,S147,fibroblasts,NA
DS488,S147,endothelial.cells,NA
DS488,S148,B.cells,NA
DS488,S148,CD4.T.cells,0.142133243641882
DS488,S148,CD8.T.cells,0.0678841943876187
DS488,S148,monocytic.lineage,0.089035918888556
DS488,S148,neutrophils,NA
DS488,S148,NK.cells,0.0991132323649034
DS488,S148,fibroblasts,NA
DS488,S148,endothelial.cells,NA
DS488,S149,B.cells,NA
DS488,S149,CD4.T.cells,0.0278887924618868
DS488,S149,CD8.T.cells,0.0295315594648458
DS488,S149,monocytic.lineage,0.0227790512174996
DS488,S149,neutrophils,NA
DS488,S149,NK.cells,0.03054058106864
DS488,S149,fibroblasts,NA
DS488,S149,endothelial.cells,NA
DS488,S15,B.cells,NA
DS488,S15,CD4.T.cells,0.0193505029642408
DS488,S15,CD8.T.cells,0.00828306912677521
DS488,S15,monocytic.lineage,0.0545941145496357
DS488,S15,neutrophils,NA
DS488,S15,NK.cells,0.0159191045659876
DS488,S15,fibroblasts,NA
DS488,S15,endothelial.cells,NA
DS488,S150,B.cells,NA
DS488,S150,CD4.T.cells,0.0906526096031181
DS488,S150,CD8.T.cells,0.0491014168117126
DS488,S150,monocytic.lineage,0.0752445177813156
DS488,S150,neutrophils,NA
DS488,S150,NK.cells,0.0509342840883149
DS488,S150,fibroblasts,NA
DS488,S150,endothelial.cells,NA
DS488,S151,B.cells,NA
DS488,S151,CD4.T.cells,0.11941482852293
DS488,S151,CD8.T.cells,0.0538877721781258
DS488,S151,monocytic.lineage,0.108421180527824
DS488,S151,neutrophils,NA
DS488,S151,NK.cells,0.064586052925357
DS488,S151,fibroblasts,NA
DS488,S151,endothelial.cells,NA
DS488,S152,B.cells,NA
DS488,S152,CD4.T.cells,0.120942184093329
DS488,S152,CD8.T.cells,0.0348283173539274
DS488,S152,monocytic.lineage,0.0739686869004955
DS488,S152,neutrophils,NA
DS488,S152,NK.cells,0.0505374254971061
DS488,S152,fibroblasts,NA
DS488,S152,endothelial.cells,NA
DS488,S153,B.cells,NA
DS488,S153,CD4.T.cells,0.0996737399424204
DS488,S153,CD8.T.cells,0.0423105119067203
DS488,S153,monocytic.lineage,0.088607528003011
DS488,S153,neutrophils,NA
DS488,S153,NK.cells,0.0769436416800841
DS488,S153,fibroblasts,NA
DS488,S153,endothelial.cells,NA
DS488,S154,B.cells,NA
DS488,S154,CD4.T.cells,0.0733345296019754
DS488,S154,CD8.T.cells,0.0691551929263377
DS488,S154,monocytic.lineage,0.0897325911303158
DS488,S154,neutrophils,NA
DS488,S154,NK.cells,0.140345393322256
DS488,S154,fibroblasts,NA
DS488,S154,endothelial.cells,NA
DS488,S155,B.cells,NA
DS488,S155,CD4.T.cells,0.107404973481944
DS488,S155,CD8.T.cells,0.0684064594910238
DS488,S155,monocytic.lineage,0.0799335521022951
DS488,S155,neutrophils,NA
DS488,S155,NK.cells,0.0867753121977784
DS488,S155,fibroblasts,NA
DS488,S155,endothelial.cells,NA
DS488,S156,B.cells,NA
DS488,S156,CD4.T.cells,0.0569833358578666
DS488,S156,CD8.T.cells,0.0530621962026779
DS488,S156,monocytic.lineage,0.0806179453843669
DS488,S156,neutrophils,NA
DS488,S156,NK.cells,0.0823613824834738
DS488,S156,fibroblasts,NA
DS488,S156,endothelial.cells,NA
DS488,S157,B.cells,NA
DS488,S157,CD4.T.cells,0.0437357852384827
DS488,S157,CD8.T.cells,0.0114229733933232
DS488,S157,monocytic.lineage,0.0956455158159864
DS488,S157,neutrophils,NA
DS488,S157,NK.cells,0.0249060982295379
DS488,S157,fibroblasts,NA
DS488,S157,endothelial.cells,NA
DS488,S158,B.cells,NA
DS488,S158,CD4.T.cells,0.0716808716090816
DS488,S158,CD8.T.cells,0.0317990622494238
DS488,S158,monocytic.lineage,0.121447421325756
DS488,S158,neutrophils,NA
DS488,S158,NK.cells,0.0565586898747566
DS488,S158,fibroblasts,NA
DS488,S158,endothelial.cells,NA
DS488,S159,B.cells,NA
DS488,S159,CD4.T.cells,0.0746485862061499
DS488,S159,CD8.T.cells,0.026755077206289
DS488,S159,monocytic.lineage,0.05896991732035
DS488,S159,neutrophils,NA
DS488,S159,NK.cells,0.0407610426523749
DS488,S159,fibroblasts,NA
DS488,S159,endothelial.cells,NA
DS488,S16,B.cells,NA
DS488,S16,CD4.T.cells,0.0638378289924044
DS488,S16,CD8.T.cells,0.0182706403334267
DS488,S16,monocytic.lineage,0.0788848077770943
DS488,S16,neutrophils,NA
DS488,S16,NK.cells,0.0362103052556087
DS488,S16,fibroblasts,NA
DS488,S16,endothelial.cells,NA
DS488,S160,B.cells,NA
DS488,S160,CD4.T.cells,0.105321585052032
DS488,S160,CD8.T.cells,0.041849771327556
DS488,S160,monocytic.lineage,0.0776917573109698
DS488,S160,neutrophils,NA
DS488,S160,NK.cells,0.0755471916363168
DS488,S160,fibroblasts,NA
DS488,S160,endothelial.cells,NA
DS488,S161,B.cells,NA
DS488,S161,CD4.T.cells,0.0619717184612551
DS488,S161,CD8.T.cells,0.0327960382441048
DS488,S161,monocytic.lineage,0.0686196958343071
DS488,S161,neutrophils,NA
DS488,S161,NK.cells,0.0451234137883918
DS488,S161,fibroblasts,NA
DS488,S161,endothelial.cells,NA
DS488,S162,B.cells,NA
DS488,S162,CD4.T.cells,0.0792756262559064
DS488,S162,CD8.T.cells,0.0808817832894784
DS488,S162,monocytic.lineage,0.0566017545576506
DS488,S162,neutrophils,NA
DS488,S162,NK.cells,0.111306946915229
DS488,S162,fibroblasts,NA
DS488,S162,endothelial.cells,NA
DS488,S163,B.cells,NA
DS488,S163,CD4.T.cells,0.0324441844313249
DS488,S163,CD8.T.cells,0.00891721809715163
DS488,S163,monocytic.lineage,0.0776206645276505
DS488,S163,neutrophils,NA
DS488,S163,NK.cells,0.0194117460215827
DS488,S163,fibroblasts,NA
DS488,S163,endothelial.cells,NA
DS488,S164,B.cells,NA
DS488,S164,CD4.T.cells,0.104525014144155
DS488,S164,CD8.T.cells,0.0340974003802726
DS488,S164,monocytic.lineage,0.0827414842300705
DS488,S164,neutrophils,NA
DS488,S164,NK.cells,0.0434686896520973
DS488,S164,fibroblasts,NA
DS488,S164,endothelial.cells,NA
DS488,S165,B.cells,NA
DS488,S165,CD4.T.cells,0.101509434077478
DS488,S165,CD8.T.cells,0.0248404281151901
DS488,S165,monocytic.lineage,0.0648640959160372
DS488,S165,neutrophils,NA
DS488,S165,NK.cells,0.0489404649420521
DS488,S165,fibroblasts,NA
DS488,S165,endothelial.cells,NA
DS488,S166,B.cells,NA
DS488,S166,CD4.T.cells,0.0286919422791527
DS488,S166,CD8.T.cells,0.0162113076813524
DS488,S166,monocytic.lineage,0.0508155144996531
DS488,S166,neutrophils,NA
DS488,S166,NK.cells,0.0356343214656492
DS488,S166,fibroblasts,NA
DS488,S166,endothelial.cells,NA
DS488,S167,B.cells,NA
DS488,S167,CD4.T.cells,0.133856255179111
DS488,S167,CD8.T.cells,0.0531322410929447
DS488,S167,monocytic.lineage,0.101928461503987
DS488,S167,neutrophils,NA
DS488,S167,NK.cells,0.0673478444100493
DS488,S167,fibroblasts,NA
DS488,S167,endothelial.cells,NA
DS488,S168,B.cells,NA
DS488,S168,CD4.T.cells,0.0921273859521226
DS488,S168,CD8.T.cells,0.0317341638159284
DS488,S168,monocytic.lineage,0.0827149866736148
DS488,S168,neutrophils,NA
DS488,S168,NK.cells,0.061501792297038
DS488,S168,fibroblasts,NA
DS488,S168,endothelial.cells,NA
DS488,S169,B.cells,NA
DS488,S169,CD4.T.cells,0.0870932579290774
DS488,S169,CD8.T.cells,0.0465755003885867
DS488,S169,monocytic.lineage,0.0841363755659394
DS488,S169,neutrophils,NA
DS488,S169,NK.cells,0.0724188730769314
DS488,S169,fibroblasts,NA
DS488,S169,endothelial.cells,NA
DS488,S17,B.cells,NA
DS488,S17,CD4.T.cells,0
DS488,S17,CD8.T.cells,0
DS488,S17,monocytic.lineage,0.0258336484530571
DS488,S17,neutrophils,NA
DS488,S17,NK.cells,0.0086399965941994
DS488,S17,fibroblasts,NA
DS488,S17,endothelial.cells,NA
DS488,S170,B.cells,NA
DS488,S170,CD4.T.cells,0.0307346720461479
DS488,S170,CD8.T.cells,0.0206825357307093
DS488,S170,monocytic.lineage,0.0404542742118855
DS488,S170,neutrophils,NA
DS488,S170,NK.cells,0.0447609561512633
DS488,S170,fibroblasts,NA
DS488,S170,endothelial.cells,NA
DS488,S171,B.cells,NA
DS488,S171,CD4.T.cells,0.106479122078821
DS488,S171,CD8.T.cells,0.0258132576946484
DS488,S171,monocytic.lineage,0.0673544664522898
DS488,S171,neutrophils,NA
DS488,S171,NK.cells,0.0488090382311804
DS488,S171,fibroblasts,NA
DS488,S171,endothelial.cells,NA
DS488,S172,B.cells,NA
DS488,S172,CD4.T.cells,6.70289767244651e-4
DS488,S172,CD8.T.cells,0.0218155396070144
DS488,S172,monocytic.lineage,0.0179877970031035
DS488,S172,neutrophils,NA
DS488,S172,NK.cells,0.0230089355061191
DS488,S172,fibroblasts,NA
DS488,S172,endothelial.cells,NA
DS488,S18,B.cells,NA
DS488,S18,CD4.T.cells,0.102185172093885
DS488,S18,CD8.T.cells,0.0676362278818818
DS488,S18,monocytic.lineage,0.0780707295043555
DS488,S18,neutrophils,NA
DS488,S18,NK.cells,0.104777554855349
DS488,S18,fibroblasts,NA
DS488,S18,endothelial.cells,NA
DS488,S19,B.cells,NA
DS488,S19,CD4.T.cells,0.0622480395342702
DS488,S19,CD8.T.cells,0.0254641171819634
DS488,S19,monocytic.lineage,0.0882510664492751
DS488,S19,neutrophils,NA
DS488,S19,NK.cells,0.0550300297159397
DS488,S19,fibroblasts,NA
DS488,S19,endothelial.cells,NA
DS488,S2,B.cells,NA
DS488,S2,CD4.T.cells,0.0851018064456844
DS488,S2,CD8.T.cells,0.0197442032925996
DS488,S2,monocytic.lineage,0.0662312225855411
DS488,S2,neutrophils,NA
DS488,S2,NK.cells,0.0181503905183444
DS488,S2,fibroblasts,NA
DS488,S2,endothelial.cells,NA
DS488,S20,B.cells,NA
DS488,S20,CD4.T.cells,0.0130574717314614
DS488,S20,CD8.T.cells,0.0208419841992584
DS488,S20,monocytic.lineage,0.0542587413426059
DS488,S20,neutrophils,NA
DS488,S20,NK.cells,0.0505761703962006
DS488,S20,fibroblasts,NA
DS488,S20,endothelial.cells,NA
DS488,S21,B.cells,NA
DS488,S21,CD4.T.cells,0.131123607648051
DS488,S21,CD8.T.cells,0.0621274079990051
DS488,S21,monocytic.lineage,0.0850848994189292
DS488,S21,neutrophils,NA
DS488,S21,NK.cells,0.0844495957731956
DS488,S21,fibroblasts,NA
DS488,S21,endothelial.cells,NA
DS488,S22,B.cells,NA
DS488,S22,CD4.T.cells,0.0174635821781735
DS488,S22,CD8.T.cells,0
DS488,S22,monocytic.lineage,0.0791715034767299
DS488,S22,neutrophils,NA
DS488,S22,NK.cells,0.0167160600578172
DS488,S22,fibroblasts,NA
DS488,S22,endothelial.cells,NA
DS488,S23,B.cells,NA
DS488,S23,CD4.T.cells,0.0335005559360578
DS488,S23,CD8.T.cells,0
DS488,S23,monocytic.lineage,0.0689802882458756
DS488,S23,neutrophils,NA
DS488,S23,NK.cells,0.0257156680995936
DS488,S23,fibroblasts,NA
DS488,S23,endothelial.cells,NA
DS488,S24,B.cells,NA
DS488,S24,CD4.T.cells,0.144743136851037
DS488,S24,CD8.T.cells,0.0484545196454265
DS488,S24,monocytic.lineage,0.106853912320094
DS488,S24,neutrophils,NA
DS488,S24,NK.cells,0.0659710648934104
DS488,S24,fibroblasts,NA
DS488,S24,endothelial.cells,NA
DS488,S25,B.cells,NA
DS488,S25,CD4.T.cells,0.0527269342759549
DS488,S25,CD8.T.cells,0.0277588084522416
DS488,S25,monocytic.lineage,0.105772772612232
DS488,S25,neutrophils,NA
DS488,S25,NK.cells,0.0440030868824307
DS488,S25,fibroblasts,NA
DS488,S25,endothelial.cells,NA
DS488,S26,B.cells,NA
DS488,S26,CD4.T.cells,0.0836709389879448
DS488,S26,CD8.T.cells,0.0520873314273471
DS488,S26,monocytic.lineage,0.0877655161578324
DS488,S26,neutrophils,NA
DS488,S26,NK.cells,0.0614869465602275
DS488,S26,fibroblasts,NA
DS488,S26,endothelial.cells,NA
DS488,S27,B.cells,NA
DS488,S27,CD4.T.cells,0.00571413447489037
DS488,S27,CD8.T.cells,0
DS488,S27,monocytic.lineage,0.0522564883227206
DS488,S27,neutrophils,NA
DS488,S27,NK.cells,0.0166034474669774
DS488,S27,fibroblasts,NA
DS488,S27,endothelial.cells,NA
DS488,S28,B.cells,NA
DS488,S28,CD4.T.cells,0.112475012101388
DS488,S28,CD8.T.cells,0.0490999429216375
DS488,S28,monocytic.lineage,0.0757456555292309
DS488,S28,neutrophils,NA
DS488,S28,NK.cells,0.0607582784916025
DS488,S28,fibroblasts,NA
DS488,S28,endothelial.cells,NA
DS488,S29,B.cells,NA
DS488,S29,CD4.T.cells,0.12831547890811
DS488,S29,CD8.T.cells,0.0499605542573618
DS488,S29,monocytic.lineage,0.109060163985484
DS488,S29,neutrophils,NA
DS488,S29,NK.cells,0.0723190169716392
DS488,S29,fibroblasts,NA
DS488,S29,endothelial.cells,NA
DS488,S3,B.cells,NA
DS488,S3,CD4.T.cells,0.00223307131339451
DS488,S3,CD8.T.cells,0
DS488,S3,monocytic.lineage,0.0250453618333068
DS488,S3,neutrophils,NA
DS488,S3,NK.cells,0
DS488,S3,fibroblasts,NA
DS488,S3,endothelial.cells,NA
DS488,S30,B.cells,NA
DS488,S30,CD4.T.cells,0.143545958426269
DS488,S30,CD8.T.cells,0.0710123225547752
DS488,S30,monocytic.lineage,0.113993760859009
DS488,S30,neutrophils,NA
DS488,S30,NK.cells,0.0941051151221513
DS488,S30,fibroblasts,NA
DS488,S30,endothelial.cells,NA
DS488,S31,B.cells,NA
DS488,S31,CD4.T.cells,0
DS488,S31,CD8.T.cells,0.00731790913948956
DS488,S31,monocytic.lineage,0.0393209870540246
DS488,S31,neutrophils,NA
DS488,S31,NK.cells,0.0189762375464628
DS488,S31,fibroblasts,NA
DS488,S31,endothelial.cells,NA
DS488,S32,B.cells,NA
DS488,S32,CD4.T.cells,0.0872842542889949
DS488,S32,CD8.T.cells,0.0509705129893964
DS488,S32,monocytic.lineage,0.0716242055829554
DS488,S32,neutrophils,NA
DS488,S32,NK.cells,0.066744299011224
DS488,S32,fibroblasts,NA
DS488,S32,endothelial.cells,NA
DS488,S33,B.cells,NA
DS488,S33,CD4.T.cells,0.144020584918708
DS488,S33,CD8.T.cells,0.0935181920004394
DS488,S33,monocytic.lineage,0.0883981127328093
DS488,S33,neutrophils,NA
DS488,S33,NK.cells,0.0991123705963148
DS488,S33,fibroblasts,NA
DS488,S33,endothelial.cells,NA
DS488,S34,B.cells,NA
DS488,S34,CD4.T.cells,0.118933429028907
DS488,S34,CD8.T.cells,0.106251631328359
DS488,S34,monocytic.lineage,0.0884498728698031
DS488,S34,neutrophils,NA
DS488,S34,NK.cells,0.121938012355964
DS488,S34,fibroblasts,NA
DS488,S34,endothelial.cells,NA
DS488,S35,B.cells,NA
DS488,S35,CD4.T.cells,0.0820652693190696
DS488,S35,CD8.T.cells,0.130470889713506
DS488,S35,monocytic.lineage,0.0627182910134928
DS488,S35,neutrophils,NA
DS488,S35,NK.cells,0.138324675271404
DS488,S35,fibroblasts,NA
DS488,S35,endothelial.cells,NA
DS488,S36,B.cells,NA
DS488,S36,CD4.T.cells,0.0403457934495609
DS488,S36,CD8.T.cells,0.0239794810687679
DS488,S36,monocytic.lineage,0.113449701845695
DS488,S36,neutrophils,NA
DS488,S36,NK.cells,0.0557028789150499
DS488,S36,fibroblasts,NA
DS488,S36,endothelial.cells,NA
DS488,S37,B.cells,NA
DS488,S37,CD4.T.cells,0.106762947932662
DS488,S37,CD8.T.cells,0.0944432773430096
DS488,S37,monocytic.lineage,0.119256432423328
DS488,S37,neutrophils,NA
DS488,S37,NK.cells,0.0986790961588601
DS488,S37,fibroblasts,NA
DS488,S37,endothelial.cells,NA
DS488,S38,B.cells,NA
DS488,S38,CD4.T.cells,0.0715774845315271
DS488,S38,CD8.T.cells,0.0860117835451373
DS488,S38,monocytic.lineage,0.0747862225727978
DS488,S38,neutrophils,NA
DS488,S38,NK.cells,0.0730413304122247
DS488,S38,fibroblasts,NA
DS488,S38,endothelial.cells,NA
DS488,S39,B.cells,NA
DS488,S39,CD4.T.cells,0.0175729675145559
DS488,S39,CD8.T.cells,0.00738233045623461
DS488,S39,monocytic.lineage,0.025869085472558902
DS488,S39,neutrophils,NA
DS488,S39,NK.cells,0.00716886850588031
DS488,S39,fibroblasts,NA
DS488,S39,endothelial.cells,NA
DS488,S4,B.cells,NA
DS488,S4,CD4.T.cells,0.0622626903742002
DS488,S4,CD8.T.cells,0.016702927760313
DS488,S4,monocytic.lineage,0.0778704014137151
DS488,S4,neutrophils,NA
DS488,S4,NK.cells,0.0339536646426706
DS488,S4,fibroblasts,NA
DS488,S4,endothelial.cells,NA
DS488,S40,B.cells,NA
DS488,S40,CD4.T.cells,0.131010129335406
DS488,S40,CD8.T.cells,0.0753412934731032
DS488,S40,monocytic.lineage,0.113847050788584
DS488,S40,neutrophils,NA
DS488,S40,NK.cells,0.103497150225259
DS488,S40,fibroblasts,NA
DS488,S40,endothelial.cells,NA
DS488,S41,B.cells,NA
DS488,S41,CD4.T.cells,0.123754021809526
DS488,S41,CD8.T.cells,0.0641190471933873
DS488,S41,monocytic.lineage,0.0832327096444419
DS488,S41,neutrophils,NA
DS488,S41,NK.cells,0.0787215785761509
DS488,S41,fibroblasts,NA
DS488,S41,endothelial.cells,NA
DS488,S42,B.cells,NA
DS488,S42,CD4.T.cells,0.083038788611656
DS488,S42,CD8.T.cells,0.0425775399721753
DS488,S42,monocytic.lineage,0.0519037581140787
DS488,S42,neutrophils,NA
DS488,S42,NK.cells,0.0295303023478381
DS488,S42,fibroblasts,NA
DS488,S42,endothelial.cells,NA
DS488,S43,B.cells,NA
DS488,S43,CD4.T.cells,0.0805686808282767
DS488,S43,CD8.T.cells,0.0313882781961337
DS488,S43,monocytic.lineage,0.0789440662337686
DS488,S43,neutrophils,NA
DS488,S43,NK.cells,0.0292176565629943
DS488,S43,fibroblasts,NA
DS488,S43,endothelial.cells,NA
DS488,S44,B.cells,NA
DS488,S44,CD4.T.cells,0.0295991382210049
DS488,S44,CD8.T.cells,0.0208827068707589
DS488,S44,monocytic.lineage,0.0756196248209495
DS488,S44,neutrophils,NA
DS488,S44,NK.cells,0.0473329171545031
DS488,S44,fibroblasts,NA
DS488,S44,endothelial.cells,NA
DS488,S45,B.cells,NA
DS488,S45,CD4.T.cells,0.0606850064224692
DS488,S45,CD8.T.cells,0.065049537534079993
DS488,S45,monocytic.lineage,0.0833796723132246
DS488,S45,neutrophils,NA
DS488,S45,NK.cells,0.0984843470924539
DS488,S45,fibroblasts,NA
DS488,S45,endothelial.cells,NA
DS488,S46,B.cells,NA
DS488,S46,CD4.T.cells,0.130145319171785
DS488,S46,CD8.T.cells,0.0535270109773377
DS488,S46,monocytic.lineage,0.0885495193648876
DS488,S46,neutrophils,NA
DS488,S46,NK.cells,0.0841454144387322
DS488,S46,fibroblasts,NA
DS488,S46,endothelial.cells,NA
DS488,S47,B.cells,NA
DS488,S47,CD4.T.cells,0.104743941810933
DS488,S47,CD8.T.cells,0.0171094784804943
DS488,S47,monocytic.lineage,0.088172254966892
DS488,S47,neutrophils,NA
DS488,S47,NK.cells,0.0304240443112415
DS488,S47,fibroblasts,NA
DS488,S47,endothelial.cells,NA
DS488,S48,B.cells,NA
DS488,S48,CD4.T.cells,0.158050505164284
DS488,S48,CD8.T.cells,0.0562008198332001
DS488,S48,monocytic.lineage,0.103786003039703
DS488,S48,neutrophils,NA
DS488,S48,NK.cells,0.0738701562264472
DS488,S48,fibroblasts,NA
DS488,S48,endothelial.cells,NA
DS488,S49,B.cells,NA
DS488,S49,CD4.T.cells,0.0502908959239085
DS488,S49,CD8.T.cells,0.0421896593818629
DS488,S49,monocytic.lineage,0.070653347735352
DS488,S49,neutrophils,NA
DS488,S49,NK.cells,0.0474893173413293
DS488,S49,fibroblasts,NA
DS488,S49,endothelial.cells,NA
DS488,S5,B.cells,NA
DS488,S5,CD4.T.cells,0.0160624513240024
DS488,S5,CD8.T.cells,0.0128104026108945
DS488,S5,monocytic.lineage,0.0395965325527108
DS488,S5,neutrophils,NA
DS488,S5,NK.cells,0.03102206206496
DS488,S5,fibroblasts,NA
DS488,S5,endothelial.cells,NA
DS488,S50,B.cells,NA
DS488,S50,CD4.T.cells,0.0828693356591918
DS488,S50,CD8.T.cells,0.0651907502990798
DS488,S50,monocytic.lineage,0.0711008130992467
DS488,S50,neutrophils,NA
DS488,S50,NK.cells,0.0703173538591672
DS488,S50,fibroblasts,NA
DS488,S50,endothelial.cells,NA
DS488,S51,B.cells,NA
DS488,S51,CD4.T.cells,0.016690042834063
DS488,S51,CD8.T.cells,0.0297648916409888
DS488,S51,monocytic.lineage,0.0400336979140351
DS488,S51,neutrophils,NA
DS488,S51,NK.cells,0.0408544795298642
DS488,S51,fibroblasts,NA
DS488,S51,endothelial.cells,NA
DS488,S52,B.cells,NA
DS488,S52,CD4.T.cells,0.0547375121953915
DS488,S52,CD8.T.cells,0.0356984626798325
DS488,S52,monocytic.lineage,0.0640879911546868
DS488,S52,neutrophils,NA
DS488,S52,NK.cells,0.0593952048573888
DS488,S52,fibroblasts,NA
DS488,S52,endothelial.cells,NA
DS488,S53,B.cells,NA
DS488,S53,CD4.T.cells,0.00309719373065778
DS488,S53,CD8.T.cells,0.00231708259506762
DS488,S53,monocytic.lineage,0.0528866662762101
DS488,S53,neutrophils,NA
DS488,S53,NK.cells,0.00734883641278968
DS488,S53,fibroblasts,NA
DS488,S53,endothelial.cells,NA
DS488,S54,B.cells,NA
DS488,S54,CD4.T.cells,0.0845694661926555
DS488,S54,CD8.T.cells,0.0487901487339082
DS488,S54,monocytic.lineage,0.0862321242118341
DS488,S54,neutrophils,NA
DS488,S54,NK.cells,0.0835303322525193
DS488,S54,fibroblasts,NA
DS488,S54,endothelial.cells,NA
DS488,S55,B.cells,NA
DS488,S55,CD4.T.cells,0.1217801127306
DS488,S55,CD8.T.cells,0.100465366253679
DS488,S55,monocytic.lineage,0.086363587190662
DS488,S55,neutrophils,NA
DS488,S55,NK.cells,0.0932256672788789
DS488,S55,fibroblasts,NA
DS488,S55,endothelial.cells,NA
DS488,S56,B.cells,NA
DS488,S56,CD4.T.cells,0.0708944556884844
DS488,S56,CD8.T.cells,0.0563051611667418
DS488,S56,monocytic.lineage,0.0658736734784965
DS488,S56,neutrophils,NA
DS488,S56,NK.cells,0.0756154593392576
DS488,S56,fibroblasts,NA
DS488,S56,endothelial.cells,NA
DS488,S57,B.cells,NA
DS488,S57,CD4.T.cells,0.13693630120896
DS488,S57,CD8.T.cells,0.0620070780446376
DS488,S57,monocytic.lineage,0.0685585333607994
DS488,S57,neutrophils,NA
DS488,S57,NK.cells,0.080798257147965
DS488,S57,fibroblasts,NA
DS488,S57,endothelial.cells,NA
DS488,S58,B.cells,NA
DS488,S58,CD4.T.cells,0.07801924432218
DS488,S58,CD8.T.cells,0.063983215744105107
DS488,S58,monocytic.lineage,0.0577839756186021
DS488,S58,neutrophils,NA
DS488,S58,NK.cells,0.09514031709883
DS488,S58,fibroblasts,NA
DS488,S58,endothelial.cells,NA
DS488,S59,B.cells,NA
DS488,S59,CD4.T.cells,0.109985816471462
DS488,S59,CD8.T.cells,0.0918380469983086
DS488,S59,monocytic.lineage,0.11040122622673
DS488,S59,neutrophils,NA
DS488,S59,NK.cells,0.114731446790392
DS488,S59,fibroblasts,NA
DS488,S59,endothelial.cells,NA
DS488,S6,B.cells,NA
DS488,S6,CD4.T.cells,0.00941428485897787
DS488,S6,CD8.T.cells,0.0135241336835164
DS488,S6,monocytic.lineage,0.0126642926688437
DS488,S6,neutrophils,NA
DS488,S6,NK.cells,0.0120667501317329
DS488,S6,fibroblasts,NA
DS488,S6,endothelial.cells,NA
DS488,S60,B.cells,NA
DS488,S60,CD4.T.cells,0.0673499052479436
DS488,S60,CD8.T.cells,0.0683400574373145
DS488,S60,monocytic.lineage,0.0511804467637119
DS488,S60,neutrophils,NA
DS488,S60,NK.cells,0.134316707119125
DS488,S60,fibroblasts,NA
DS488,S60,endothelial.cells,NA
DS488,S61,B.cells,NA
DS488,S61,CD4.T.cells,0.110763917607928
DS488,S61,CD8.T.cells,0.0343245848143272
DS488,S61,monocytic.lineage,0.0965046103946381
DS488,S61,neutrophils,NA
DS488,S61,NK.cells,0.0442052000578836
DS488,S61,fibroblasts,NA
DS488,S61,endothelial.cells,NA
DS488,S62,B.cells,NA
DS488,S62,CD4.T.cells,0.0876986628516037
DS488,S62,CD8.T.cells,0.0725029994188895
DS488,S62,monocytic.lineage,0.0733304731181907
DS488,S62,neutrophils,NA
DS488,S62,NK.cells,0.0813722454196591
DS488,S62,fibroblasts,NA
DS488,S62,endothelial.cells,NA
DS488,S63,B.cells,NA
DS488,S63,CD4.T.cells,0
DS488,S63,CD8.T.cells,0
DS488,S63,monocytic.lineage,0.0319481070509931
DS488,S63,neutrophils,NA
DS488,S63,NK.cells,0.0380759178506048
DS488,S63,fibroblasts,NA
DS488,S63,endothelial.cells,NA
DS488,S64,B.cells,NA
DS488,S64,CD4.T.cells,0.0762172229662175
DS488,S64,CD8.T.cells,0.0124961513736404
DS488,S64,monocytic.lineage,0.0829067844892859
DS488,S64,neutrophils,NA
DS488,S64,NK.cells,0.0531286204157424
DS488,S64,fibroblasts,NA
DS488,S64,endothelial.cells,NA
DS488,S65,B.cells,NA
DS488,S65,CD4.T.cells,0.0767673916612777
DS488,S65,CD8.T.cells,0.0392004659234636
DS488,S65,monocytic.lineage,0.0656970012489871
DS488,S65,neutrophils,NA
DS488,S65,NK.cells,0.0613598208180571
DS488,S65,fibroblasts,NA
DS488,S65,endothelial.cells,NA
DS488,S66,B.cells,NA
DS488,S66,CD4.T.cells,0.0402364770186033
DS488,S66,CD8.T.cells,0.0103083708334366
DS488,S66,monocytic.lineage,0.097684328260402
DS488,S66,neutrophils,NA
DS488,S66,NK.cells,0.050596396509432
DS488,S66,fibroblasts,NA
DS488,S66,endothelial.cells,NA
DS488,S67,B.cells,NA
DS488,S67,CD4.T.cells,0.123273270498865
DS488,S67,CD8.T.cells,0.0693499561254435
DS488,S67,monocytic.lineage,0.0851729038303839
DS488,S67,neutrophils,NA
DS488,S67,NK.cells,0.107336483038729
DS488,S67,fibroblasts,NA
DS488,S67,endothelial.cells,NA
DS488,S68,B.cells,NA
DS488,S68,CD4.T.cells,0.0820902632922939
DS488,S68,CD8.T.cells,0.0354739460906397
DS488,S68,monocytic.lineage,0.056359435899177
DS488,S68,neutrophils,NA
DS488,S68,NK.cells,0.0152250760237251
DS488,S68,fibroblasts,NA
DS488,S68,endothelial.cells,NA
DS488,S69,B.cells,NA
DS488,S69,CD4.T.cells,0.11776098690155
DS488,S69,CD8.T.cells,0.119560548236576
DS488,S69,monocytic.lineage,0.0761282353847013
DS488,S69,neutrophils,NA
DS488,S69,NK.cells,0.120927855216909
DS488,S69,fibroblasts,NA
DS488,S69,endothelial.cells,NA
DS488,S7,B.cells,NA
DS488,S7,CD4.T.cells,0.0788665834767176
DS488,S7,CD8.T.cells,0.0750284248627681
DS488,S7,monocytic.lineage,0.0692640998270752
DS488,S7,neutrophils,NA
DS488,S7,NK.cells,0.0785068982949067
DS488,S7,fibroblasts,NA
DS488,S7,endothelial.cells,NA
DS488,S70,B.cells,NA
DS488,S70,CD4.T.cells,0.0102235668735192
DS488,S70,CD8.T.cells,0.0270878170949307
DS488,S70,monocytic.lineage,0.0433407007142632
DS488,S70,neutrophils,NA
DS488,S70,NK.cells,0.0377658147002808
DS488,S70,fibroblasts,NA
DS488,S70,endothelial.cells,NA
DS488,S71,B.cells,NA
DS488,S71,CD4.T.cells,0.118223569365587
DS488,S71,CD8.T.cells,0.0994403440848644
DS488,S71,monocytic.lineage,0.0859289840468166
DS488,S71,neutrophils,NA
DS488,S71,NK.cells,0.127410715014437
DS488,S71,fibroblasts,NA
DS488,S71,endothelial.cells,NA
DS488,S72,B.cells,NA
DS488,S72,CD4.T.cells,0.103054399591311
DS488,S72,CD8.T.cells,0.0370118284480923
DS488,S72,monocytic.lineage,0.0963844928070798
DS488,S72,neutrophils,NA
DS488,S72,NK.cells,0.0589054714646064
DS488,S72,fibroblasts,NA
DS488,S72,endothelial.cells,NA
DS488,S73,B.cells,NA
DS488,S73,CD4.T.cells,0.042069526440113
DS488,S73,CD8.T.cells,0.0545546331888216
DS488,S73,monocytic.lineage,0.0767237342347014
DS488,S73,neutrophils,NA
DS488,S73,NK.cells,0.0457263417250954
DS488,S73,fibroblasts,NA
DS488,S73,endothelial.cells,NA
DS488,S74,B.cells,NA
DS488,S74,CD4.T.cells,0.0210171078529929
DS488,S74,CD8.T.cells,0.0288003677003087
DS488,S74,monocytic.lineage,0.0270603588831174
DS488,S74,neutrophils,NA
DS488,S74,NK.cells,0.0246159020171746
DS488,S74,fibroblasts,NA
DS488,S74,endothelial.cells,NA
DS488,S75,B.cells,NA
DS488,S75,CD4.T.cells,0.156840168946452
DS488,S75,CD8.T.cells,0.100445546743361
DS488,S75,monocytic.lineage,0.092601010755364
DS488,S75,neutrophils,NA
DS488,S75,NK.cells,0.0994311708271695
DS488,S75,fibroblasts,NA
DS488,S75,endothelial.cells,NA
DS488,S76,B.cells,NA
DS488,S76,CD4.T.cells,0.0983484974736098
DS488,S76,CD8.T.cells,0.039172905528035
DS488,S76,monocytic.lineage,0.0524663874254033
DS488,S76,neutrophils,NA
DS488,S76,NK.cells,0.0308124706726844
DS488,S76,fibroblasts,NA
DS488,S76,endothelial.cells,NA
DS488,S77,B.cells,NA
DS488,S77,CD4.T.cells,0.0314641207551916
DS488,S77,CD8.T.cells,0.0114458149021428
DS488,S77,monocytic.lineage,0.0433649709521045
DS488,S77,neutrophils,NA
DS488,S77,NK.cells,0.0310172049333838
DS488,S77,fibroblasts,NA
DS488,S77,endothelial.cells,NA
DS488,S78,B.cells,NA
DS488,S78,CD4.T.cells,0.103899143280586
DS488,S78,CD8.T.cells,0.0448656159344201
DS488,S78,monocytic.lineage,0.0863648047334882
DS488,S78,neutrophils,NA
DS488,S78,NK.cells,0.0677981531454834
DS488,S78,fibroblasts,NA
DS488,S78,endothelial.cells,NA
DS488,S79,B.cells,NA
DS488,S79,CD4.T.cells,0.0759791530349673
DS488,S79,CD8.T.cells,0.0256056699599616
DS488,S79,monocytic.lineage,0.0883984500865951
DS488,S79,neutrophils,NA
DS488,S79,NK.cells,0.0428174196181812
DS488,S79,fibroblasts,NA
DS488,S79,endothelial.cells,NA
DS488,S8,B.cells,NA
DS488,S8,CD4.T.cells,0.0414997621904392
DS488,S8,CD8.T.cells,0.0195044576941488
DS488,S8,monocytic.lineage,0.0600518288711573
DS488,S8,neutrophils,NA
DS488,S8,NK.cells,0.0546450518429069
DS488,S8,fibroblasts,NA
DS488,S8,endothelial.cells,NA
DS488,S80,B.cells,NA
DS488,S80,CD4.T.cells,0.1604272318218
DS488,S80,CD8.T.cells,0.0615747914508922
DS488,S80,monocytic.lineage,0.0887220527060289
DS488,S80,neutrophils,NA
DS488,S80,NK.cells,0.0891195640037473
DS488,S80,fibroblasts,NA
DS488,S80,endothelial.cells,NA
DS488,S81,B.cells,NA
DS488,S81,CD4.T.cells,0.100394088476606
DS488,S81,CD8.T.cells,0.0390441964756486
DS488,S81,monocytic.lineage,0.0659630093994426
DS488,S81,neutrophils,NA
DS488,S81,NK.cells,0.067746811390062
DS488,S81,fibroblasts,NA
DS488,S81,endothelial.cells,NA
DS488,S82,B.cells,NA
DS488,S82,CD4.T.cells,0.162433718193273
DS488,S82,CD8.T.cells,0.0431465436964977
DS488,S82,monocytic.lineage,0.0963865842706799
DS488,S82,neutrophils,NA
DS488,S82,NK.cells,0.0662835140279654
DS488,S82,fibroblasts,NA
DS488,S82,endothelial.cells,NA
DS488,S83,B.cells,NA
DS488,S83,CD4.T.cells,0.0913192243083757
DS488,S83,CD8.T.cells,0.0307235848579379
DS488,S83,monocytic.lineage,0.0744821055442359
DS488,S83,neutrophils,NA
DS488,S83,NK.cells,0.0884234867757697
DS488,S83,fibroblasts,NA
DS488,S83,endothelial.cells,NA
DS488,S84,B.cells,NA
DS488,S84,CD4.T.cells,0.00264607005335237
DS488,S84,CD8.T.cells,0
DS488,S84,monocytic.lineage,0.0331071767238033
DS488,S84,neutrophils,NA
DS488,S84,NK.cells,0
DS488,S84,fibroblasts,NA
DS488,S84,endothelial.cells,NA
DS488,S85,B.cells,NA
DS488,S85,CD4.T.cells,0.0986242391962629
DS488,S85,CD8.T.cells,0.0374543590249447
DS488,S85,monocytic.lineage,0.102537597110968
DS488,S85,neutrophils,NA
DS488,S85,NK.cells,0.0475481201407713
DS488,S85,fibroblasts,NA
DS488,S85,endothelial.cells,NA
DS488,S86,B.cells,NA
DS488,S86,CD4.T.cells,0.0678579468702932
DS488,S86,CD8.T.cells,0.0375480716416219
DS488,S86,monocytic.lineage,0.0955455305860744
DS488,S86,neutrophils,NA
DS488,S86,NK.cells,0.0716820714134302
DS488,S86,fibroblasts,NA
DS488,S86,endothelial.cells,NA
DS488,S87,B.cells,NA
DS488,S87,CD4.T.cells,0.0285787875993218
DS488,S87,CD8.T.cells,0.00920930979681213
DS488,S87,monocytic.lineage,0.0717775080488223
DS488,S87,neutrophils,NA
DS488,S87,NK.cells,0.0217673234045124
DS488,S87,fibroblasts,NA
DS488,S87,endothelial.cells,NA
DS488,S88,B.cells,NA
DS488,S88,CD4.T.cells,0.0214535339510894
DS488,S88,CD8.T.cells,0.017017754992009
DS488,S88,monocytic.lineage,0.0674405822244407
DS488,S88,neutrophils,NA
DS488,S88,NK.cells,0.0603858090006339
DS488,S88,fibroblasts,NA
DS488,S88,endothelial.cells,NA
DS488,S89,B.cells,NA
DS488,S89,CD4.T.cells,0.0056771929635825
DS488,S89,CD8.T.cells,0.0138905817228493
DS488,S89,monocytic.lineage,0.062219157332791
DS488,S89,neutrophils,NA
DS488,S89,NK.cells,0.0317513477897547
DS488,S89,fibroblasts,NA
DS488,S89,endothelial.cells,NA
DS488,S9,B.cells,NA
DS488,S9,CD4.T.cells,0.109837903782518
DS488,S9,CD8.T.cells,0.0261819637957929
DS488,S9,monocytic.lineage,0.104615265102314
DS488,S9,neutrophils,NA
DS488,S9,NK.cells,0.055564541501424
DS488,S9,fibroblasts,NA
DS488,S9,endothelial.cells,NA
DS488,S90,B.cells,NA
DS488,S90,CD4.T.cells,0.0649860789522619
DS488,S90,CD8.T.cells,0.06872786656948
DS488,S90,monocytic.lineage,0.0565119324560081
DS488,S90,neutrophils,NA
DS488,S90,NK.cells,0.0877352547729185
DS488,S90,fibroblasts,NA
DS488,S90,endothelial.cells,NA
DS488,S91,B.cells,NA
DS488,S91,CD4.T.cells,0.0415683441525985
DS488,S91,CD8.T.cells,0.0214029803762427
DS488,S91,monocytic.lineage,0.0597804970644019
DS488,S91,neutrophils,NA
DS488,S91,NK.cells,0.030361512915845
DS488,S91,fibroblasts,NA
DS488,S91,endothelial.cells,NA
DS488,S92,B.cells,NA
DS488,S92,CD4.T.cells,0
DS488,S92,CD8.T.cells,0.0173404044234274
DS488,S92,monocytic.lineage,0.00482590030185433
DS488,S92,neutrophils,NA
DS488,S92,NK.cells,0.00687478186627314
DS488,S92,fibroblasts,NA
DS488,S92,endothelial.cells,NA
DS488,S93,B.cells,NA
DS488,S93,CD4.T.cells,0.0675628529476098
DS488,S93,CD8.T.cells,0.0547001551585727
DS488,S93,monocytic.lineage,0.078415584456431
DS488,S93,neutrophils,NA
DS488,S93,NK.cells,0.0812071228770509
DS488,S93,fibroblasts,NA
DS488,S93,endothelial.cells,NA
DS488,S94,B.cells,NA
DS488,S94,CD4.T.cells,0.032149192236346
DS488,S94,CD8.T.cells,0.00943277271922364
DS488,S94,monocytic.lineage,0.0548172737475249
DS488,S94,neutrophils,NA
DS488,S94,NK.cells,0.00134126219038548
DS488,S94,fibroblasts,NA
DS488,S94,endothelial.cells,NA
DS488,S95,B.cells,NA
DS488,S95,CD4.T.cells,0.126450358638808
DS488,S95,CD8.T.cells,0.0582856971797438
DS488,S95,monocytic.lineage,0.0812284255754963
DS488,S95,neutrophils,NA
DS488,S95,NK.cells,0.0524204726331776
DS488,S95,fibroblasts,NA
DS488,S95,endothelial.cells,NA
DS488,S96,B.cells,NA
DS488,S96,CD4.T.cells,0.08327854223079
DS488,S96,CD8.T.cells,0.0303476240095002
DS488,S96,monocytic.lineage,0.0873817628313236
DS488,S96,neutrophils,NA
DS488,S96,NK.cells,0.0275494469687062
DS488,S96,fibroblasts,NA
DS488,S96,endothelial.cells,NA
DS488,S97,B.cells,NA
DS488,S97,CD4.T.cells,0.144261853363968
DS488,S97,CD8.T.cells,0.0726326726551277
DS488,S97,monocytic.lineage,0.0861893718811119
DS488,S97,neutrophils,NA
DS488,S97,NK.cells,0.0658794763749616
DS488,S97,fibroblasts,NA
DS488,S97,endothelial.cells,NA
DS488,S98,B.cells,NA
DS488,S98,CD4.T.cells,0.0361365271331885
DS488,S98,CD8.T.cells,0.0194591781621054
DS488,S98,monocytic.lineage,0.0599437231044317
DS488,S98,neutrophils,NA
DS488,S98,NK.cells,0.0145471628455744
DS488,S98,fibroblasts,NA
DS488,S98,endothelial.cells,NA
DS488,S99,B.cells,NA
DS488,S99,CD4.T.cells,0.0924319001867372
DS488,S99,CD8.T.cells,0.0462833544494404
DS488,S99,monocytic.lineage,0.0749276429490684
DS488,S99,neutrophils,NA
DS488,S99,NK.cells,0.0528463208037666
DS488,S99,fibroblasts,NA
DS488,S99,endothelial.cells,NA
DS490,S1,B.cells,NA
DS490,S1,CD4.T.cells,NA
DS490,S1,CD8.T.cells,215.6
DS490,S1,monocytic.lineage,489
DS490,S1,neutrophils,NA
DS490,S1,NK.cells,NA
DS490,S1,fibroblasts,NA
DS490,S1,endothelial.cells,NA
DS490,S10,B.cells,NA
DS490,S10,CD4.T.cells,NA
DS490,S10,CD8.T.cells,128.7
DS490,S10,monocytic.lineage,354.1
DS490,S10,neutrophils,NA
DS490,S10,NK.cells,NA
DS490,S10,fibroblasts,NA
DS490,S10,endothelial.cells,NA
DS490,S11,B.cells,NA
DS490,S11,CD4.T.cells,NA
DS490,S11,CD8.T.cells,962
DS490,S11,monocytic.lineage,639.2
DS490,S11,neutrophils,NA
DS490,S11,NK.cells,NA
DS490,S11,fibroblasts,NA
DS490,S11,endothelial.cells,NA
DS490,S12,B.cells,NA
DS490,S12,CD4.T.cells,NA
DS490,S12,CD8.T.cells,252.3
DS490,S12,monocytic.lineage,728.7
DS490,S12,neutrophils,NA
DS490,S12,NK.cells,NA
DS490,S12,fibroblasts,NA
DS490,S12,endothelial.cells,NA
DS490,S13,B.cells,NA
DS490,S13,CD4.T.cells,NA
DS490,S13,CD8.T.cells,86.7
DS490,S13,monocytic.lineage,72.1
DS490,S13,neutrophils,NA
DS490,S13,NK.cells,NA
DS490,S13,fibroblasts,NA
DS490,S13,endothelial.cells,NA
DS490,S14,B.cells,NA
DS490,S14,CD4.T.cells,NA
DS490,S14,CD8.T.cells,322.3
DS490,S14,monocytic.lineage,1460.6
DS490,S14,neutrophils,NA
DS490,S14,NK.cells,NA
DS490,S14,fibroblasts,NA
DS490,S14,endothelial.cells,NA
DS490,S15,B.cells,NA
DS490,S15,CD4.T.cells,NA
DS490,S15,CD8.T.cells,855.8
DS490,S15,monocytic.lineage,1519.8
DS490,S15,neutrophils,NA
DS490,S15,NK.cells,NA
DS490,S15,fibroblasts,NA
DS490,S15,endothelial.cells,NA
DS490,S16,B.cells,NA
DS490,S16,CD4.T.cells,NA
DS490,S16,CD8.T.cells,244.9
DS490,S16,monocytic.lineage,1421.1
DS490,S16,neutrophils,NA
DS490,S16,NK.cells,NA
DS490,S16,fibroblasts,NA
DS490,S16,endothelial.cells,NA
DS490,S17,B.cells,NA
DS490,S17,CD4.T.cells,NA
DS490,S17,CD8.T.cells,597.6
DS490,S17,monocytic.lineage,1451.8
DS490,S17,neutrophils,NA
DS490,S17,NK.cells,NA
DS490,S17,fibroblasts,NA
DS490,S17,endothelial.cells,NA
DS490,S18,B.cells,NA
DS490,S18,CD4.T.cells,NA
DS490,S18,CD8.T.cells,172.4
DS490,S18,monocytic.lineage,1049.6
DS490,S18,neutrophils,NA
DS490,S18,NK.cells,NA
DS490,S18,fibroblasts,NA
DS490,S18,endothelial.cells,NA
DS490,S19,B.cells,NA
DS490,S19,CD4.T.cells,NA
DS490,S19,CD8.T.cells,143.8
DS490,S19,monocytic.lineage,986.8
DS490,S19,neutrophils,NA
DS490,S19,NK.cells,NA
DS490,S19,fibroblasts,NA
DS490,S19,endothelial.cells,NA
DS490,S2,B.cells,NA
DS490,S2,CD4.T.cells,NA
DS490,S2,CD8.T.cells,242
DS490,S2,monocytic.lineage,485.1
DS490,S2,neutrophils,NA
DS490,S2,NK.cells,NA
DS490,S2,fibroblasts,NA
DS490,S2,endothelial.cells,NA
DS490,S20,B.cells,NA
DS490,S20,CD4.T.cells,NA
DS490,S20,CD8.T.cells,68.3
DS490,S20,monocytic.lineage,411.7
DS490,S20,neutrophils,NA
DS490,S20,NK.cells,NA
DS490,S20,fibroblasts,NA
DS490,S20,endothelial.cells,NA
DS490,S21,B.cells,NA
DS490,S21,CD4.T.cells,NA
DS490,S21,CD8.T.cells,501.3
DS490,S21,monocytic.lineage,1941.6
DS490,S21,neutrophils,NA
DS490,S21,NK.cells,NA
DS490,S21,fibroblasts,NA
DS490,S21,endothelial.cells,NA
DS490,S22,B.cells,NA
DS490,S22,CD4.T.cells,NA
DS490,S22,CD8.T.cells,767.1
DS490,S22,monocytic.lineage,1633.5
DS490,S22,neutrophils,NA
DS490,S22,NK.cells,NA
DS490,S22,fibroblasts,NA
DS490,S22,endothelial.cells,NA
DS490,S23,B.cells,NA
DS490,S23,CD4.T.cells,NA
DS490,S23,CD8.T.cells,295.4
DS490,S23,monocytic.lineage,581.6
DS490,S23,neutrophils,NA
DS490,S23,NK.cells,NA
DS490,S23,fibroblasts,NA
DS490,S23,endothelial.cells,NA
DS490,S24,B.cells,NA
DS490,S24,CD4.T.cells,NA
DS490,S24,CD8.T.cells,102.6
DS490,S24,monocytic.lineage,1114.6
DS490,S24,neutrophils,NA
DS490,S24,NK.cells,NA
DS490,S24,fibroblasts,NA
DS490,S24,endothelial.cells,NA
DS490,S25,B.cells,NA
DS490,S25,CD4.T.cells,NA
DS490,S25,CD8.T.cells,50.4
DS490,S25,monocytic.lineage,251.7
DS490,S25,neutrophils,NA
DS490,S25,NK.cells,NA
DS490,S25,fibroblasts,NA
DS490,S25,endothelial.cells,NA
DS490,S26,B.cells,NA
DS490,S26,CD4.T.cells,NA
DS490,S26,CD8.T.cells,67.3
DS490,S26,monocytic.lineage,813.9
DS490,S26,neutrophils,NA
DS490,S26,NK.cells,NA
DS490,S26,fibroblasts,NA
DS490,S26,endothelial.cells,NA
DS490,S27,B.cells,NA
DS490,S27,CD4.T.cells,NA
DS490,S27,CD8.T.cells,245
DS490,S27,monocytic.lineage,1052
DS490,S27,neutrophils,NA
DS490,S27,NK.cells,NA
DS490,S27,fibroblasts,NA
DS490,S27,endothelial.cells,NA
DS490,S28,B.cells,NA
DS490,S28,CD4.T.cells,NA
DS490,S28,CD8.T.cells,154.4
DS490,S28,monocytic.lineage,230.8
DS490,S28,neutrophils,NA
DS490,S28,NK.cells,NA
DS490,S28,fibroblasts,NA
DS490,S28,endothelial.cells,NA
DS490,S29,B.cells,NA
DS490,S29,CD4.T.cells,NA
DS490,S29,CD8.T.cells,266
DS490,S29,monocytic.lineage,495.7
DS490,S29,neutrophils,NA
DS490,S29,NK.cells,NA
DS490,S29,fibroblasts,NA
DS490,S29,endothelial.cells,NA
DS490,S3,B.cells,NA
DS490,S3,CD4.T.cells,NA
DS490,S3,CD8.T.cells,200.5
DS490,S3,monocytic.lineage,970.9
DS490,S3,neutrophils,NA
DS490,S3,NK.cells,NA
DS490,S3,fibroblasts,NA
DS490,S3,endothelial.cells,NA
DS490,S30,B.cells,NA
DS490,S30,CD4.T.cells,NA
DS490,S30,CD8.T.cells,107.1
DS490,S30,monocytic.lineage,894
DS490,S30,neutrophils,NA
DS490,S30,NK.cells,NA
DS490,S30,fibroblasts,NA
DS490,S30,endothelial.cells,NA
DS490,S31,B.cells,NA
DS490,S31,CD4.T.cells,NA
DS490,S31,CD8.T.cells,21.1
DS490,S31,monocytic.lineage,295
DS490,S31,neutrophils,NA
DS490,S31,NK.cells,NA
DS490,S31,fibroblasts,NA
DS490,S31,endothelial.cells,NA
DS490,S32,B.cells,NA
DS490,S32,CD4.T.cells,NA
DS490,S32,CD8.T.cells,94.6
DS490,S32,monocytic.lineage,613.9
DS490,S32,neutrophils,NA
DS490,S32,NK.cells,NA
DS490,S32,fibroblasts,NA
DS490,S32,endothelial.cells,NA
DS490,S33,B.cells,NA
DS490,S33,CD4.T.cells,NA
DS490,S33,CD8.T.cells,19.9
DS490,S33,monocytic.lineage,384.7
DS490,S33,neutrophils,NA
DS490,S33,NK.cells,NA
DS490,S33,fibroblasts,NA
DS490,S33,endothelial.cells,NA
DS490,S4,B.cells,NA
DS490,S4,CD4.T.cells,NA
DS490,S4,CD8.T.cells,552.2
DS490,S4,monocytic.lineage,1377.5
DS490,S4,neutrophils,NA
DS490,S4,NK.cells,NA
DS490,S4,fibroblasts,NA
DS490,S4,endothelial.cells,NA
DS490,S5,B.cells,NA
DS490,S5,CD4.T.cells,NA
DS490,S5,CD8.T.cells,567.5
DS490,S5,monocytic.lineage,1097.3
DS490,S5,neutrophils,NA
DS490,S5,NK.cells,NA
DS490,S5,fibroblasts,NA
DS490,S5,endothelial.cells,NA
DS490,S6,B.cells,NA
DS490,S6,CD4.T.cells,NA
DS490,S6,CD8.T.cells,36.5
DS490,S6,monocytic.lineage,356.4
DS490,S6,neutrophils,NA
DS490,S6,NK.cells,NA
DS490,S6,fibroblasts,NA
DS490,S6,endothelial.cells,NA
DS490,S7,B.cells,NA
DS490,S7,CD4.T.cells,NA
DS490,S7,CD8.T.cells,61.7
DS490,S7,monocytic.lineage,481.2
DS490,S7,neutrophils,NA
DS490,S7,NK.cells,NA
DS490,S7,fibroblasts,NA
DS490,S7,endothelial.cells,NA
DS490,S8,B.cells,NA
DS490,S8,CD4.T.cells,NA
DS490,S8,CD8.T.cells,115.3
DS490,S8,monocytic.lineage,717.5
DS490,S8,neutrophils,NA
DS490,S8,NK.cells,NA
DS490,S8,fibroblasts,NA
DS490,S8,endothelial.cells,NA
DS490,S9,B.cells,NA
DS490,S9,CD4.T.cells,NA
DS490,S9,CD8.T.cells,598.3
DS490,S9,monocytic.lineage,1097.3
DS490,S9,neutrophils,NA
DS490,S9,NK.cells,NA
DS490,S9,fibroblasts,NA
DS490,S9,endothelial.cells,NA
