Name,CD8.T.cells,CD4.T.cells,NK.cells,B.cells,monocytic.lineage,neutrophils,fibroblasts,endothelial.cells
3'HEXO,605.5,731.0,903.5,410.5,457.5,341.5,574.5,613.5
A2MP,7181.0,6482.0,5744.0,7149.0,4244.0,1432.0,1019.0,1822.0
ABCC1 ,1058.0,1313.0,589.0,1067.0,1372.0,921.0,4399.0,654.0
ABHD2,248.0,325.0,877.0,68.0,1265.0,1964.0,708.0,2272.0
ABL2 ,364.0,219.0,145.0,93.0,221.0,152.0,2121.0,781.0
ABTB1,931.5,803.5,741.0,218.0,1418.0,8857.0,730.0,97.5
ABTB2,165.0,179.0,175.0,646.0,230.0,591.0,787.0,12.0
ACAT2,5212.0,6319.0,4788.0,2678.0,6496.0,10548.0,14318.0,598.0
ACP5,331.0,568.0,347.0,666.0,501.0,267.0,1036.0,1564.0
ACTR2,3683.0,3877.3333333333335,5734.0,2575.3333333333335,6278.333333333333,6364.666666666667,4777.0,636.0
ACTR3 ,2623.0,1853.0,1797.0,1524.0,3188.0,2074.0,3951.0,139.0
AD023,1359.0,1587.0,1711.0,693.0,1513.0,508.0,523.0,913.0
AD158,1917.0,1499.0,685.0,193.0,1355.0,191.0,1389.0,1033.0
ADAM12,73.0,17.0,98.0,279.0,24.0,97.0,68.0,1633.0
ADAM19,228.0,334.0,239.0,2151.0,535.0,960.0,252.0,593.0
ADAM8,612.0,499.0,1633.0,361.0,760.0,3596.0,1057.0,51.0
ADCY7,1256.0,1242.0,3088.0,706.0,1970.0,684.0,570.0,214.0
ADORA2A,609.0,480.0,140.0,540.0,372.0,397.0,3962.0,36.0
AFURS1,362.5,433.0,667.0,351.0,986.5,210.0,6736.0,483.5
AFURS1 ,292.0,633.0,551.0,425.0,980.0,551.0,6036.0,126.0
AGPS,669.0,783.0,586.0,377.0,930.0,262.0,985.0,466.0
AIF1,811.0,1801.3333333333333,44.333333333333336,63.333333333333336,9491.333333333334,8496.333333333334,351.0,1414.0
AIM2,398.0,170.0,173.0,510.0,632.0,639.0,267.0,35.0
AKAP13,3213.0,2085.0,5633.0,1895.0,6811.0,3673.0,7334.0,371.0
AKNA,10414.0,5376.0,9757.0,2003.0,4512.0,5296.0,222.0,552.0
ALG2,1582.0,1638.0,1034.0,747.0,2041.0,645.0,5535.0,528.0
ALG5,355.0,439.0,410.0,884.0,297.0,654.0,362.0,114.0
ALOX15,10.0,31.0,41.0,66.0,20.0,183.0,14.0,1560.0
ALOX5,27.0,84.0,120.0,631.0,1273.0,2411.0,61.0,137.0
AMICA,2773.0,2054.0,340.0,79.0,14897.0,26535.0,379.0,3011.0
AMID,119.0,77.0,40.0,51.0,96.0,49.0,1593.0,850.0
AMPD1,109.0,116.0,140.0,490.0,112.0,327.0,101.0,39.0
AMPD2,1130.0,1074.0,573.0,709.0,2584.0,7106.0,648.0,222.0
AMPD3,576.0,521.0,438.0,955.0,925.0,1182.0,4271.0,550.0
ANKRD13 ,5768.0,4801.0,4879.0,4159.0,6968.0,14540.0,4873.0,703.0
ANP32A,3122.0,3658.0,4019.0,3009.0,5197.0,8083.0,2001.0,294.0
ANP32E,1596.0,1399.0,1602.0,814.5,702.5,371.5,412.5,145.5
AP1,518.0,421.0,202.0,1100.0,871.0,350.0,490.0,131.0
AP1GBP1,2682.5,1509.0,1612.0,837.5,708.5,555.0,787.5,234.0
AP1S2,1006.0,1292.0,1323.0,1378.0,9977.0,2258.0,4093.0,325.0
AP2S1,984.0,980.0,826.0,309.0,1954.0,455.0,1267.0,658.0
APBB1IP,12491.0,6112.0,7949.0,1711.0,13852.0,22478.0,619.0,2322.0
APG7L,287.0,340.0,255.0,198.0,1936.0,912.0,3101.0,523.0
APOBEC3A,97.0,125.5,182.0,174.5,935.5,2104.0,159.5,16.5
APOBEC3G,2198.0,904.0,4837.0,997.0,894.0,474.0,258.0,57.0
ARF6,1911.0,1448.0,2163.0,1201.0,1537.0,1444.0,1539.0,225.0
ARH,3497.0,2944.5,727.0,483.0,271.5,398.0,246.5,237.0
ARHG,1950.0,2610.0,2387.0,1473.0,5063.0,9187.0,5379.0,609.0
ARHGAP15,3675.0,3238.0,1650.0,1262.0,959.0,3701.0,362.0,101.0
ARHGAP18,729.0,535.0,980.0,734.0,1150.0,927.0,2490.0,3008.0
ARHGAP25 ,1971.5,1215.0,2669.5,1117.0,1159.0,7722.0,447.0,326.0
ARHGAP9,6186.666666666667,5439.0,8926.0,2237.6666666666665,6221.666666666667,15525.333333333334,2158.3333333333335,2373.0
ARHH,2539.0,2634.0,783.0,2118.0,138.0,434.0,1140.0,48.0
ARL2,470.0,583.0,784.0,1640.0,552.0,1274.0,475.0,113.0
ARL7,5422.666666666667,5458.333333333333,6143.333333333333,814.6666666666666,417.6666666666667,593.6666666666666,150.66666666666666,722.0
ARNTL2,62.0,109.0,58.0,114.0,91.0,98.0,832.0,496.0
ARPC5,4551.0,4124.0,5264.0,2649.0,6743.0,12288.0,7499.0,639.0
ARPC5L,2740.0,2010.0,3591.0,618.0,874.0,485.0,1478.0,322.0
ARRB2 ,2174.0,2287.0,2027.0,301.0,4281.0,6407.0,1738.0,667.0
ASF1B,347.0,338.0,636.0,1040.0,350.0,1669.0,258.0,77.0
ASPM,52.0,8.0,134.0,90.0,7.0,61.0,6.0,6.0
ASXL1,1035.0,1666.0,762.0,1026.0,750.0,724.0,1173.0,267.0
ATM,2705.3333333333335,2196.3333333333335,2401.3333333333335,1415.6666666666667,374.6666666666667,520.0,191.33333333333334,186.33333333333334
ATP2B1,617.0,817.0,764.0,1201.0,2238.0,1840.0,4105.0,1237.0
ATP6V1A,352.0,287.0,470.0,398.0,1596.0,1560.0,2071.0,489.0
ATP6V1C1,359.0,266.0,508.0,662.0,695.0,1000.0,1295.0,415.0
AXOT,1181.0,1090.0,1441.0,838.0,1314.0,2340.0,954.0,195.0
Annexin II ,4131.0,2345.0,1288.0,1035.0,604.0,787.0,290.0,175.0
B4GALT3 ,216.0,298.0,223.0,407.0,276.0,316.0,154.0,42.0
BACH1,308.0,559.0,322.0,723.0,3205.0,3609.0,3649.0,423.0
BACH2,1100.0,1486.5,462.5,2338.5,80.5,257.0,68.0,33.0
BACH2 ,2619.5,2541.0,793.5,3323.5,191.0,382.5,207.0,37.5
BAFFR,493.0,335.0,171.0,7229.0,101.0,173.0,125.0,61.0
BAL,1591.0,2108.0,1493.0,833.0,2584.0,3916.0,986.0,291.0
BANK1,143.0,389.5,365.0,4411.0,365.0,407.0,229.5,124.0
BANP,1359.6666666666667,1401.6666666666667,1238.3333333333333,922.0,1601.6666666666667,3859.6666666666665,5665.0,188.33333333333334
BAT4,1093.0,990.0,957.0,363.0,1749.0,1532.0,5086.0,124.0
BATF,946.0,655.0,1234.0,229.0,684.0,367.0,849.0,84.0
BAZ1A,1000.0,661.0,876.0,716.0,1154.0,2120.0,1217.0,194.0
BCL11A,200.5,234.5,311.5,3876.5,957.5,532.0,1059.5,73.5
BCL11B,7087.333333333333,6580.666666666667,2513.3333333333335,282.6666666666667,153.66666666666666,619.0,203.0,134.33333333333334
BCL2 ,460.0,921.0,338.0,172.0,103.0,65.0,702.0,39.0
BCL2A1,674.0,751.0,198.0,255.0,2800.0,8115.0,7412.0,731.0
BCL2L11 ,2859.0,2158.0,1130.0,1836.0,3571.0,3697.0,1035.0,2414.0
BCL6,374.0,606.0,632.0,1515.0,3716.0,9786.0,4687.0,1035.0
BCL6 ,407.0,764.0,560.0,339.0,2816.0,3920.0,2895.0,694.5
BCMA,155.0,88.0,10.0,123.0,12.0,33.0,12.0,20.0
BCNP1,617.0,982.0,896.0,8338.0,678.0,1098.0,523.0,197.0
BHLHB2,382.0,321.0,424.0,57.0,314.0,290.0,778.0,246.0
BHLHB3,25.0,35.0,16.0,105.0,116.0,53.0,1825.0,863.0
BIC,284.0,1912.0,103.0,302.0,1401.0,176.0,12657.0,122.0
BID,739.6666666666666,682.0,833.0,344.0,2538.6666666666665,4909.666666666667,3684.0,768.3333333333334
BIN2,3269.0,3734.0,5117.0,450.0,2416.0,2582.0,466.0,235.0
BIRC1,238.0,245.0,240.0,146.0,2089.0,931.0,228.0,879.0
BIRC3,1411.5,2180.5,762.0,4161.0,882.0,826.5,1693.0,362.0
BLK,171.0,68.0,10.0,1336.0,44.0,20.0,26.0,9.0
BLNK,142.0,134.0,120.0,4133.0,108.0,260.0,45.0,1198.0
BLP1,1557.0,1200.0,1191.0,373.0,2115.0,652.0,3302.0,1498.0
BLVRA,716.0,927.0,742.0,601.0,2470.0,755.0,1183.0,309.0
BM-009,2726.0,2672.0,6106.0,1011.0,3814.0,6914.0,3303.0,856.0
BMP8B ,295.0,297.0,243.0,291.0,245.0,259.0,211.0,87.0
BRAG ,68.0,188.0,74.0,492.0,3333.0,4509.0,2557.0,200.0
BRD2,2454.0,1902.0,3250.0,2818.0,2687.0,2579.0,5143.0,470.0
BRDG1,99.0,265.0,462.0,2266.0,28.0,90.0,41.0,33.0
BRIP1 ,309.0,408.0,587.0,628.0,63.0,279.0,64.0,138.0
BTLA,504.0,890.0,279.0,1522.0,52.0,98.0,111.0,33.0
BTN3A2,2328.0,1509.0,1988.0,499.0,518.5,866.5,203.0,28.5
BTN3A3,6962.0,5521.0,7045.0,1648.0,2675.0,2367.0,1221.0,91.0
BUB3,3121.0,2877.0,2439.0,1431.0,1293.5,700.5,1519.0,142.0
C10orf9,3961.0,2708.0,2787.5,1356.5,7227.0,6317.5,1379.5,1509.0
C11orf21,1748.0,1280.0,2220.0,1022.0,1661.0,815.0,233.0,208.0
C12orf14,1294.0,1553.0,700.0,608.0,845.0,508.0,2012.0,284.0
C12orf5,244.0,274.0,285.0,304.0,754.0,355.0,1101.0,419.0
C13orf18,45.5,72.5,106.0,3168.0,204.0,1220.0,313.0,31.0
C14orf106,938.0,1154.0,1086.0,1319.0,2396.0,1017.0,577.0,321.0
C14orf109,411.0,341.0,406.0,273.0,606.0,344.0,2037.0,677.0
C14orf118,938.0,1045.0,1333.0,1425.0,1843.0,1296.0,3436.0,353.0
C14orf138,471.0,495.0,545.0,1106.0,339.0,565.0,183.0,88.0
C14orf58,78.0,103.0,61.0,145.0,576.0,113.0,702.0,187.0
C14orf61,417.0,295.0,224.0,261.0,93.0,106.0,192.0,143.0
C19orf10,988.0,920.0,805.0,612.5,1041.0,371.0,1795.5,536.0
C1D,1624.0,1515.0,1353.0,913.0,1837.0,1970.0,2342.0,535.0
C1QBP,1890.0,1851.0,949.0,791.0,756.0,133.0,669.0,217.0
C1orf19,2072.0,1156.0,1735.0,589.0,866.0,368.0,678.0,290.0
C1orf22,2433.0,2069.0,1541.0,802.0,4412.0,3454.0,3910.0,644.0
C1orf24,792.0,511.0,693.0,66.0,1462.0,9950.0,4393.0,528.0
C1orf29,96.0,140.0,69.0,87.0,426.0,62.0,73.0,20.0
C1orf33,566.0,290.5,428.5,452.0,275.5,380.0,287.5,213.5
C1orf38,615.5,862.5,1591.0,367.5,5277.5,5845.0,2020.5,250.5
C20orf139,1426.0,747.0,1703.0,1147.0,3599.0,5761.0,22274.0,3216.0
C20orf31,512.0,461.0,439.0,231.0,721.0,451.0,815.0,244.0
C21orf106,3128.0,1657.0,2877.0,624.0,1219.0,896.0,1195.0,98.0
C21orf42,118.0,334.0,218.0,520.0,553.0,261.0,3021.0,56.0
C21orf45,352.0,877.0,111.0,86.0,223.0,111.0,230.0,43.0
C21orf83B ,981.0,651.0,332.0,222.0,639.0,247.0,619.0,129.0
C21orf91,3956.0,1832.0,2195.0,660.0,2552.0,1723.0,1497.0,461.0
C2orf6,693.0,655.5,1056.5,784.0,1545.5,1760.0,1719.5,199.0
C5R1,82.0,638.0,288.0,215.0,3855.0,12692.0,6495.0,543.0
C5orf6,1033.0,1178.0,1155.0,1280.0,1110.0,4341.0,1166.0,125.0
C6orf107,1169.0,1039.0,1184.0,935.0,1543.0,445.0,1354.0,750.0
C6orf129,1247.0,1043.0,169.0,89.0,121.0,110.0,642.0,218.0
C6orf187,717.5,2177.0,1387.5,4924.0,6327.5,2840.0,348.5,113.5
C6orf32,3071.0,4085.5,2618.5,3027.0,2173.5,8386.5,229.5,31.5
C6orf67,2281.0,2743.0,1762.0,1252.0,3255.0,2988.0,3592.0,2405.0
C6orf68,1650.0,1431.0,1083.0,556.0,1537.0,279.0,2558.0,1079.0
C6orf69,1468.0,1159.0,1167.0,499.0,2092.0,1027.0,1668.0,403.0
C9orf19,3079.0,1668.0,7112.0,538.0,10185.0,10405.0,7994.0,3072.0
C9orf72,817.0,742.0,534.0,1128.0,5850.0,2873.0,3897.0,422.0
CAMK1D,1857.0,1723.0,2836.0,2188.0,2443.0,7629.0,832.0,809.0
CAMK4 ,1550.0,1802.0,94.0,294.0,80.0,204.0,88.0,40.0
CAMP,34.0,276.0,833.0,58.0,45.0,1325.0,25.0,18.0
CANX ,1391.0,1313.0,2470.0,189.0,4102.0,667.0,3951.0,861.0
CAP1,5498.0,3693.0,6702.0,3195.0,5568.0,16053.0,5819.0,2479.0
CAPG,330.0,437.0,324.0,672.0,3006.0,543.0,6157.0,2229.0
CARD11,2499.5,1675.0,2609.0,834.5,116.0,301.0,133.5,60.5
CARP-1,3802.0,2872.0,2854.0,1255.0,3771.0,813.0,4505.0,903.0
CASP1 ,840.0,591.0,1097.0,552.0,3549.0,1484.0,2618.0,115.0
CASP2,557.0,928.0,1182.0,5130.0,545.0,5878.0,474.0,116.0
CASP3,308.0,343.0,391.0,293.0,314.0,362.0,464.0,103.0
CASP8,1933.0,1283.0,2782.0,995.0,1291.0,3280.0,390.0,159.0
CBL,1226.0,953.0,1807.0,385.0,2761.0,2000.0,3172.0,636.0
CBLB,1770.0,1337.0,2674.0,932.0,359.0,365.0,235.0,183.0
CBR3,258.0,221.0,21.0,64.0,17.0,30.0,90.0,248.0
CBX3,1126.0,1123.0,899.0,562.0,794.0,413.0,684.0,108.0
CBX5 ,768.0,2020.0,612.0,350.0,351.0,174.0,413.0,388.0
CCDC5,1830.0,1803.0,1046.0,743.0,1304.0,239.0,617.0,220.0
CCL1,10.0,10.0,9.0,22.0,181.0,20.0,4260.0,9.0
CCL13,117.0,86.0,113.0,326.0,89.0,175.0,97.0,1831.0
CCL17,30.0,23.0,34.0,49.0,35.0,65.0,42.0,2350.0
CCL19,79.0,83.0,112.0,181.0,181.0,163.0,1436.0,100.0
CCL20,26.0,12.0,14.0,66.0,905.0,33.0,11602.0,6.0
CCL22,49.0,32.0,41.0,86.0,243.0,155.0,5269.0,4310.0
CCL24,36.0,40.0,13.0,88.0,462.0,69.0,7646.0,34.0
CCL3,502.0,307.0,927.0,245.0,6251.0,350.0,30214.0,423.0
CCL4,1120.0,534.0,3177.0,177.0,2920.0,740.0,25164.0,894.0
CCL5,11723.0,4367.0,10095.0,245.0,318.0,585.0,2619.0,89.0
CCL5 ,8681.0,4285.0,9704.0,25.0,192.0,158.0,2065.0,126.0
CCL8,76.0,51.0,88.0,349.0,127.0,230.0,250.0,67.0
CCNA2,132.5,129.5,158.5,367.0,74.5,199.5,69.5,38.5
CCNB1,97.5,304.5,96.5,209.0,55.0,170.0,67.0,55.5
CCNB2,185.0,165.0,223.0,379.0,129.0,206.0,104.0,36.0
CCND2,331.5,328.5,601.0,243.0,105.5,233.0,94.5,154.5
CCR1,190.5,113.5,438.0,188.0,2656.0,3350.0,5596.0,700.5
CCR2,552.0,225.0,367.0,609.0,6116.0,466.0,244.0,146.0
CCR3,59.0,83.0,370.0,258.0,82.0,2238.0,90.0,27.0
CCR5,967.0,320.0,174.0,254.0,735.0,176.0,3333.0,721.0
CCR7,4944.0,6338.0,422.0,2472.0,641.0,577.0,6585.0,76.0
CCRL2 ,67.0,70.0,46.0,40.0,525.0,63.0,4917.0,114.0
CCT2,1822.0,1536.0,1340.0,1214.0,883.0,136.0,964.0,265.0
CD160,1195.0,622.0,3774.0,513.0,98.0,326.0,88.0,44.0
CD164,1088.0,958.0,1527.0,546.0,1461.0,529.0,1619.0,804.0
CD19,127.0,112.0,108.0,3347.0,122.0,216.0,98.0,33.0
CD1A,222.0,297.0,324.0,1219.0,308.0,716.0,283.0,7072.0
CD1B,47.0,79.0,145.0,364.0,107.0,171.0,72.0,4996.0
CD1C,28.0,28.0,22.0,798.0,460.0,253.0,76.0,4311.0
CD1D,18.0,29.0,31.0,380.0,2723.0,168.0,103.0,118.0
CD1E,52.5,27.5,40.5,91.5,74.5,93.5,47.0,3529.5
CD2,7597.0,5104.0,4031.0,550.0,221.0,685.0,198.0,78.0
CD20,392.4,370.2,203.6,14213.6,166.4,440.2,126.2,66.4
CD244,588.0,322.0,2331.0,131.0,796.0,114.0,85.0,27.0
CD37,4431.0,5603.0,3089.0,12330.0,4874.0,3852.0,396.0,273.0
CD38,382.0,372.0,1342.0,378.0,136.0,219.0,277.0,4.0
CD3D,13150.0,12448.0,476.0,315.0,121.0,768.0,190.0,88.0
CD3E,5752.0,4994.0,651.0,710.0,163.0,613.0,121.0,67.0
CD3G,3071.0,3016.0,375.0,76.0,24.0,83.0,27.0,3.0
CD3Z,5041.0,5605.0,12758.0,53.0,49.0,198.0,40.0,17.0
CD44,2016.8,2509.8,672.8,792.8,2907.6,655.4,6137.6,621.0
CD48,13265.0,16210.0,5823.0,6175.0,8995.0,3044.0,7443.0,269.0
CD5,2660.0,3649.0,182.0,457.0,104.0,423.0,80.0,39.0
CD53 ,1583.0,1417.0,2104.0,2084.0,704.0,1531.0,840.0,406.0
CD58,587.6666666666666,301.6666666666667,917.0,182.33333333333334,1524.0,2309.0,2928.6666666666665,303.3333333333333
CD58 ,1013.0,581.0,1829.0,897.0,2462.0,2382.0,7207.0,198.0
CD6,2376.6666666666665,4031.6666666666665,814.6666666666666,476.3333333333333,141.0,342.0,165.0,102.33333333333333
CD69,2876.0,3032.5,1752.0,3301.5,140.0,347.5,109.0,81.5
CD7,1976.5,2507.0,4699.0,56.5,25.0,59.5,39.5,18.0
CD74 ,247.0,134.0,403.0,1724.0,2719.0,450.0,307.0,403.0
CD79A,513.0,389.0,180.0,7857.0,159.0,280.0,155.0,68.0
CD79B,196.0,358.0,236.0,3433.0,153.0,244.0,81.0,28.0
CD80,149.5,212.5,273.0,625.5,475.0,550.0,4656.0,487.5
CD82 ,332.0,688.0,318.0,472.0,938.0,1153.0,6425.0,304.0
CD83,359.0,912.0,333.0,4102.0,1254.0,484.0,8121.0,278.0
CD84,2583.6666666666665,901.3333333333334,656.6666666666666,1133.3333333333333,1794.0,861.3333333333334,914.0,1539.6666666666667
CD86,117.66666666666667,208.33333333333334,125.66666666666667,590.6666666666666,1781.6666666666667,226.33333333333334,520.0,736.3333333333334
CD8A,9984.0,129.0,1284.0,670.0,208.0,660.0,205.0,64.0
CD8B1,5006.5,122.0,152.5,187.0,64.5,241.0,76.0,43.5
CD96 ,1697.0,1091.0,944.0,289.0,42.0,198.0,22.0,44.0
CD97,1845.0,1514.0,4253.0,210.0,2275.0,6875.0,546.0,121.0
CDA,23.0,52.0,44.0,27.0,1176.0,4086.0,119.0,321.0
CDC2,123.0,87.0,138.0,284.3333333333333,57.666666666666664,204.66666666666666,70.0,20.666666666666668
CDC25B,4401.0,4230.0,2601.0,1920.0,527.0,758.0,415.0,85.0
CDC42,5234.0,8733.0,1783.0,980.0,5162.0,6633.0,5651.0,617.0
CDC5L,498.0,507.0,1409.0,3538.0,479.0,5398.0,480.0,55.0
CDCA1,155.0,1418.0,86.0,120.0,46.0,75.0,69.0,51.0
CDCA2 ,151.0,810.0,137.0,99.0,114.0,34.0,227.0,79.0
CDCA5,21.0,1306.0,69.0,45.0,22.0,31.0,24.0,5.0
CDK5RAP2,881.5,730.5,713.0,511.5,540.5,384.0,4522.5,238.5
CDK6 ,1379.4,2117.0,1421.6,443.0,398.6,249.6,283.6,427.0
CDKN1A,110.0,208.0,43.0,330.0,1157.0,137.0,9244.0,1659.0
CDKN2D,640.0,798.0,805.0,560.0,551.0,2116.0,227.0,19.0
CDT1 ,200.0,1929.0,514.0,572.0,204.0,511.0,321.0,134.0
CDW52,10345.5,10958.5,3891.5,12138.5,6688.5,1571.5,1024.0,3416.0
CEB1,431.0,379.0,380.0,660.0,570.0,1152.0,591.0,70.0
CECR1,3141.0,3387.0,2225.0,2011.0,10639.0,428.0,632.0,1735.0
CENPH,590.0,1294.0,440.0,634.0,139.0,261.0,43.0,139.0
CENTA2,94.0,87.0,45.0,175.0,2614.0,218.0,1746.0,1006.0
CENTB1,2996.0,2868.0,1031.0,453.0,243.0,666.0,21.0,13.0
CENTB2,1290.0,1240.0,1474.0,1158.0,1920.0,2529.0,1140.0,356.0
CENTD2,612.0,848.0,1071.0,927.0,1726.0,2821.0,1964.0,262.0
CFLAR,1363.2222222222222,1383.111111111111,2281.5555555555557,895.0,1650.7777777777778,5344.0,3048.1111111111113,517.0
CG018,513.0,400.0,425.0,648.0,562.0,331.0,324.0,109.0
CGI-09,802.5,661.5,651.0,517.0,677.0,252.0,808.5,174.5
CGI-109,383.0,527.0,513.0,906.0,3616.0,1001.0,2264.0,504.0
CGI-127 ,2133.0,1740.0,1905.0,1453.0,3780.0,2018.0,964.0,132.0
CGI-37,671.0,554.0,374.0,215.0,369.0,191.0,603.0,160.0
CHC1L,691.0,588.0,1228.0,204.0,2367.0,2009.0,874.0,1110.0
CHEK1 ,328.0,1689.0,693.0,849.0,399.0,635.0,469.0,96.0
CHI3L1,8.0,33.0,84.0,10.0,14.0,5755.0,946.0,228.0
CHORDC1,750.0,528.0,812.0,746.0,718.0,405.0,1575.0,187.0
CHS1,654.0,605.0,1179.0,1443.5,3761.5,3967.0,1087.5,138.0
CHST11 ,1124.0,803.0,2326.5,628.5,2191.5,2868.5,4574.5,1691.0
CHST12,915.5,499.0,1945.0,351.0,341.0,251.0,201.5,123.5
CHST2,211.0,561.0,4572.0,422.0,625.0,269.0,1634.0,66.0
CHST7,34.0,149.0,24.0,39.0,352.0,445.0,820.0,126.0
CISH,869.0,1361.0,445.5,592.5,615.5,609.0,1418.0,807.5
CKAP4,694.0,817.0,600.0,755.0,3599.0,3631.0,4916.0,552.0
CKLF,1516.6666666666667,1230.6666666666667,1477.0,462.3333333333333,2133.3333333333335,6953.333333333333,2401.6666666666665,1102.3333333333333
CKLFSF2,370.0,305.0,565.0,694.0,1353.0,41610.0,343.0,101.0
CKLFSF8 ,171.0,475.0,250.0,1876.0,217.0,864.0,276.0,32.0
CKS2,232.0,125.0,388.0,269.0,178.0,207.0,347.0,103.0
CLC,95.0,480.0,4847.0,464.0,89.0,12736.0,112.0,313.0
CLECSF12,89.0,324.0,82.0,327.0,6210.0,5136.0,1216.0,983.0
CLECSF13,86.0,90.0,47.0,217.0,624.0,219.0,106.0,3926.0
CLECSF2,4518.0,4227.0,4979.0,1548.0,3441.0,11767.0,1715.0,413.0
CLECSF5,122.0,114.0,105.0,468.0,897.0,348.0,9607.0,780.0
CLECSF6,27.5,59.0,51.0,217.5,3063.0,2952.0,2617.5,1236.0
CLECSF9,156.0,418.0,163.0,548.0,9936.0,13842.0,24606.0,451.0
CLIC2,7.0,8.0,11.0,20.0,127.0,22.0,439.0,1268.0
CLIC3,709.0,366.0,4417.0,34.0,7.0,13.0,12.0,5.0
CLN2,752.0,803.0,1106.0,755.0,2062.0,290.0,1498.0,611.0
CLN8,493.0,441.0,612.0,489.0,858.0,268.5,2378.5,681.5
CMRF-35H,698.0,584.0,3956.5,152.5,1879.0,4528.0,449.5,116.5
CNAP-1,2444.0,2117.0,1096.0,585.0,1706.0,535.0,1535.0,734.0
CNO,4707.0,2817.0,1653.0,1391.0,1600.0,1238.0,1719.0,476.0
CNOT10,798.0,781.0,536.0,544.0,658.0,322.0,489.0,193.0
CNOT6L,11900.0,8504.0,10795.0,3498.0,5549.0,5233.0,2650.0,1239.0
COL4A3BP ,593.0,508.0,855.0,484.0,2469.0,2138.0,3100.0,669.0
COP1,1543.0,1141.0,696.0,634.0,4223.0,8152.0,3761.0,1105.0
COPEB,1106.5,1420.0,637.5,1025.5,1665.0,1876.5,1109.5,171.0
CORO1A,7559.0,8280.0,7266.0,3350.0,7252.0,11936.0,1127.0,396.0
CORO1C,292.0,445.0,640.0,991.0,2612.0,2984.0,3901.0,2330.0
COTL1,4939.0,4174.5,1186.0,1288.0,13876.0,12422.0,3449.5,1427.0
CPM,72.0,201.0,313.0,456.0,1646.0,432.0,5138.0,2674.0
CPNE5,324.0,531.0,355.0,2625.0,94.0,183.0,252.0,47.0
CPO,513.0,281.0,510.0,363.0,588.0,181.0,330.0,168.0
CPSF5,806.0,769.0,624.0,588.0,606.0,551.0,831.0,103.0
CPVL,85.0,364.0,265.0,39.0,4945.0,129.0,179.0,837.0
CR1L ,421.0,432.0,834.0,1844.0,5205.0,8457.0,229.0,1829.0
CREB5 ,195.5,213.5,342.0,600.5,1531.0,3616.5,762.0,336.5
CREG,540.0,748.0,403.0,240.0,4950.0,860.0,11457.0,1097.0
CRLF2,28.0,32.0,37.0,110.0,81.0,173.0,457.0,58.0
CRLF3,4213.0,4124.0,2616.0,2700.0,3150.0,4466.0,1968.0,123.0
CRSP3,1043.0,951.0,1106.0,357.0,850.0,229.0,572.0,127.0
CRTAM,1579.0,188.0,424.0,136.0,203.0,143.0,240.0,61.0
CSF1,153.0,111.0,189.0,411.0,587.0,414.0,7902.0,465.0
CSF1R,138.0,1022.0,94.0,395.0,5675.0,634.0,2178.0,2794.0
CSF2,25.0,28.0,23.0,54.0,155.0,40.0,3167.0,35.0
CSF2RA,26.0,29.666666666666668,19.0,37.666666666666664,606.6666666666666,745.0,1802.3333333333333,615.6666666666666
CSF2RB ,258.0,500.0,1676.0,969.0,3104.0,13247.0,3013.0,1831.0
CSF3R,36.0,57.0,108.0,173.0,2515.0,10132.0,160.0,70.0
CSK,2444.0,2155.0,3587.0,2561.0,2803.0,3358.0,1466.0,246.0
CSNK1G1,1229.0,769.0,1736.0,659.0,974.0,990.0,1792.0,233.0
CSPG2,51.4,59.2,72.6,245.6,12452.0,245.4,956.6,71.8
CST7,4073.0,2172.0,10171.0,128.0,143.0,2698.0,369.0,1111.0
CSTA,118.0,217.0,91.0,150.0,10445.0,5720.0,7489.0,1496.0
CTBS,432.5,574.5,378.5,560.0,930.0,3062.5,475.0,125.0
CTL1,560.0,659.0,214.0,442.0,834.0,564.0,1137.0,1283.0
CTLA4,311.25,1284.25,181.5,348.5,162.5,341.75,180.75,128.25
CTSB,296.0,599.0,276.0,720.0,2340.0,657.0,4958.0,1970.0
CTSC,1839.0,554.0,2116.0,52.0,1664.0,1486.0,910.0,5733.0
CTSD,460.0,370.0,1054.0,150.0,1558.0,503.0,2033.0,2540.0
CTSL,74.0,228.0,53.0,89.0,1308.0,100.0,17722.0,1531.0
CTSS,1147.5,2072.0,1357.5,2003.5,11301.5,11165.0,3798.0,921.0
CTSW,4293.0,1952.0,10774.0,41.0,27.0,117.0,25.0,11.0
CTSZ,65.0,23.0,78.0,291.0,954.0,500.0,1017.0,1036.0
CUGBP2,1630.0,1724.0,2761.0,915.0,1319.0,2040.0,511.0,173.0
CUGBP2 ,1226.0,1427.6666666666667,2613.0,822.0,2765.3333333333335,1777.0,1073.6666666666667,138.66666666666666
CUL1,924.0,1180.0,968.0,672.0,870.0,226.0,767.0,138.0
CX3CR1,4471.0,1892.0,17162.0,371.0,8513.0,703.0,89.0,25.0
CXCL1,68.0,63.0,78.0,329.0,1597.0,1368.0,22175.0,18.0
CXCL10,175.0,196.0,243.0,744.0,563.0,535.0,187.0,45.0
CXCL11,20.0,13.0,48.5,177.0,33.5,102.0,23.0,11.5
CXCL3,31.0,15.0,24.0,122.0,1083.0,74.0,15044.0,47.0
CXCL5,16.5,20.0,32.0,163.5,1201.0,131.0,14373.5,10.0
CXCL9,140.0,145.0,157.0,633.0,262.0,491.0,250.0,26.0
CXCR4,11761.666666666666,16267.333333333334,2084.6666666666665,20964.666666666668,2429.0,9451.333333333334,1152.6666666666667,598.3333333333334
CXCR5,241.0,317.0,160.0,2339.0,134.0,260.0,111.0,57.0
CXCR6,257.0,126.5,116.5,239.5,70.5,186.5,91.0,26.5
CXorf9,2533.0,1890.0,5332.0,1581.0,2360.0,2279.0,715.0,455.0
CYBA,4160.0,3134.0,6340.0,3030.0,5814.0,5645.0,9041.0,1445.0
CYBB,144.5,373.0,253.5,1278.0,6465.5,464.0,4036.5,1425.0
CYLD,1970.0,3125.0,1249.0,865.0,765.0,1284.0,962.0,200.0
CYP1B1,61.0,54.25,76.5,259.75,3166.75,257.5,12882.25,1356.25
CYSLTR1,246.0,1033.0,1426.5,1080.5,2777.5,3284.0,158.5,161.5
DAF ,4261.0,5733.0,2867.0,5353.0,9077.0,7690.0,1678.0,127.0
DAPP1,755.6666666666666,1079.3333333333333,565.3333333333334,2065.6666666666665,3632.0,3526.0,1419.3333333333333,333.3333333333333
DCAL1,367.0,420.0,286.0,547.0,737.0,399.0,587.0,636.0
DCNP1,173.5,245.0,275.0,347.5,256.5,325.0,277.0,2102.0
DCSTAMP,87.0,74.0,136.0,256.0,115.0,381.0,479.0,881.0
DDEF1,1033.6666666666667,1156.3333333333333,946.1666666666666,872.6666666666666,3001.8333333333335,4254.5,7726.0,1922.3333333333333
DDHD1,494.0,553.0,675.0,283.0,344.0,167.0,294.0,178.0
DDOST,1655.0,1182.0,2027.0,704.0,1869.0,338.0,1816.0,594.0
DDX17 ,2440.0,2916.5,4101.0,1423.0,3665.0,1896.5,3807.5,725.5
DDX21,2100.0,1238.0,1162.0,1968.0,1348.0,810.0,1048.0,1024.0
DDX39,2020.0,2107.0,2429.0,2295.0,1437.0,349.0,2868.0,276.0
DDX41 ,469.0,535.0,617.0,1366.0,11022.0,13040.0,10636.0,2033.0
DEDD2,5056.0,3573.0,3490.0,1629.0,4976.0,7853.0,6389.0,459.0
DEF6,4177.0,2449.0,3623.0,962.0,2120.0,2532.0,261.0,313.0
DEFA3,7634.0,7930.0,8235.0,332.0,190.0,5364.0,162.0,35.0
DEFA4,1077.0,745.0,1013.0,505.0,131.0,627.0,135.0,44.0
DENR,1700.0,1358.0,1305.0,804.0,1004.0,662.0,886.0,131.0
DESR1 ,680.0,1011.0,468.0,315.0,1083.0,1420.0,2734.0,282.0
DFNA5,126.0,99.0,140.0,640.0,318.0,274.0,3359.0,583.0
DGKA ,2576.0,4021.0,424.0,752.5,372.5,458.5,229.0,61.5
DHX33,1673.0,1544.0,1397.0,1755.0,1661.0,1117.0,1255.0,147.0
DHX36,2322.0,1902.0,1707.0,750.0,2015.0,475.0,2571.0,231.0
DIRC2,250.0,310.0,460.0,196.0,1854.0,1180.0,3703.0,1933.0
DKC1,1102.0,700.0,491.0,586.0,334.0,338.0,280.0,97.0
DKFZP434B195,844.0,1078.0,761.0,248.0,1779.0,477.0,1569.0,477.0
DKFZP434H132,477.0,621.0,799.0,653.0,1308.0,2133.0,730.0,54.0
DKFZP564J0863,316.0,612.0,428.0,251.0,707.0,437.0,1634.0,189.0
DKFZP564O0463,2543.0,2084.0,1672.0,1470.0,1724.0,747.0,1848.0,471.0
DKFZP566A1524,278.0,325.0,492.0,856.0,1304.0,1950.0,1337.0,227.0
DKFZP761E1824,1089.0,334.0,3179.0,425.0,3208.0,729.0,2082.0,363.0
DKFZp313J1810 ,377.0,446.0,2140.0,745.0,343.0,1944.0,195.0,68.0
DKFZp547A023,1346.0,1231.0,4489.0,624.0,1092.0,270.0,1281.0,141.0
DKFZp547E052,581.0,694.0,343.0,139.0,728.0,65.0,893.0,206.0
DKFZp667L0210 ,378.5,393.5,397.5,9056.0,427.5,558.5,1930.5,252.0
DKFZp686E1929 ,10478.0,7181.0,6782.0,2840.0,2963.0,8035.0,1342.0,599.0
DKFZp761K1824,2084.0,2975.0,916.0,493.0,174.0,335.0,123.0,62.0
DKFZp761P0423,3111.0,1376.0,1159.0,544.0,784.0,252.0,761.0,1443.0
DKFZp762C1112 ,1074.0,514.0,1245.0,205.0,247.0,26.0,222.0,357.0
DNAH3,650.0,951.0,1378.0,3066.0,673.0,4838.0,723.0,110.0
DNAJ,2429.0,3438.0,2133.0,652.0,2612.0,1434.0,2477.0,387.0
DNAJB1,3673.0,4706.0,945.0,383.0,523.0,815.0,447.0,52.0
DNAJC1,2788.0,1938.0,3054.0,735.0,1837.0,745.0,2040.0,223.0
DNAJC3 ,1229.0,1500.0,2486.0,1432.0,3291.0,2861.0,7460.0,218.0
DNCH1,609.0,575.0,900.0,49.0,1315.0,65.0,2101.0,644.0
DNMT1,1647.0,1544.0,1549.0,471.0,755.0,64.0,644.0,449.0
DOCK10 ,1373.0,1604.0,1273.0,253.0,653.0,24.0,1030.0,299.0
DOCK2,1446.0,1641.0,1484.0,1099.0,2749.0,1268.0,783.0,339.0
DOCK5 ,259.0,179.0,1551.0,449.0,3572.0,7657.0,3897.0,240.0
DOCK8,3584.5,3142.0,3253.0,1780.5,6783.5,7570.0,2021.5,1349.5
DPEP2,454.0,896.0,560.0,620.0,1313.0,4466.0,47.0,190.0
DPYD,726.0,569.0,601.0,310.0,3640.0,760.0,1140.0,165.0
DRAK2,9228.0,8725.0,4944.0,3571.0,10552.0,10116.0,5070.0,438.0
DREV1,562.0,368.0,442.0,67.0,1938.0,1285.0,3109.0,381.0
DSIPI,1298.0,3046.0,635.0,1745.0,569.0,1262.0,108.0,36.0
DTNB,50.0,19.0,9.0,133.0,41.0,73.0,34.0,22.0
DTR,35.5,65.0,46.0,142.0,584.5,98.5,6708.5,342.5
DUFD1,277.0,966.0,318.0,668.0,285.0,521.0,290.0,123.0
DUSP2,3495.0,1870.0,345.0,77.0,406.0,61.0,947.0,51.0
DUSP4,42.5,100.0,22.0,57.0,32.5,35.0,603.0,17.5
DUSP5,454.0,832.0,507.0,1019.0,629.0,422.0,4386.0,241.0
DUSP6,17.0,96.0,269.0,61.0,4726.0,1690.0,3512.0,365.0
DUT,2393.0,2590.0,1789.0,1004.0,1642.0,451.0,352.0,210.0
DYRK2,1981.0,1869.0,1941.0,372.0,237.0,161.0,137.0,138.0
DcR1,61.25,156.75,112.5,132.5,274.5,7182.75,73.0,34.25
EAF1 ,812.0,969.0,1000.0,537.0,1452.0,740.0,4974.0,290.0
EAF2,241.0,401.0,237.0,2232.0,645.0,248.0,293.0,64.0
EBI2,642.0,1689.0,233.0,510.0,308.0,281.0,976.0,356.0
EBI3,14.0,18.0,16.0,28.0,562.0,29.0,7336.0,35.0
ECGF1,220.0,334.0,163.0,164.0,2873.0,1435.0,1351.0,217.0
EDG6,1286.0,1112.0,719.0,499.0,585.0,2917.0,96.0,138.0
EDG8,3489.0,389.0,12430.0,94.0,60.0,78.0,61.0,102.0
EED,660.0,567.0,484.0,418.0,395.0,163.0,632.0,83.0
EGFL5,556.0,700.0,1134.0,712.0,5754.0,7560.0,1307.0,271.0
EGLN1,586.0,669.0,678.0,1000.0,396.0,2302.0,160.0,85.0
EGLN3,50.0,166.0,25.0,70.0,28.0,44.0,31.0,715.0
EHD4 ,481.5,663.0,375.0,412.0,812.5,289.5,1365.5,451.5
EIF2AK3,556.0,613.0,1012.0,2405.0,418.0,195.0,486.0,92.0
EIF2C2,2342.0,3829.0,2684.0,704.0,2027.0,2065.0,4213.0,373.0
EIF2S3,1427.0,2558.0,911.0,1428.0,1192.0,380.0,538.0,329.0
EIF5 ,2257.0,1010.0,2813.0,1680.0,4026.0,2077.0,1475.0,181.0
EIF5A,1380.5,1688.5,1646.5,1014.0,1198.0,641.5,1744.0,633.5
EIF5B,1092.0,773.0,629.0,577.0,647.0,84.0,958.0,285.0
ELF1,2127.0,1865.0,1787.0,1573.0,2043.0,2757.0,1430.0,250.0
ELF4 ,1176.0,846.0,2260.0,473.0,1744.0,1482.0,1517.0,226.0
ELL2,23.0,36.0,19.0,62.0,31.0,50.0,185.0,60.0
ELLP3030 ,258.0,347.0,788.0,100.0,2398.0,79.0,2919.0,1677.0
EMILIN2,802.0,935.0,941.0,1185.0,9875.0,1566.0,13549.0,2515.0
EMR2,80.0,92.0,87.0,159.0,342.0,2618.0,738.0,17.0
EMR2 ,61.0,229.0,239.0,278.0,1607.0,4474.0,1328.0,225.0
ENO1 ,2977.0,3187.0,1913.0,858.0,3657.0,561.0,3253.0,1145.0
ENTPD1,112.0,96.0,117.5,611.5,889.5,1058.5,94.5,427.0
EOMES,6495.0,684.0,7471.0,808.0,254.0,918.0,256.0,95.0
EPC1 ,2946.0,1976.0,1952.0,2409.0,1106.0,1036.0,443.0,76.0
EREG,33.0,60.0,74.0,177.0,334.0,109.0,3018.0,33.0
ERN1,1097.0,592.0,1202.0,468.0,700.0,983.0,625.0,122.0
ERO1L,1661.0,3032.0,755.0,385.0,1579.0,2436.0,3074.0,823.0
ERP70,1098.0,800.0,1063.0,564.0,616.0,304.0,774.0,328.0
EST,1541.3456790123457,1412.5802469135801,1590.888888888889,1394.6913580246915,1926.9753086419753,2472.185185185185,1641.0617283950617,391.2098765432099
ETV6 ,566.0,1055.0,577.0,594.0,1605.0,1486.0,1633.0,889.0
EVER1,2460.5,2574.0,2475.0,1100.0,609.0,796.0,245.5,405.0
EVER2,9289.5,7911.0,6302.5,2531.0,1875.5,1334.5,464.5,363.5
EVI2A,2266.0,2628.0,1634.0,771.0,5779.0,7381.0,3679.0,886.0
EVI2B,3433.0,3420.0,2420.0,3370.0,6676.0,10990.0,1380.0,266.0
EVL,3775.0,2319.0,4085.0,1535.0,389.0,189.0,449.0,2398.0
EZI,237.0,312.0,321.0,497.0,1682.0,3071.0,266.0,129.0
FABP5,691.0,328.0,332.0,159.0,395.0,117.0,1572.0,2023.0
FAD104,257.75,285.75,807.5,312.25,1088.5,1629.75,4394.0,754.0
FALZ,1621.0,1477.0,1791.0,1027.0,1550.0,924.0,1006.0,229.0
FAM29A,1319.0,1055.0,757.0,686.0,424.0,236.0,397.0,183.0
FAM31B ,371.0,270.0,577.0,115.0,367.0,167.0,655.0,486.0
FANCD2 ,535.0,722.0,304.0,573.0,241.0,281.0,403.0,202.0
FBXO18,1145.0,708.0,731.0,676.0,936.0,621.0,602.0,314.0
FBXO5,388.0,1367.0,629.0,112.0,191.0,91.0,145.0,182.0
FBXO6,1221.0,1108.0,3212.0,566.0,1796.0,817.0,2004.0,924.0
FCAR,48.0,68.0,73.0,282.0,1007.0,1002.0,2837.0,31.0
FCER1A,106.0,368.0,2655.0,181.0,658.0,196.0,66.0,3694.0
FCGR2A ,127.0,194.0,271.0,764.5,1827.0,5264.5,2135.0,747.0
FCGR2B,67.0,186.5,237.5,949.0,1810.5,6921.0,2219.5,656.0
FCGR3B,559.0,1127.5,3333.0,418.0,1211.0,25927.5,177.0,119.5
FCN1,109.0,569.0,179.0,286.0,22980.0,5508.0,893.0,34.0
FCRH1,132.0,198.0,130.5,5831.0,118.0,249.5,85.0,48.0
FCRH2,99.0,162.0,143.0,2263.0,116.0,230.0,80.0,26.0
FCRH3,5702.0,1109.0,7815.0,13052.0,414.0,735.0,372.0,110.0
FDX1,415.0,323.0,282.0,336.0,276.0,131.0,550.0,369.0
FEN1,320.5,288.5,579.0,315.5,208.0,153.0,340.5,80.5
FEZ2,486.0,237.0,1090.0,265.0,1466.0,296.0,11905.0,1940.0
FGD3,8244.0,5336.0,7217.0,1850.0,6376.0,9357.0,3139.0,228.0
FGL2,962.0,652.0,1290.5,210.5,15744.0,12812.5,531.0,3926.5
FGR,776.0,723.0,4702.0,1484.0,7394.0,6192.0,4866.0,1075.0
FIGNL1,593.0,2182.0,697.0,763.0,337.0,352.0,1486.0,21.0
FKBP11,1514.0,872.0,1623.0,330.0,115.0,170.0,68.0,21.0
FKSG14,1838.0,1375.0,522.0,106.0,47.0,28.0,45.0,52.0
FKSG79 ,3177.0,2065.0,1999.0,953.0,228.0,314.0,190.0,61.0
FLI1,1727.0,1861.0,2125.0,1520.0,1506.0,942.0,161.0,136.0
FLJ00012,1475.3333333333333,1017.3333333333334,1959.0,1345.6666666666667,4113.333333333333,7656.333333333333,1552.3333333333333,288.6666666666667
FLJ00012 ,2926.5,2327.0,2198.5,4164.5,4314.0,8344.0,879.0,187.0
FLJ00332 ,9994.0,5419.0,7778.0,3351.0,1466.0,4822.0,290.0,881.0
FLJ10116,395.5,317.0,262.5,365.0,338.0,302.5,2287.0,1567.0
FLJ10290,1655.0,2061.0,1206.0,923.0,1613.0,1409.0,2090.0,160.0
FLJ10298,56.0,101.0,102.0,340.0,117.0,2613.0,53.0,10.0
FLJ10330,3310.0,2793.0,3015.0,1664.0,2158.0,1485.0,1389.0,261.0
FLJ10357,208.5,185.0,339.5,544.0,1483.5,3409.5,490.5,252.5
FLJ10420,1718.0,1782.0,930.0,1063.0,1768.0,860.0,1813.0,434.0
FLJ10486,1646.6666666666667,1724.0,1280.6666666666667,1159.0,1601.3333333333333,633.6666666666666,1626.3333333333333,354.3333333333333
FLJ10525,379.0,364.0,432.0,314.0,1111.0,1361.0,1615.0,431.0
FLJ10599,830.0,753.0,988.0,505.0,1026.0,523.0,1398.0,119.0
FLJ10702,1241.0,1762.0,1201.0,578.0,3649.0,930.0,15443.0,1281.0
FLJ10795 ,1174.0,1415.0,1311.0,2978.0,3880.0,2764.0,3542.0,561.0
FLJ10874,1399.0,1099.0,1601.0,1574.0,2675.0,919.0,8065.0,909.0
FLJ10998,1231.0,1137.0,1156.0,501.0,1350.0,463.0,1618.0,422.0
FLJ11029,364.0,2095.0,454.0,273.0,1264.0,435.0,164.0,517.0
FLJ11151,373.3333333333333,391.0,294.6666666666667,169.33333333333334,4466.0,10080.333333333334,825.6666666666666,716.0
FLJ11175 ,690.0,730.0,3740.0,1146.0,402.0,2036.0,256.0,76.0
FLJ11663 ,254.0,413.0,94.0,581.0,1470.0,605.0,822.0,1302.0
FLJ12619,5462.0,6145.0,4406.0,3301.0,4542.0,1792.0,4634.0,1653.0
FLJ12643,1914.0,1297.0,3608.0,1223.0,532.0,732.0,544.0,119.0
FLJ12666,1934.6666666666667,1866.0,1214.3333333333333,802.6666666666666,1198.3333333333333,1949.6666666666667,1879.6666666666667,391.0
FLJ12671,1470.0,1156.0,1743.0,1156.0,898.0,1172.0,810.0,80.0
FLJ12835 ,823.0,752.0,4376.0,5683.0,512.0,10086.0,733.0,103.0
FLJ12975,453.0,526.0,1109.0,3568.0,346.0,4914.0,549.0,80.0
FLJ12994 ,2873.0,2430.0,2038.0,1918.0,1989.0,780.0,711.0,187.0
FLJ13052,633.0,714.5,1079.5,882.0,3076.5,6490.5,1807.5,235.0
FLJ13081,1742.0,2715.0,1245.0,418.0,2799.0,1575.0,2013.0,376.0
FLJ13089,640.0,561.5,539.0,678.0,631.5,352.0,579.5,380.0
FLJ13855,6958.0,5478.0,5486.0,2460.0,6402.0,2889.0,14823.0,770.0
FLJ14153,1222.0,1189.0,1288.0,663.0,5109.0,1853.0,2990.0,1068.0
FLJ14281,3321.0,2748.0,3601.0,824.0,2943.0,2096.0,3411.0,511.0
FLJ14803,1596.0,1190.0,937.0,547.0,825.0,188.0,1132.0,125.0
FLJ16025 ,530.0,578.0,395.0,10576.0,373.0,3102.0,2707.0,65.0
FLJ20073 ,1519.0,742.0,2051.0,501.0,1375.0,1593.0,976.0,61.0
FLJ20202,1880.5,1160.5,347.5,1706.0,87.0,463.0,125.5,45.5
FLJ20249,1571.5,994.0,938.5,615.5,708.0,187.5,569.0,210.5
FLJ20273 ,132.0,218.0,372.0,430.0,1461.0,1004.0,3523.0,206.0
FLJ20481,156.33333333333334,281.6666666666667,373.0,473.6666666666667,1389.6666666666667,2410.6666666666665,317.6666666666667,919.6666666666666
FLJ20647,2980.0,3549.0,1205.0,1876.0,1935.0,230.0,835.0,190.0
FLJ20668 ,157.0,228.5,170.0,2714.5,6372.0,450.5,257.5,1006.0
FLJ20686 ,3041.0,1523.0,2917.0,800.0,1847.0,358.0,2653.0,3359.0
FLJ20696,5516.0,2459.0,5176.0,1565.0,4215.0,11741.0,7030.0,324.0
FLJ20701,41.0,45.0,20.0,159.0,1738.0,78.0,3298.0,18.0
FLJ20719,2346.5,2785.5,1979.5,2125.5,4462.5,1774.5,5458.0,485.0
FLJ20847,107.0,136.0,131.0,150.0,808.0,819.0,3512.0,343.0
FLJ21308,2183.0,1188.0,2208.0,781.0,1121.0,2449.0,236.0,176.0
FLJ21308 ,4082.0,1664.0,2864.0,1131.0,1618.0,2667.0,398.0,246.0
FLJ21438,5387.0,4612.0,6982.0,1297.0,2107.0,1618.0,1135.0,138.0
FLJ21924,1780.0,1762.0,2099.0,891.0,5232.0,404.0,3239.0,1658.0
FLJ22313,5944.0,2826.0,3078.0,1004.0,3157.0,3750.0,2981.0,422.0
FLJ22329,587.0,569.0,370.0,298.0,1366.0,200.0,875.0,839.0
FLJ22368,603.0,263.0,654.0,179.0,1679.0,491.0,516.0,702.0
FLJ22457,3032.0,1706.0,3335.0,185.0,404.0,85.0,329.0,366.0
FLJ22557,1321.0,1061.0,464.0,567.0,1036.0,4387.0,1782.0,400.0
FLJ22573,1041.0,1013.0,648.0,1008.0,1098.0,1006.0,551.0,958.0
FLJ22625,884.0,609.0,989.0,687.0,1103.0,406.0,992.0,54.0
FLJ22649,1813.0,1409.0,1995.0,572.0,3566.0,2435.0,9165.0,556.0
FLJ22662,135.0,198.0,394.0,603.0,11396.0,7679.0,859.0,887.0
FLJ22833,456.5,956.0,416.5,193.0,1243.0,2836.5,2311.5,695.5
FLJ23230,918.0,661.0,307.0,787.0,608.0,730.0,653.0,154.0
FLJ23235,273.0,246.0,229.0,537.0,48.0,108.0,72.0,45.0
FLJ23560 ,2929.0,3230.5,3230.0,1805.0,3952.0,6470.0,4325.0,422.0
FLJ25348,31.0,57.0,50.0,145.0,43.0,80.0,114.0,1131.0
FLJ31033,1124.0,559.0,838.0,255.0,1815.0,1951.0,4612.0,283.0
FLJ31051,354.0,695.0,286.0,206.0,1217.0,3007.0,311.0,132.0
FLJ31238 ,3093.0,3394.0,2585.0,704.0,1937.0,815.0,3492.0,252.0
FLJ31364,600.0,802.0,504.0,470.0,618.0,414.0,1159.0,314.0
FLJ31413,1065.0,828.0,1265.0,781.0,1720.0,5203.0,2369.0,771.0
FLJ31821,801.0,588.0,851.0,400.0,1071.0,2908.0,3581.0,375.0
FLJ31978,25.0,105.0,85.0,61.0,3565.0,12243.0,351.0,27.0
FLJ32028,774.0,557.0,832.0,842.0,3718.0,15035.0,256.0,45.0
FLJ32255 ,3364.0,1754.0,2270.0,949.0,505.0,836.0,286.0,102.0
FLJ32332,3056.0,2681.0,2594.0,761.0,3070.0,2623.0,1571.0,919.0
FLJ32370 ,2386.0,1616.0,1553.0,848.0,1324.0,942.0,2173.0,206.0
FLJ32704,158.0,301.0,115.0,156.0,334.0,133.0,3487.0,200.0
FLJ33069,2719.0,3194.0,3061.0,206.0,4555.0,11699.0,206.0,453.0
FLJ33215 ,1363.0,616.0,1713.0,1209.0,2159.0,6767.0,2001.0,396.0
FLJ35936 ,196.0,289.0,445.0,666.0,301.0,480.0,307.0,72.0
FLJ36837,7924.0,6221.0,6139.5,5707.5,2743.5,2615.0,1290.5,356.5
FLJ36874,1418.0,3402.0,2033.0,1939.0,2688.0,2271.0,2132.0,367.0
FLJ37142 ,1885.0,1654.0,1386.0,973.0,797.0,567.0,4417.0,148.0
FLJ37970 ,1841.0,1269.0,2492.0,921.0,2626.0,2558.0,763.0,395.0
FLJ38331 ,781.0,1057.0,1097.0,991.0,1260.0,860.0,1461.0,78.0
FLJ38499,1464.5,1560.0,1448.5,613.5,1771.0,859.0,1750.5,381.0
FLJ38725,178.0,367.0,218.0,319.0,1075.0,209.0,6300.0,1137.0
FLJ39485 ,4393.0,4392.0,6717.0,1221.0,3057.0,1407.0,1420.0,557.0
FLJ39622 ,2860.0,1841.0,3333.0,526.0,608.0,1214.0,689.0,184.0
FLJ39739 ,2902.0,2045.0,5865.0,1088.0,1947.0,1819.0,1268.0,244.0
FLJ39873,1318.0,506.0,1715.0,201.0,91.0,143.0,76.0,61.0
FLJ39885,1909.3333333333333,1255.0,2633.3333333333335,1165.6666666666667,1936.3333333333333,1628.6666666666667,1346.0,1173.3333333333333
FLJ39885 ,303.0,453.0,334.0,458.0,345.0,610.0,578.0,741.0
FLJ40432,326.0,355.5,309.5,364.5,849.0,348.0,970.5,405.5
FLJ40614 ,3703.0,3180.0,3154.0,3746.0,3459.0,1093.0,3097.0,1579.0
FLJ41238,187.0,247.0,32.0,141.0,25.0,64.0,107.0,1826.0
FLJ43842 ,741.0,1032.0,519.0,499.0,431.0,331.0,809.0,314.0
FLJ90005,489.0,434.5,588.0,424.0,1104.5,2081.5,1851.0,274.0
FLN29,446.6666666666667,448.0,520.6666666666666,609.0,682.0,890.0,445.0,167.0
FLOT2,2764.0,2769.0,2230.0,2285.0,2273.0,5869.0,930.0,380.0
FMNL1,1392.0,1420.0,1846.0,433.0,1681.0,2810.0,1306.0,322.0
FNBP1 ,1882.0,1955.0,1370.0,963.0,1214.0,1305.0,2261.0,302.0
FNBP2 ,246.0,411.0,396.0,225.0,1570.0,741.0,583.0,339.0
FNBP3,1854.0,2138.5,1830.0,1527.5,2102.5,1199.0,1887.5,385.0
FPR1,200.0,198.0,250.0,383.0,9604.0,31297.0,1739.0,102.0
FPRL1,54.5,54.5,63.5,319.5,923.5,3824.0,525.0,85.5
FPRL2,149.5,190.0,274.0,601.0,398.0,627.0,1454.0,3794.5
FRAT1,577.0,614.0,448.0,715.0,1300.0,2867.0,314.0,38.0
FRAT2,422.0,549.0,500.0,483.0,1806.0,7645.0,505.0,94.0
FREB,196.33333333333334,231.0,169.33333333333334,2863.0,130.33333333333334,291.0,156.0,52.333333333333336
FSCN1,23.0,22.5,30.0,21.0,70.0,75.5,194.5,393.5
FTHFSDC1,475.0,1389.0,234.0,516.0,219.0,342.0,238.0,326.0
FUS,716.0,1311.0,728.0,757.0,781.0,541.0,936.0,335.0
FUT11 ,3317.0,2116.0,9279.0,771.0,3326.0,880.0,6236.0,222.0
FXYD5 ,7416.0,9545.0,4225.0,4646.0,6816.0,1694.0,2710.0,1290.0
FYB ,3815.0,3690.25,1863.5,87.75,3627.75,5996.25,301.5,544.75
FYN ,3790.0,3882.0,4537.0,340.0,1944.0,171.0,482.0,95.0
G1P3 ,398.0,550.0,572.0,58.0,733.0,535.0,958.0,104.0
G6PD,454.0,368.0,1178.0,194.0,1225.0,1248.0,2631.0,1146.0
GALNACT-2,595.0,684.0,928.0,615.0,1503.0,879.0,2173.0,392.0
GARNL1 ,91.5,161.5,190.0,374.0,403.0,245.5,2460.0,56.5
GBP1,1338.0,758.0,965.5,121.5,1202.0,1216.0,1599.0,136.0
GBP2,4166.0,3098.0,3867.0,494.0,2882.0,5286.0,1168.0,223.0
GBP5,2849.5,2808.0,2248.5,170.5,763.5,1840.5,746.5,89.0
GCA,196.0,269.0,370.0,752.0,3456.0,11308.0,1358.0,214.0
GG2-1,4520.5,4437.0,3304.5,3829.5,3372.5,1543.5,7468.0,819.0
GITR,357.5,829.0,754.0,531.5,356.0,556.5,1203.5,112.0
GJB2,22.0,140.0,72.0,151.0,1116.0,130.0,8695.0,363.0
GLA,381.0,370.0,377.0,518.0,1420.0,867.0,6938.0,402.0
GLCCI1 ,3102.3333333333335,1589.3333333333333,4115.0,1249.6666666666667,304.3333333333333,1389.0,183.66666666666666,88.66666666666667
GLIPR1,1919.0,797.75,1779.25,1364.5,6383.0,3707.0,2195.0,1099.25
GLS,1217.0,2069.0,1025.0,731.0,954.0,532.0,2156.0,310.0
GM2A,197.0,181.0,239.83333333333334,554.6666666666666,1138.0,287.6666666666667,3495.5,3565.6666666666665
GMFB,200.0,227.0,292.0,675.0,487.0,385.0,1357.0,219.0
GMIP,869.0,706.0,837.0,292.0,1249.0,2002.0,1093.0,140.0
GMPPB,209.0,166.0,179.0,160.0,193.0,78.0,577.0,92.0
GNA15,109.0,184.0,173.0,304.0,858.0,434.0,3895.0,223.0
GNAS ,3442.0,2297.0,1806.0,1886.0,1609.0,805.0,1312.0,313.0
GNB4,157.0,309.0,117.0,242.0,1512.0,1463.0,1126.0,439.0
GNG10,897.0,766.0,883.0,471.0,2253.0,9451.0,2271.0,620.0
GNG2,10861.0,6377.0,12619.0,1565.0,4089.0,5904.0,1133.0,62.0
GNG2 ,1870.0,1788.0,3409.0,349.0,1023.0,1119.0,479.0,52.0
GNG7,135.0,143.0,51.0,803.0,115.0,474.0,55.0,61.0
GNLY,3943.5,3485.5,20283.5,170.0,52.0,464.5,49.0,15.5
GNRH1 ,95.0,143.5,652.5,151.5,1720.0,4029.5,2186.5,229.0
GNS,462.0,564.0,973.0,402.0,2199.0,721.0,2174.5,599.0
GPR109B ,46.0,195.0,92.0,216.0,1412.0,9521.0,3078.0,778.0
GPR114,519.0,165.0,1496.0,288.0,83.0,216.0,125.0,67.0
GPR132,1244.0,780.0,1230.0,302.0,1055.0,436.0,1431.0,208.0
GPR15,200.0,160.0,123.0,462.0,111.0,201.0,93.0,43.0
GPR18,1136.0,1540.0,908.0,2051.0,116.0,220.0,53.0,20.0
GPR27,382.0,408.0,553.0,591.0,3023.0,8851.0,325.0,285.0
GPR43,13.0,17.0,13.0,32.0,106.0,3755.0,54.0,13.0
GPR65,1486.0,832.0,3056.0,668.0,1561.0,1753.0,519.0,320.0
GPR68 ,1189.0,598.0,2298.0,468.0,976.0,466.0,8943.0,1554.0
GPR84,196.0,473.0,58.0,66.0,1245.0,195.0,8866.0,139.0
GPR86,8.0,22.0,23.0,62.0,2853.0,7096.0,27.0,97.0
GPRC5D,320.0,339.0,287.0,968.0,334.0,684.0,286.0,62.0
GRAF,308.0,284.0,481.0,655.0,967.0,2161.0,806.0,82.0
GRB2,2579.5,3193.0,2188.5,3827.5,6717.5,7519.5,5095.5,596.5
GRINA,331.0,482.0,339.0,425.0,1511.0,616.0,2289.0,570.0
GRSF1,1260.5,1227.0,861.0,455.5,988.5,234.0,479.0,330.5
GSN ,12.0,19.0,155.0,34.0,155.0,150.0,302.0,2747.0
GSPT1,744.0,806.0,643.0,333.0,620.0,135.0,723.0,328.0
GTF2A1 ,1464.0,1490.0,1347.0,353.0,1817.0,1564.0,4472.0,290.0
GTPBP3 ,624.0,697.0,687.0,1543.0,347.0,1691.0,242.0,148.0
GTPBP4,589.0,474.5,586.0,584.0,462.0,193.5,611.0,104.0
GZMA,5344.0,1944.0,12626.0,336.0,115.0,406.0,92.0,37.0
GZMB,2016.0,1238.0,12913.0,208.0,59.0,260.0,125.0,13.0
GZMH ,6420.0,2614.0,9524.0,29.0,22.0,63.0,27.0,9.0
GZMK,8018.0,1897.0,1380.0,355.0,80.0,486.0,110.0,38.0
GZMM,975.0,1131.0,2850.0,94.0,36.0,148.0,54.0,19.0
H2AFX,635.0,417.0,926.0,369.0,418.0,264.0,421.0,111.0
H2AFY,1331.5,1593.5,1783.5,1482.0,5035.0,2407.0,3908.5,485.0
H2AFZ,3514.0,3318.0,2442.0,1034.0,2339.0,3603.0,2078.0,666.0
H41,650.0,896.0,460.0,580.0,716.0,395.0,702.0,117.0
H6PD ,1363.0,938.0,1524.0,919.0,1427.0,1042.0,1333.0,1322.0
H963,967.0,536.0,132.0,104.0,18.0,91.0,19.0,47.0
HAVCR1,121.0,1479.0,2145.0,44.0,1266.0,44.0,2928.0,2918.0
HCK,121.0,617.0,153.0,426.0,7809.0,11031.0,7961.0,1032.0
HCLS1,6898.0,6631.0,7490.0,4785.0,8688.0,13812.0,5272.0,643.0
HCST,13048.0,5192.0,12811.0,457.0,6197.0,1257.0,3057.0,3548.0
HDGFRP3,346.0,372.0,462.0,325.0,182.0,245.0,381.0,66.0
HECA,5097.0,5819.0,2934.0,2726.0,2225.0,4049.0,1830.0,828.0
HELLS,288.0,477.3333333333333,266.0,523.0,124.33333333333333,309.0,118.66666666666667,58.0
HEM1,2202.0,2011.5,3013.5,1934.0,3611.5,1058.5,1645.0,960.5
HGFL,6460.0,8786.0,1213.0,1802.0,571.0,513.0,151.0,86.0
HGLF,4081.0,6561.0,1050.0,1958.0,610.0,568.0,288.0,68.0
HIMAP2,7225.0,6414.0,3506.0,228.0,5865.0,1797.0,512.0,250.0
HIMAP4,2609.0,998.0,2422.0,239.0,2797.0,2367.0,122.0,153.0
HIPK1 ,892.0,1224.0,2397.0,103.0,1263.0,960.0,689.0,113.0
HIPK2,1572.0,1853.0,5554.0,2156.0,3272.0,1830.0,6820.0,720.0
HK3,22.0,256.0,155.0,33.0,3938.0,858.0,422.0,900.0
HLA-A,11425.0,11597.0,7947.0,4277.0,9039.0,13489.0,8103.0,1354.0
HLA-DOB,150.0,238.0,84.0,3656.0,99.0,60.0,81.0,32.0
HLA-DPA1 ,311.0,383.0,180.0,2219.0,1471.0,215.0,150.0,2830.0
HLA-DQ-alpha,129.0,145.0,74.0,1471.0,311.0,155.0,215.0,3211.0
HLA-DRB3,120.5,127.5,117.0,1086.5,685.5,135.5,138.0,3125.5
HLA-DRB4,78.0,105.0,105.0,864.0,434.0,90.0,91.0,2789.0
HLX1,125.0,170.0,268.0,298.0,748.0,2316.0,2498.0,434.0
HMG20B,543.0,636.0,439.0,249.0,600.0,359.0,480.0,303.0
HMGB1,3094.0,3461.0,3449.0,1861.0,2377.0,1892.0,1186.0,290.0
HMGB2,2510.0,2531.0,2311.0,1647.0,3898.0,3719.0,1084.0,369.0
HMMR,88.0,24.0,129.0,66.0,32.0,67.0,34.0,32.0
HMOX1,173.0,360.0,259.0,658.0,1807.0,731.0,2297.0,1853.0
HNRPC,7710.0,8350.0,3738.0,1942.0,5064.0,8256.0,3248.0,624.0
HNRPD,4825.5,4023.0,3696.0,2114.5,4703.5,1835.0,4771.5,318.0
HNRPR,2632.0,2238.0,2686.0,1276.0,2919.0,603.0,2710.0,706.0
HOZFP,577.0,495.0,360.0,185.0,606.0,744.0,402.0,4905.0
HPSE,272.0,342.0,261.0,522.0,2347.0,1050.0,2557.0,39.0
HRMT1L1,7170.0,5339.0,4163.0,494.0,1925.0,1794.0,2363.0,779.0
HS3ST3B1 ,807.0,584.0,782.0,52.0,685.0,111.0,7986.0,116.0
HSGP25L2G,408.0,1369.0,1418.0,695.0,1509.0,601.0,2112.0,371.0
HSPA6,147.0,267.0,481.0,341.5,1344.0,5681.0,437.0,182.5
HSPC043,3515.0,2848.0,3045.0,1422.0,3658.0,2514.0,3355.0,1079.0
HSPC055,2486.0,1757.0,1538.0,845.0,2255.0,1393.0,1578.0,364.0
HSPC150,205.0,1550.0,137.0,62.0,43.0,53.0,65.0,33.0
HSPC196,1334.0,901.0,1125.0,617.0,1680.0,151.0,7164.0,1481.0
HSPCA,14694.0,7173.0,12556.0,7714.0,14561.0,11849.0,23571.0,3604.0
HSU15552,1679.0,1822.0,1443.0,1180.0,1394.0,781.0,4282.0,285.0
HTLF ,3974.0,2919.0,3780.0,1463.0,5372.0,3289.0,3182.0,410.0
HTPAP,583.0,704.0,431.0,3170.0,391.0,234.0,1250.0,270.0
IAN4L1,3136.0,3112.0,2078.0,846.0,1539.0,1067.0,735.0,200.0
ICAM2,3226.5,2581.5,3273.0,1502.0,1437.0,396.5,205.0,35.0
ICAM3,4032.0,3721.0,3458.0,1634.0,3358.0,15131.0,150.0,346.0
ICOS,203.0,696.0,12.0,23.0,7.0,18.0,10.0,4.0
ICOSL,99.0,169.0,90.0,482.0,192.0,119.0,1219.0,434.0
ICSBP1,441.0,792.0,1959.0,6287.0,2573.0,390.0,1310.0,936.0
IDN3,1328.0,758.0,1658.0,614.0,1999.0,1280.0,2467.0,131.0
IDS,665.0,736.0,964.0,132.0,688.0,3494.0,1172.0,116.0
IER3,254.0,330.0,319.0,432.0,6657.0,1973.0,31166.0,1280.0
IER5,2041.0,1611.0,2083.0,1706.0,4654.0,1403.0,8297.0,411.0
IFI16,2257.5,823.0,3377.5,1064.5,1244.5,1265.0,681.5,301.5
IFI35,641.0,556.0,757.0,466.0,947.0,581.0,571.0,100.0
IFI44,441.0,549.0,507.0,402.0,1044.0,315.0,432.0,129.0
IFIT1,101.0,77.0,105.0,42.0,706.0,1609.0,261.0,267.0
IFIT2,412.5,1020.0,512.5,378.0,1149.5,5590.0,945.0,257.0
IFIT4,378.5,1368.5,1081.5,627.0,2544.0,7009.5,1996.5,773.5
IFITM1 ,814.0,622.0,1043.0,670.0,769.0,2967.0,1236.0,116.0
IFNAR2,978.0,944.0,1038.0,888.0,837.0,1793.0,583.0,513.0
IFNG,259.0,143.0,397.0,356.0,105.0,287.0,121.0,36.0
IFNGR1 ,793.0,522.0,746.0,425.0,3680.0,2172.0,1355.0,539.0
IFRD1 ,472.0,350.0,299.0,432.0,355.0,2166.0,250.0,31.0
IGF2R,1045.5,871.5,3135.5,396.0,1685.0,5471.0,2957.0,444.5
IGSF6,33.0,84.0,66.0,96.5,2011.5,3609.5,2904.5,910.5
IL10RA,3909.0,2893.0,4405.0,1470.0,5620.0,741.0,3677.0,1055.0
IL12B,45.0,52.0,61.0,185.0,227.0,174.0,2938.0,46.0
IL13RA1,78.5,98.0,127.0,578.0,941.0,1962.0,813.0,817.5
IL15,140.0,195.0,285.0,566.0,1230.0,183.0,1542.0,32.0
IL16,3080.0,3033.0,2252.0,1527.0,1412.0,2825.0,1082.0,143.0
IL17F,183.0,177.0,33.0,221.0,107.0,192.0,136.0,66.0
IL17R,2228.75,2227.0,1783.75,801.5,8519.5,6855.75,5090.0,1617.75
IL18RAP,572.0,319.0,3906.0,126.0,85.0,1773.0,92.0,36.0
IL19,139.0,176.0,246.0,689.0,870.0,530.0,8012.0,55.0
IL1A,87.0,62.0,69.0,462.0,1503.0,323.0,15727.0,56.0
IL1B,193.5,336.5,256.5,781.5,4185.0,2333.5,44143.0,151.0
IL1F9,57.0,68.0,67.0,343.0,899.0,158.0,8757.0,28.0
IL1RN,141.33333333333334,154.33333333333334,118.33333333333333,384.0,2345.0,2029.3333333333333,15046.0,2151.3333333333335
IL21R,924.0,1460.0,798.0,665.0,324.0,442.0,294.0,176.0
IL22,29.0,236.0,105.0,132.0,86.0,92.0,62.0,45.0
IL23A,328.0,328.0,158.0,310.0,320.0,200.0,2629.0,47.0
IL24,138.0,119.0,80.0,126.0,309.0,230.0,4500.0,12.0
IL2RA,101.5,156.5,126.0,305.5,179.0,120.5,1304.0,40.0
IL2RB,3726.0,2409.0,17513.0,1495.0,362.0,1389.0,348.0,79.0
IL2RG,7571.0,6102.0,7067.0,2669.0,1118.0,3825.0,3785.0,441.0
IL3RA,17.0,32.0,125.0,90.0,199.0,100.0,3384.0,17.0
IL4I1,247.0,327.0,44.0,332.0,405.0,189.0,4276.0,511.0
IL4R,861.0,1679.0,722.0,7295.0,1201.0,2374.0,1179.0,126.0
IL6,114.0,137.0,114.0,631.0,1291.0,241.0,18263.0,51.0
IL6R,1068.0,1410.0,206.5,206.0,4025.5,7459.5,5361.5,313.0
IL7R,14765.0,13125.0,1513.0,409.0,648.0,1323.0,8198.0,846.0
IL8,53.0,241.0,107.0,288.5,6523.0,10442.0,37005.0,333.5
IL8RA,45.0,37.0,375.0,150.0,27.0,6703.0,54.0,4.0
IL8RB,34.0,31.0,762.0,23.0,257.0,12028.0,31.0,66.0
IL9,42.0,50.0,48.0,216.0,35.0,88.0,46.0,40.0
ILF2,4368.0,6212.0,3046.0,1393.0,2908.0,383.0,3712.0,409.0
IMAA ,660.0,719.0,1449.0,1620.0,643.0,1669.0,816.0,106.0
IMAP1,3077.0,1865.0,2255.0,341.0,1920.0,346.0,235.0,37.0
IMAP1 ,2781.0,1503.0,1608.0,136.0,1362.0,238.0,120.0,16.0
INCENP ,223.0,970.0,574.0,643.0,310.0,786.0,192.0,150.0
INDO,248.0,364.0,243.0,289.0,1102.0,517.0,10829.0,59.0
INHBA,25.0,64.5,80.0,231.0,1692.0,289.5,24450.0,150.0
INPP4B ,2560.0,3019.0,199.0,179.0,47.0,211.0,54.0,33.0
INPP5B ,344.0,316.0,366.0,363.0,653.0,487.0,2656.0,93.0
INPP5D,2735.0,2547.0,5147.0,3985.0,2367.0,3150.0,398.0,580.0
IPLA2(GAMMA),2074.0,2245.0,1690.0,2132.0,4001.0,3094.0,8206.0,406.0
IQGAP1,1392.0,1098.0,3271.5,1060.0,3265.5,4538.5,3326.0,548.0
IRA1,2601.0,1955.5,1938.5,1370.5,2262.0,2556.0,2070.0,491.5
IRAK2,491.0,580.0,1106.0,712.0,1084.0,632.0,9324.0,88.0
IRF1 ,3816.0,2597.0,3730.0,1288.0,3252.0,4357.0,2028.0,120.0
IRF2,940.0,812.0,1127.0,1368.0,1381.0,2867.0,931.0,559.0
IRF4,326.0,442.0,247.0,1523.0,354.0,500.0,408.0,381.0
IRF5,376.5,750.5,727.0,973.0,2672.0,668.0,1564.0,2234.5
IRF7,728.0,870.0,772.0,883.0,1343.0,1507.0,1764.0,97.0
IRTA2,241.0,290.6666666666667,257.0,3430.3333333333335,306.6666666666667,693.3333333333334,244.0,99.33333333333333
ISG20 ,2884.5,2336.5,958.0,1898.5,249.5,3849.0,1218.0,19.0
ITGA4,2364.0,1608.0,1706.0,1097.5,1994.0,420.5,92.0,60.0
ITGAL,2895.0,2303.0,4330.0,411.0,2192.0,1100.0,1065.0,111.0
ITGAM,906.0,815.0,5330.0,446.0,5501.0,4433.0,2734.0,1813.0
ITGAX,43.0,195.0,767.0,105.0,1092.0,1951.0,2754.0,864.0
ITGB2,6338.0,7204.0,12850.0,2018.0,14076.0,11066.0,6285.0,1486.0
ITGB7,2048.0,2047.0,2024.0,621.0,306.0,237.0,105.0,41.0
ITGB8 ,32.0,27.0,223.0,103.0,1054.0,70.0,12056.0,220.0
ITK,6338.0,7192.0,3192.0,606.0,146.0,526.0,173.0,35.0
ITM1,473.0,406.0,606.0,466.0,536.0,258.0,828.0,163.0
ITPKB ,3025.0,6565.0,1574.0,481.0,811.0,611.0,299.0,314.0
IVNS1ABP,848.0,787.0,2089.0,507.5,1346.5,1338.5,2592.5,714.5
IgV(K),520.0,1588.0,491.0,819.0,4258.0,1465.0,1690.0,1106.0
JAK1 ,3171.0,3391.0,6647.5,1344.5,1815.5,3577.5,1707.5,229.0
JAK3,4757.0,7265.0,3743.0,2631.0,2870.0,3881.0,2253.0,206.0
JAM3,412.0,957.0,568.0,4447.0,693.0,1638.0,640.0,123.0
JMJD2B,860.0,800.0,1251.0,1717.0,1722.0,4128.0,892.0,205.0
JUN,847.0,517.0,434.0,886.0,3599.0,61.0,1546.0,138.0
KA6,1193.0,393.0,1705.0,557.0,281.0,198.0,87.0,55.0
KAB,107.0,133.0,17.0,132.0,861.0,58.0,2805.0,350.0
KBTBD2,1700.0,1776.0,1142.0,1317.0,1166.0,2647.0,1133.0,233.0
KCNJ2,88.0,174.5,188.0,582.5,1128.5,4491.0,2266.0,284.0
KCNK6,408.0,658.0,502.0,671.0,1004.0,751.0,740.0,511.0
KCTD12,142.0,211.0,44.0,105.0,7560.0,640.0,2123.0,932.0
KIAA0101 ,737.0,504.0,1108.0,637.0,127.0,425.0,118.0,126.0
KIAA0102,2374.0,1741.0,2341.0,1505.0,1640.0,1119.0,4083.0,423.0
KIAA0125,334.0,342.0,459.0,2170.0,219.0,588.0,163.0,58.0
KIAA0152,332.0,302.0,706.0,57.0,684.0,98.0,644.0,479.0
KIAA0179 ,2304.0,1863.0,1737.0,888.0,756.0,241.0,697.0,1026.0
KIAA0212,973.5,911.0,584.0,842.0,615.5,493.0,1053.0,370.5
KIAA0220 ,1008.0,1189.0,1531.0,1797.0,770.0,1171.0,801.0,286.0
KIAA0346,1339.0,1223.0,748.0,1617.0,2355.0,6612.0,5306.0,291.0
KIAA0379,1325.0,1234.0,1143.5,863.5,932.5,608.0,1059.0,466.5
KIAA0492,645.0,1705.0,1473.0,1051.0,2126.0,2026.0,1350.0,331.0
KIAA0615,934.0,888.0,521.0,342.0,733.0,1141.0,3279.0,138.0
KIAA0650,1329.0,1495.6666666666667,944.6666666666666,1330.6666666666667,862.3333333333334,3814.3333333333335,267.6666666666667,47.666666666666664
KIAA0746,1098.0,689.0,532.3333333333334,2470.0,190.0,410.6666666666667,231.66666666666666,233.33333333333334
KIAA0779,1744.0,1271.0,1146.0,1076.0,2568.0,9035.0,2417.0,738.0
KIAA0841,973.0,1246.0,1203.0,3491.0,715.0,1892.0,688.0,82.0
KIAA0912 ,508.0,788.0,584.0,364.0,825.0,140.0,407.0,152.0
KIAA0930,238.0,216.0,308.0,450.0,949.0,354.0,541.0,684.0
KIAA1126,483.0,417.0,496.0,235.0,629.0,3628.0,432.0,146.0
KIAA1160,2674.0,1541.0,1902.0,976.0,1734.0,2679.0,1849.0,194.0
KIAA1234 ,311.0,668.0,470.0,663.0,891.0,802.0,6876.0,2432.0
KIAA1268 ,130.0,419.0,279.0,568.0,373.0,290.0,437.0,103.0
KIAA1333,1017.0,734.0,1404.0,748.0,1419.0,776.0,1691.0,416.0
KIAA1361,1400.0,1093.0,1942.0,835.0,3778.0,1466.0,5384.0,570.0
KIAA1363,141.0,198.0,230.0,171.0,844.0,87.0,1148.0,3894.0
KIAA1384,134.0,225.0,197.0,1984.0,181.0,370.0,130.0,51.0
KIAA1404,2258.0,2552.0,1818.0,1535.0,2483.0,3859.0,4802.0,780.0
KIAA1484,4687.0,4738.0,2360.0,1114.0,4424.0,13477.0,1862.0,387.0
KIAA1509,5412.0,3695.0,4579.0,1336.0,1626.0,624.0,263.0,41.0
KIAA1533,2405.0,1916.0,602.0,380.0,1394.0,1659.0,5844.0,154.0
KIAA1546,895.0,1220.0,1290.0,675.0,3803.0,4271.0,3215.0,910.0
KIAA1554,3502.0,2555.2,4896.4,870.6,3483.0,1397.2,2532.0,370.8
KIAA1726,49.0,204.0,174.0,225.0,731.0,279.0,5676.0,288.0
KIAA1902 ,78.0,215.0,111.0,222.0,574.0,131.0,869.0,737.0
KIAA1949,13728.0,7742.0,17387.0,1929.0,13041.0,22784.0,17569.0,1598.0
KIAA1971,1706.0,1409.0,1176.0,545.0,625.0,74.0,746.0,227.0
KIAA2010,1188.0,2057.0,945.0,1036.0,621.0,303.0,458.0,109.0
KIAA2018,1370.0,936.0,961.0,607.0,1225.0,854.0,2674.0,153.0
KIAA2027,874.0,956.0,692.0,143.0,306.0,162.0,445.0,557.0
KIF14 ,52.0,555.0,172.0,328.0,97.0,265.0,162.0,62.0
KIF2,1579.0,1103.0,1228.0,786.0,395.0,459.0,319.0,129.0
KIF2C,276.0,230.0,388.0,832.0,236.0,542.0,206.0,60.0
KIR2DL1 ,219.5,324.5,3149.25,310.5,100.25,258.5,90.0,23.0
KIR2DL2,99.0,139.0,3272.0,178.0,38.0,110.0,41.0,18.0
KIR2DL4 ,229.0,292.0,1794.5,562.0,130.5,410.5,190.0,26.0
KIR2DS2 ,265.5,291.0,3126.5,295.0,123.0,382.5,90.0,58.5
KIR2DS5,106.5,168.5,4042.0,87.0,26.5,71.0,35.5,9.5
KIR3DL1,203.0,155.0,3935.0,408.0,54.0,427.0,60.0,21.0
KIR3DL2,193.0,233.0,3016.5,306.5,92.5,309.5,105.5,41.5
KIR3DS1,119.0,170.0,4503.0,197.0,74.0,286.0,58.0,33.0
KIS,2827.5,2045.5,5025.5,692.5,3679.5,1201.0,4134.5,639.5
KLF12,2125.0,1579.0,2539.0,90.0,51.0,102.0,107.0,9.0
KLHL6,932.0,2349.0,876.0,572.0,1213.0,569.0,1679.0,526.0
KLIP1,220.0,233.0,359.0,300.0,147.0,254.0,164.0,56.0
KLRB1,9092.0,2772.0,11050.0,309.0,128.0,568.0,73.0,47.0
KLRC3,622.0,150.0,3792.0,122.0,9.0,71.0,12.0,10.0
KLRC4,8681.0,1713.0,7013.0,1058.0,142.0,575.0,119.0,62.0
KLRD1,2316.0,817.0,7106.0,346.5,97.5,281.5,75.5,37.5
KLRF1,1185.0,1291.0,11239.0,277.0,85.0,204.0,25.0,31.0
KLRG1,3303.0,881.0,2280.0,1072.0,278.0,672.0,239.0,12.0
KPNA2,937.5,791.5,945.5,509.5,999.5,310.5,1253.0,290.0
KPNB1,3615.6666666666665,3121.3333333333335,3550.0,1679.0,2238.0,4277.333333333333,3625.3333333333335,605.6666666666666
KRAS2,3413.0,2684.0,3217.0,1591.0,2933.0,3798.0,3701.0,389.0
KRT23,41.0,51.0,95.0,261.0,102.0,3797.0,38.0,28.0
KSP37,8401.0,1115.0,30794.0,101.0,68.0,521.0,65.0,34.0
KYNU,107.66666666666667,166.0,93.33333333333333,636.6666666666666,2328.6666666666665,209.33333333333334,11156.666666666666,636.6666666666666
LACTB,977.0,1596.0,897.0,629.0,6229.0,1996.0,7723.0,2427.0
LAG3,505.0,166.0,37.0,335.0,24.0,108.0,47.0,40.0
LAK,85.0,599.0,48.0,129.0,714.0,3682.0,178.0,408.0
LAMP1,1204.0,1342.0,1485.0,649.0,1517.0,778.0,1697.0,3044.0
LANPL,5963.0,7746.0,3965.0,1859.0,2032.0,839.0,1127.0,959.0
LAP2,2077.75,2334.75,1259.0,1176.75,1782.0,381.0,370.5,104.0
LAPTM5,7894.0,10106.0,6036.0,11243.0,10044.0,12913.0,9960.0,2537.0
LAT,2951.0,2995.5,1305.0,172.5,224.0,193.5,1669.5,34.0
LCK,8915.0,7958.0,4659.0,506.5,105.0,393.0,100.0,52.0
LCP1,7544.0,7418.0,11169.0,3141.0,10427.0,14286.0,7463.0,2266.0
LCP2,2568.0,2365.5,2673.5,125.0,1525.0,2494.0,2304.0,226.5
LCP2 ,2035.5,1385.5,1649.0,546.0,1394.0,1342.5,2365.0,146.0
LEF1,6612.0,9581.0,475.0,462.0,62.0,691.0,65.0,69.0
LENG4,395.0,533.0,601.0,99.0,1427.0,5950.0,991.0,162.0
LENG5,586.0,446.0,617.0,728.0,1484.0,6929.0,759.0,177.0
LEPROTL1,5070.0,6816.0,1268.0,1079.0,1261.0,1844.0,699.0,137.0
LEREPO4,3117.0,3502.0,2548.0,1788.0,2613.0,1194.0,2282.0,206.0
LFIO9330 ,1568.0,1282.0,1972.0,291.0,531.0,332.0,1043.0,191.0
LFNG,1411.0,846.0,2131.0,158.0,4656.0,1419.0,1720.0,341.0
LIF,23.0,25.0,51.0,70.0,79.0,66.0,699.0,5.0
LILRA1,110.66666666666667,340.3333333333333,240.66666666666666,313.3333333333333,3026.3333333333335,4261.0,1216.0,234.33333333333334
LILRB1,278.0,216.66666666666666,177.0,484.3333333333333,3957.6666666666665,2236.0,3285.6666666666665,374.3333333333333
LILRB2,51.5,375.5,60.0,102.0,3747.5,4173.5,2284.5,202.0
LILRB3 ,82.4,252.6,128.6,228.6,2946.6,4711.0,2241.8,226.0
LIMS1,821.5,1065.0,1101.0,591.5,2619.5,745.0,5785.5,969.5
LIPK,1816.0,2725.0,2834.0,2268.0,2713.0,912.0,2459.0,669.0
LITAF,4315.0,3520.0,5733.0,1143.0,1433.0,21164.0,3184.0,815.0
LLT1,3825.5,3040.0,1211.0,1472.5,363.5,298.0,1169.5,107.0
LNK,777.0,859.0,1335.0,952.0,2832.0,1410.0,2215.0,290.0
LOC114139,536.0,468.0,565.0,1208.0,1219.0,2868.0,1068.0,402.0
LOC119392,1180.0,1043.0,727.0,547.0,1122.0,549.0,2365.0,81.0
LOC129531,2451.0,2916.0,1246.0,906.0,1855.0,865.0,1785.0,245.0
LOC129607,874.0,1635.0,1431.0,831.0,4756.0,1270.0,21471.0,282.0
LOC151194,903.0,324.0,297.0,410.0,1044.0,241.0,1004.0,404.0
LOC151636,5527.0,4650.0,6312.0,1940.0,5737.0,5051.0,4021.0,689.0
LOC151963,659.0,1272.0,430.0,751.0,815.0,830.0,5762.0,413.0
LOC153222,2076.0,1831.0,1340.0,1011.0,1496.0,4291.0,1924.0,720.5
LOC162073 ,163.0,192.0,266.5,328.0,1211.0,300.0,3098.5,466.0
LOC196264 ,549.0,1145.0,444.0,320.0,538.0,4377.0,398.0,137.0
LOC196463 ,803.0,715.0,890.0,159.0,1560.0,175.0,1402.0,1332.0
LOC197135 ,1932.0,1093.0,1533.0,891.0,301.0,717.0,301.0,91.0
LOC200030 ,2838.0,3147.0,2337.0,1160.0,2408.0,1997.0,5153.0,190.0
LOC201725 ,292.0,729.0,468.0,631.0,365.0,544.0,166.0,108.0
LOC202786,2773.0,2153.0,3734.0,1047.0,5330.0,2309.0,4512.0,1952.0
LOC202908,2268.0,2322.0,1966.0,2118.0,7067.0,17193.0,2405.0,289.0
LOC220213,959.0,822.0,349.0,1145.0,1189.0,1076.0,980.0,249.0
LOC23117 ,532.0,1857.0,1057.0,1164.0,1511.0,672.0,687.0,106.0
LOC253782,339.0,599.0,506.0,494.0,514.0,323.0,889.0,171.0
LOC283153,3320.0,2757.5,2333.5,1317.5,4389.5,2975.0,3373.0,701.0
LOC283431,37.0,70.0,48.0,59.0,172.0,50.0,968.0,504.0
LOC283431 ,114.0,213.0,231.0,363.0,282.0,237.0,948.0,666.0
LOC283989 ,5110.0,2477.0,5357.0,356.0,717.0,437.0,269.0,297.0
LOC284018,243.0,745.0,448.0,225.0,424.0,423.0,738.0,278.0
LOC284336 ,845.6666666666666,877.0,547.0,1212.0,2654.0,476.6666666666667,1978.3333333333333,199.33333333333334
LOC285628,86.0,54.0,82.0,78.0,323.0,73.0,3856.0,276.0
LOC286088 ,198.0,139.0,488.0,257.0,449.0,29.0,828.0,252.0
LOC286163,1688.0,1258.0,1054.0,656.0,3942.0,2404.0,1242.0,508.0
LOC339493,2381.0,2582.0,2074.0,2028.0,8069.0,19452.0,2652.0,293.0
LOC339541 ,1528.5,2418.5,267.5,519.5,813.5,197.0,64.5,8.0
LOC339745,402.0,572.0,523.0,886.0,1899.0,2596.0,1106.0,195.0
LOC341720 ,404.0,461.0,392.0,855.0,1663.0,807.0,10771.0,127.0
LOC342616,2006.0,1422.0,1546.0,510.0,303.0,429.0,287.0,105.0
LOC348235,604.0,774.0,486.0,289.0,352.0,207.0,195.0,84.0
LOC51061,1493.0,1198.0,2643.0,969.0,1566.0,794.0,1570.0,603.0
LOC51061 ,147.0,208.0,253.0,213.0,89.0,238.0,92.0,91.0
LOC51122,498.0,535.0,375.0,289.0,693.0,451.0,1536.0,551.0
LOC51320,912.0,775.0,1786.0,757.0,267.0,145.0,195.0,27.0
LOC51762,2276.0,2770.3333333333335,3528.0,740.6666666666666,3484.3333333333335,3120.6666666666665,4726.666666666667,474.3333333333333
LOC54103 ,1207.0,1392.0,5620.0,4674.0,2527.0,415.0,2800.0,1010.0
LOC55580,47.0,48.0,70.0,53.0,1944.0,35.0,1512.0,1203.0
LOC56854,2162.0,2541.0,1158.0,1127.0,662.0,826.0,622.0,110.0
LOC56902,571.0,636.5,1013.5,1576.0,443.0,2192.5,651.0,130.5
LOC64744,6999.0,7342.0,3779.0,4582.0,9983.0,18690.0,3656.0,1248.0
LOC64744 ,2008.0,3569.0,1487.0,3146.0,3732.0,4250.0,1367.0,152.0
LOC91526,3531.5,2236.5,2389.5,1871.0,2655.5,3592.0,694.0,537.5
LOC91947,344.0,293.0,595.0,1014.0,3193.0,1182.0,6620.0,7647.0
LOC91966,1092.3333333333333,859.6666666666666,1177.3333333333333,791.0,722.3333333333334,495.0,607.6666666666666,99.33333333333333
LOC92162 ,501.0,578.0,453.0,947.0,879.0,2605.0,1612.0,139.0
LOC92799,864.0,711.0,1122.0,260.0,2545.0,4761.0,3906.0,293.0
LOC93082,157.0,414.0,185.0,117.0,303.0,228.0,1643.0,25.0
LPXN,4366.0,3147.0,4127.0,1940.0,3062.0,1159.0,6292.0,1460.0
LRMP,483.0,510.0,797.0,912.0,832.0,2501.0,54.0,185.0
LRP10 ,640.0,901.0,924.0,411.5,451.0,4051.5,2060.0,199.0
LRRFIP1,2736.25,2390.25,2200.25,1173.0,4298.75,5825.5,2737.5,1219.25
LRRN3,1813.0,910.0,27.0,214.0,47.0,108.0,24.0,32.0
LRRN4,2903.0,2805.0,1580.0,1697.0,2474.0,3461.0,1543.0,273.0
LSP1,1627.0,1578.0,2124.0,675.0,3434.0,5030.0,741.0,1523.0
LST1,493.1666666666667,1070.5,190.66666666666666,212.5,4669.166666666667,11793.0,494.8333333333333,774.1666666666666
LTA,46.0,27.0,13.0,29.0,15.0,32.0,18.0,6.0
LTB,9789.0,13204.0,678.0,7010.0,306.0,6177.0,149.0,57.0
LTB4R ,974.0,691.0,1127.0,905.0,2341.0,4128.0,1663.0,167.0
LUC7L2 ,650.0,927.0,777.0,240.0,532.0,98.0,827.0,426.0
LY75,1797.0,1603.0,1704.0,943.0,797.0,1585.0,69.0,108.0
LY9 ,6015.0,2904.0,1691.0,2584.0,53.0,222.0,198.0,811.0
LY96,270.0,357.0,85.0,274.0,2864.0,6621.0,1339.0,452.0
LYAR,2174.0,611.0,1229.0,301.0,1013.0,455.0,1060.0,218.0
LYN,284.3333333333333,1068.3333333333333,2613.3333333333335,2464.6666666666665,5426.0,14877.0,8150.666666666667,528.6666666666666
LYRIC,1702.0,1487.6666666666667,1715.0,1274.6666666666667,1572.6666666666667,550.6666666666666,1007.0,589.0
LZK1,4283.0,2649.0,2032.0,1485.0,3019.0,2810.0,4373.0,287.0
LZTFL1,443.0,263.0,456.0,77.0,207.0,111.0,142.0,149.0
Lectin,122.0,154.0,151.0,576.0,224.0,371.0,526.0,1898.0
M6PR,1438.0,1341.0,1810.0,328.0,2450.0,328.0,4374.0,856.0
MAD,58.0,90.0,135.0,75.0,217.0,2436.0,229.0,4.0
MAD2L1,561.0,309.0,268.0,319.0,42.0,158.0,52.0,26.0
MAF,403.0,236.0,629.0,150.0,167.0,148.0,138.0,378.0
MAFB,369.0,919.0,490.5,583.0,8573.0,652.0,14427.0,3706.0
MAFF,513.0,428.0,561.0,97.0,503.0,381.0,7428.0,1381.0
MAK3P,1734.0,1199.5,1581.0,797.5,1618.0,1477.5,1751.0,612.0
MAK3P ,1305.0,670.0,1601.0,1127.0,1202.0,1050.0,1274.0,138.0
MAN1A1,277.0,166.0,557.0,538.0,222.0,577.0,104.0,127.0
MAN2A1,1201.0,1171.0,754.0,850.0,1092.0,397.0,430.0,481.0
MANEA,396.0,501.0,464.0,618.0,528.0,257.0,343.0,165.0
MAP3K4,767.0,704.5,634.5,536.0,742.5,94.5,3461.5,485.0
MAP3K8,411.0,134.0,1297.0,1128.0,1526.0,1513.0,3623.0,184.0
MAP4K1,1437.0,1519.0,665.0,175.0,232.0,49.0,17.0,49.0
MAPKAP1,845.0,1115.0,769.0,902.0,831.0,586.0,738.0,320.0
MARCKS,82.66666666666667,166.66666666666666,101.0,597.6666666666666,1647.6666666666667,2023.3333333333333,5049.666666666667,316.3333333333333
MBD2,2461.0,2140.0,1729.0,1742.0,3869.0,2361.0,2054.0,332.0
MBD4,2278.0,1970.0,2329.0,2948.0,2650.0,3196.0,3070.0,683.0
MBD6,1094.0,852.0,937.0,385.0,1951.0,5131.0,2785.0,541.0
MBNL1,5208.5,6440.5,5714.0,2969.0,3688.5,3513.5,1083.0,734.5
MBP,4208.0,2727.5,7750.0,713.0,3063.0,8766.0,3263.0,842.5
MCFP ,1544.0,1806.0,1225.0,547.0,3419.0,822.0,3242.0,2601.0
MCL1,399.5,369.0,313.0,580.5,570.5,1474.0,819.5,55.5
MCL1 ,1074.0,833.0,1063.0,769.0,7174.0,5999.0,1796.0,184.0
MCM10,94.0,391.0,155.0,282.0,62.0,189.0,44.0,38.0
MCM2,595.0,553.0,973.0,1092.0,144.0,332.0,301.0,37.0
MCM5,713.0,578.0,755.0,922.0,590.0,253.0,291.0,155.0
MCM6,1217.0,784.0,1052.0,67.0,224.0,56.0,198.0,107.0
MCM7,691.0,848.0,693.0,802.5,403.0,354.0,170.0,86.5
MCOLN1 ,7288.0,3660.0,1721.0,201.0,74.0,138.0,175.0,6.0
MCOLN2,1098.0,315.0,200.0,384.0,877.0,162.0,8067.0,477.0
MDA5,260.0,195.0,164.0,261.0,469.0,260.0,618.0,104.0
MDS010,765.5,550.0,694.5,568.0,603.5,384.0,321.0,238.0
MEF2A ,503.0,609.0,789.0,1337.0,2027.0,999.0,1545.0,826.0
MEFV,78.0,135.0,467.0,1613.0,383.0,2412.0,193.0,49.0
MELK,133.0,119.0,186.0,150.0,50.0,110.0,55.0,21.0
MFNG,2809.0,2981.0,2115.0,1171.0,1710.0,1331.0,347.0,423.0
MGAT2,1018.5,501.5,1147.0,700.0,1076.0,407.5,1410.5,244.0
MGC10120,5483.0,4024.0,3272.0,4228.0,6373.0,6178.0,11292.0,1489.0
MGC10500 ,2984.0,2171.0,2571.0,1755.5,2163.5,8086.5,892.0,211.0
MGC11115,828.0,898.0,364.0,45.0,1968.0,1797.0,4417.0,565.0
MGC14126 ,241.0,368.0,180.0,37.0,250.0,2831.0,261.0,111.0
MGC15523,440.0,612.0,595.0,962.0,797.0,1046.0,1215.0,267.0
MGC15606,658.0,887.0,551.0,695.0,615.0,613.0,536.0,174.0
MGC15619,2211.0,1915.0,2813.0,10011.0,6889.0,7401.0,1512.0,2453.0
MGC15763,5817.0,5303.0,1101.0,531.0,592.0,604.0,445.0,98.0
MGC16044,4957.0,4310.0,1458.0,1031.0,245.0,832.0,430.0,237.0
MGC16353,1410.0,1640.0,918.0,1407.0,953.0,8081.0,704.0,120.0
MGC19764,5749.666666666667,2803.6666666666665,4402.333333333333,676.0,1632.6666666666667,636.0,3489.0,717.3333333333334
MGC20700,546.0,769.5,384.0,247.0,694.0,168.0,1082.5,686.5
MGC21854,8335.0,5339.0,5711.0,5831.0,8614.0,7692.0,2823.0,823.0
MGC21854 ,3711.0,1389.0,3574.0,1317.0,4875.0,1949.0,1007.0,191.0
MGC23244,1564.0,2263.0,1808.0,558.0,365.0,429.0,360.0,106.0
MGC23909,2708.0,3345.0,2137.0,1058.0,7250.0,3598.0,5668.0,1626.0
MGC24001 ,316.0,310.0,319.0,117.0,75.0,169.0,235.0,95.0
MGC24133,3706.0,4365.0,8154.0,1993.0,14496.0,1814.0,1984.0,6189.0
MGC26226,285.0,554.0,248.0,679.0,423.0,605.0,1140.0,265.0
MGC2647,3057.0,1989.0,3016.0,558.0,2798.0,3478.0,709.0,273.0
MGC26717,993.5,1034.5,740.5,650.0,1011.0,515.5,1020.0,152.0
MGC27044,451.0,484.0,836.0,348.0,358.0,153.0,648.0,1191.0
MGC2865,746.0,524.0,1134.0,156.0,1727.0,59.0,1635.0,421.0
MGC3036,1450.0,579.0,857.0,399.0,401.0,286.0,171.0,93.0
MGC3067,885.0,678.0,1095.0,644.5,630.5,325.0,1064.5,165.0
MGC33602,2635.0,1273.0,2299.0,394.0,4257.0,452.0,516.0,1188.0
MGC33864,1875.0,2599.0,1298.0,510.0,1927.0,1669.0,2272.0,415.0
MGC39350,1203.0,1004.0,1179.0,747.0,2034.0,1944.0,2580.0,163.0
MGC39372,859.0,586.0,501.0,1791.0,1019.0,889.0,3537.0,62.0
MGC39820 ,2358.0,2598.0,1447.0,295.0,3910.0,5044.0,457.0,140.0
MGC39830,2437.0,2477.5,2388.0,1296.5,1727.0,5509.0,2090.0,264.5
MGC4342,2024.0,1516.0,6444.0,718.0,3260.0,5757.0,2053.0,255.0
MGC4368,715.0,546.0,783.0,657.0,1079.0,2076.0,601.0,294.0
MGC45731,451.0,774.0,768.0,1184.0,1801.0,1156.0,6860.0,818.0
MGC45871,8697.0,8274.0,5973.0,437.0,7659.0,15828.0,1055.0,210.0
MGC4677,2856.0,1592.0,2221.0,279.0,2279.0,4128.0,4403.0,853.0
MGC4796,330.0,171.0,309.0,91.0,1072.0,3350.0,2989.0,297.0
MGC5244,2661.0,2588.0,1183.0,255.0,337.0,230.0,257.0,81.0
MGC5306,3002.0,3296.0,1294.0,1605.0,1441.0,1147.0,1188.0,750.0
MGC5618,493.5,627.0,386.5,304.5,2334.0,14040.5,15515.0,872.5
MGC57827 ,221.0,2650.0,550.0,1119.0,562.0,903.0,229.0,258.0
MGC61571,5440.0,698.0,5651.0,89.0,782.0,101.0,1110.0,527.0
MGC62018 ,917.0,1030.0,478.0,521.0,861.0,361.0,712.0,242.0
MGC7036,1398.0,1409.0,1067.0,229.0,7885.0,5087.0,11704.0,1149.0
MGC72104 ,625.0,697.0,866.0,2437.0,443.0,3615.0,922.0,194.0
MGC8721 ,5197.0,2880.0,818.0,1482.0,1152.0,529.0,158.0,54.0
MGC9726,151.0,271.0,327.0,727.0,284.0,574.0,722.0,2073.0
MGEA5 ,1021.0,1455.0,1482.0,1831.0,653.0,1031.0,427.0,56.0
MKI67,269.0,306.0,392.0,651.0,179.0,578.0,185.0,52.0
MKI67IP,2464.0,1882.5,1425.0,819.5,1779.5,413.5,1242.5,365.5
MLL3,2220.0,1370.0,2792.0,1308.0,4228.0,3530.0,3586.0,437.0
MMP1,4.0,12.0,9.0,66.0,377.0,39.0,3716.0,14.0
MMP12,81.0,82.0,163.0,648.0,81.0,441.0,110.0,6452.0
MMP14,30.0,32.0,16.5,96.5,199.0,60.5,2477.5,133.0
MMP19,14.0,23.0,24.0,56.0,205.0,48.0,3674.0,416.0
MMP9,269.0,303.0,488.0,479.0,2154.0,5531.0,30482.0,5003.0
MMPL1,210.0,187.0,511.0,249.0,437.0,4656.0,130.0,325.0
MNDA,78.0,180.0,426.0,104.0,11507.0,31199.0,381.0,572.0
MO25,2320.0,2496.0,1371.0,820.0,2033.0,2172.0,1397.0,645.0
MOB4A,686.0,629.0,668.0,384.0,1709.0,200.0,2364.0,457.0
MOBKL2A ,4049.0,4582.0,5156.0,1522.0,8336.0,11240.0,8072.0,675.0
MPEG1,383.0,905.0,567.0,2273.0,32437.5,5844.5,5604.0,3761.5
MPPE1,678.3333333333334,701.0,740.0,291.3333333333333,577.6666666666666,3021.6666666666665,96.33333333333333,95.66666666666667
MRPS10,1273.0,910.0,976.0,786.0,1394.0,551.0,3819.0,371.0
MS4A6A,118.33333333333333,156.33333333333334,197.33333333333334,384.6666666666667,5566.0,552.3333333333334,228.0,1074.0
MS4A7,159.0,302.0,347.0,457.0,3181.0,272.0,3833.0,1871.0
MSC,76.0,51.0,37.0,63.0,116.0,137.0,1058.0,189.0
MSCP,320.57142857142856,424.42857142857144,234.28571428571428,370.85714285714283,1240.0,6298.0,6210.571428571428,73.28571428571429
MSCP ,586.0,631.0,601.0,798.0,865.0,2939.0,3690.0,76.0
MSN ,783.0,692.0,1074.0,1096.0,1058.0,1378.0,1848.0,80.0
MST4,1978.0,1662.0,3100.0,905.0,844.0,1105.0,1853.0,26.0
MTF1,1063.0,531.0,479.0,75.0,3047.0,908.0,9366.0,414.0
MTHFD2,582.0,428.0,807.0,292.0,1211.0,214.0,3045.0,372.0
MTND6,775.0,892.0,683.0,4785.0,760.0,1365.0,1007.0,244.0
MX1,529.0,674.0,399.0,838.0,1344.0,776.0,738.0,309.0
MX2,945.0,1242.0,766.0,1518.0,2146.0,5008.0,746.0,182.0
MYBL1,1801.0,798.0,3769.0,298.0,26.0,124.0,17.0,50.0
MYH9 ,112.0,230.0,553.0,2499.0,166.0,4501.0,225.0,33.0
MYLIP,6528.0,4528.0,3690.75,3158.25,1527.0,3641.75,236.75,130.0
MYO1F,2482.0,1737.0,6407.0,668.0,7666.0,12387.0,3271.0,404.0
MYO1G,4450.0,3324.5,5272.5,1668.5,3775.5,1054.0,3330.0,81.0
MYO1G ,638.0,704.0,739.0,243.0,529.0,63.0,619.0,28.0
NAGA,296.5,406.0,350.5,549.0,2052.0,427.5,458.5,599.0
NAGK,750.0,723.0,741.0,974.0,5093.0,2761.0,2351.0,394.0
NAGPA,539.0,548.0,296.0,363.0,758.0,78.0,562.0,968.0
NALP12,484.0,622.0,638.0,220.0,3763.0,4200.0,748.0,241.0
NALP7,193.0,156.0,83.0,298.0,102.0,161.0,111.0,26.0
NAV1,182.0,191.5,165.5,362.0,316.5,355.0,1150.0,88.0
NBS1,695.3333333333334,521.6666666666666,900.6666666666666,658.0,1420.6666666666667,1629.3333333333333,4695.666666666667,197.66666666666666
NCE2,1015.3333333333334,1400.3333333333333,2017.3333333333333,337.0,1122.6666666666667,744.6666666666666,957.6666666666666,481.3333333333333
NCF1,141.0,131.5,253.5,2025.0,3511.0,7214.0,641.0,162.0
NCF2,90.0,485.0,279.0,308.0,13104.0,22335.0,21062.0,1189.0
NCF4,152.5,198.0,196.0,677.5,1650.0,8279.0,711.5,195.5
NCK1,1096.5,763.0,1224.5,746.0,693.0,676.5,671.5,307.5
NCOA3,700.2,730.8,614.6,1099.4,885.8,566.0,1356.6,133.0
NCR3,1363.0,469.0,1760.0,447.0,70.0,246.66666666666666,43.666666666666664,46.0
NDE1,960.0,1155.5,884.5,943.0,1104.5,2076.0,1114.5,148.0
NDFIP2,303.0,3160.5,566.0,372.5,121.0,369.5,456.5,147.0
NDNL2,3404.0,2552.0,1401.0,1048.0,752.0,348.0,631.0,168.0
NEK6,300.0,219.0,645.0,260.0,1300.0,1022.0,3526.0,3216.0
NETO2,234.0,143.0,244.0,298.0,787.0,238.0,794.0,493.0
NFAM1,350.0,456.0,502.0,942.0,4255.0,4877.0,683.0,461.0
NFATC3 ,3371.5,2399.5,4406.0,1728.5,1575.5,1707.0,1145.5,339.0
NFE2,95.0,102.0,96.0,19.0,1465.0,4250.0,85.0,112.0
NFKB1,1491.0,1674.0,860.0,1301.0,1515.0,1135.0,3268.0,408.0
NGLY1,1186.0,1196.0,1064.0,1719.0,798.0,1062.0,771.0,124.0
NIN,6081.0,3862.0,3322.0,2525.0,6442.0,6124.0,1831.0,596.0
NINJ1,470.0,443.0,191.0,21.0,1544.0,3757.0,5323.0,307.0
NK4,6126.0,4668.0,1554.0,23.0,11.0,109.0,24.0,5.0
NKG7,9318.0,4518.0,17314.0,33.0,179.0,346.0,173.0,2.0
NKTR,2147.0,3274.0,2223.0,1911.0,2657.0,818.0,1876.0,354.0
NMI,1565.0,1792.0,1623.0,578.0,2879.0,5694.0,1691.0,335.0
NMT1,1373.0,1389.0,1054.0,705.0,1406.0,414.0,1435.0,133.0
NOD27,10375.0,5005.0,5421.0,2002.0,4444.0,2384.0,1755.0,315.0
NOD3,7846.0,4251.0,9384.0,2210.0,181.0,650.0,173.0,141.0
NOP5/NOP58,4710.0,6202.0,3744.0,2448.0,3226.0,258.0,3283.0,943.0
NOTCH4,4079.0,5131.0,2688.0,1900.0,4040.0,8214.0,2748.0,287.0
NPC1,480.0,244.0,941.0,503.0,616.0,398.0,3627.0,742.0
NPL,89.0,97.0,107.0,45.0,891.0,1974.0,665.0,1022.0
NR3C1,637.5,575.5,1106.0,434.5,1298.0,1213.5,4240.0,182.5
NR4A3,30.5,64.0,53.0,176.5,91.0,114.5,504.0,302.0
NRBF-2,575.0,605.5,558.0,212.0,1071.0,5945.0,1059.0,209.5
NRIP3,178.0,200.0,243.0,717.0,347.0,509.0,3759.0,211.0
NRP1,14.0,11.0,30.0,105.0,295.0,64.0,4027.0,494.0
NRP2,183.0,220.0,138.5,332.5,431.5,452.0,2146.0,213.5
NS1-BP,444.0,314.0,594.0,126.0,395.0,411.0,753.0,165.0
NSMAF,857.5,929.0,709.0,547.0,1304.5,1113.5,3894.0,323.5
NT5C3,2886.0,3893.0,2226.0,3706.0,2572.0,5050.0,2174.0,356.0
NUMB,481.0,522.0,442.0,589.0,1333.0,2823.0,1319.0,132.0
NUP153,1506.0,1272.0,1543.0,1410.0,976.0,1689.0,1085.0,233.0
NUP214,711.0,650.0,643.0,1293.0,2078.0,3717.0,1043.0,59.0
NUP62,187.0,280.0,478.0,178.0,449.0,211.0,349.0,396.0
NUPL1,387.0,814.0,425.0,373.0,708.0,680.0,1153.0,267.0
NUSAP1,198.0,147.5,346.0,295.0,188.5,243.5,146.0,54.0
NYREN18,2679.0,1980.0,2188.0,1258.0,2021.0,1576.0,1470.0,932.5
OAS1,156.0,190.0,183.0,343.0,1081.0,242.0,187.0,179.0
OAS2,843.0,726.0,959.0,1152.0,1200.0,620.0,362.0,140.0
OAS3,515.0,457.0,343.0,434.0,1324.0,486.0,586.0,278.0
OATPRP4,77.0,109.0,139.0,474.0,108.0,335.0,136.0,63.0
OAZ2,819.0,955.0,636.0,1462.0,2444.0,6076.0,1669.0,741.0
OC92906 ,1347.0,1517.0,313.0,79.0,881.0,310.0,1261.0,720.0
OGFRL1 ,331.0,186.0,448.0,643.0,2211.0,2955.0,2449.0,904.0
OK/KNS-CL.4 ,303.0,335.0,349.0,530.0,703.0,518.0,3840.0,282.0
OSBPL10,46.0,81.0,24.0,1423.0,53.0,142.0,31.0,24.0
OSBPL11,1298.0,1085.0,1630.0,1128.0,4779.0,3238.0,4386.0,863.0
OSBPL8,827.0,736.0,960.0,900.0,1599.0,3131.0,3499.0,306.0
OSM,397.0,477.0,270.0,212.0,445.0,1168.0,4477.0,70.0
OSTM1 ,1285.0,763.0,1151.0,432.0,1795.0,1242.0,3078.0,828.0
P101-PI3K,3404.0,1857.0,4624.0,1217.0,4221.0,4762.0,12815.0,915.0
P2RX5,815.0,854.0,280.0,6525.0,182.0,63.0,42.0,71.0
P2RX7,668.0,808.0,1049.0,393.0,4454.0,253.0,7649.0,856.0
P2RY8,14748.0,7620.0,8920.0,5111.0,5079.0,2067.0,392.0,151.0
P2Y10 ,1436.0,1460.0,446.0,1083.0,105.0,1954.0,157.0,95.0
PA2G4,960.0,1023.0,1171.0,528.0,977.0,363.0,1207.0,126.0
PABPC1 ,9492.0,7441.0,4017.0,2548.0,7060.0,1546.0,785.0,254.0
PACAP,255.0,167.5,44.5,257.5,40.0,53.5,23.0,24.0
PAI-RBP1,2202.0,1956.5,2430.0,954.5,1778.5,440.5,1262.0,245.5
PAICS,547.5,600.0,406.5,534.5,237.0,229.0,250.5,112.5
PAK2,882.5,931.5,1025.0,937.0,1162.0,2178.5,1055.5,328.0
PAPOLA,1635.0,1482.0,1016.0,1686.0,1226.0,1029.0,1107.0,76.0
PARVG,2286.5,1589.5,1807.5,1591.0,4340.5,2676.0,1699.0,808.5
PASK,1451.0,1036.0,351.0,704.0,151.0,374.0,141.0,50.0
PAX5 ,127.0,126.0,163.0,3249.0,105.0,249.0,99.0,46.0
PBEF,260.0,331.0,309.0,447.0,1504.0,12046.0,10785.0,543.0
PBEF1 ,43.0,98.0,203.0,70.0,2934.0,4646.0,5281.0,48.0
PC4,3577.0,3447.0,2576.5,1265.0,1929.5,1674.5,1837.5,631.0
PCNA,903.0,541.0,1432.0,240.0,461.0,285.0,663.0,308.0
PDCD1LG1,581.5,768.5,579.5,884.0,1441.0,908.0,13472.0,1754.0
PDE4B,929.0,1084.0,232.0,1946.0,391.0,1391.0,1368.0,41.0
PDK1,2542.0,5708.0,1080.0,1256.0,810.0,1292.0,659.0,185.0
PDL2,37.0,42.0,27.0,54.0,32.0,54.0,52.0,416.0
PDXK,254.0,292.0,229.5,326.5,1215.5,534.5,3301.0,1459.0
PELI1,647.3333333333334,1490.3333333333333,370.6666666666667,1737.3333333333333,2267.6666666666665,5528.0,1504.3333333333333,158.0
PEP1,1878.0,1843.0,1673.0,660.0,1916.0,1380.0,6145.0,1161.0
PFC,20.0,256.0,6.0,13.0,3924.0,2265.0,973.0,3.0
PFKFB3,254.0,276.0,195.0,107.0,790.0,566.0,6165.0,78.0
PGD,591.0,718.0,845.0,270.0,4469.0,3153.0,8822.0,1744.0
PGK1,2300.0,4885.0,1754.0,545.0,4641.0,3088.0,3455.0,1273.0
PHC2,927.0,1194.0,994.0,1129.0,1634.0,7662.0,1686.0,252.0
PHCA,263.0,254.5,327.5,216.5,1426.0,282.0,1175.0,947.5
PHF19 ,901.0,2075.3333333333335,621.6666666666666,285.6666666666667,679.6666666666666,262.0,640.6666666666666,131.66666666666666
PI3,67.5,70.5,113.0,256.5,176.5,2547.0,2910.5,25.5
PI4KII,541.0,607.0,719.0,938.0,663.0,678.0,1647.0,374.0
PIAS1 ,1922.0,1990.0,2095.0,1545.0,2298.0,3703.0,1107.0,81.0
PICALM,428.5,482.0,792.0,447.5,1445.5,2781.0,743.0,746.0
PIK3CD,5066.0,4449.0,4008.0,3098.0,4056.0,9127.0,980.0,390.0
PIK3CG ,3338.0,1435.0,4793.0,1980.0,3231.0,3704.0,1405.0,869.0
PILRA,106.0,319.0,121.0,183.0,2961.5,3522.5,7281.5,333.0
PIM1,2001.0,2331.0,1813.0,724.0,922.0,1619.0,4495.0,256.0
PIM2,839.0,1461.0,646.0,1412.0,322.0,1180.0,1079.0,57.0
PIP5K2A ,11802.0,7293.0,11178.0,1467.0,3667.0,2414.0,1191.0,1099.0
PISD,158.0,282.0,318.0,100.0,914.0,2065.0,640.0,33.0
PITPN,500.0,450.0,540.0,512.0,999.0,2635.0,1819.0,145.0
PLA2G7,34.0,60.0,87.0,259.0,2518.0,146.0,16601.0,2388.0
PLA2G7 ,10.0,18.0,14.0,94.0,464.0,30.0,3189.0,975.0
PLAUR,164.33333333333334,254.0,146.66666666666666,274.3333333333333,1831.3333333333333,1472.3333333333333,10540.333333333334,636.3333333333334
PLCG2 ,29.0,139.0,218.0,842.0,27.0,2091.0,23.0,6.0
PLD1 ,158.0,63.0,125.0,192.0,481.0,67.0,2545.0,120.0
PLD3 ,428.0,555.0,537.0,283.0,1122.0,227.0,466.0,1187.0
PLDN,2095.0,1803.5,1422.0,947.5,2289.5,595.0,2008.0,2266.5
PLEK,1837.0,879.5,5044.0,918.0,3262.5,4576.0,8156.0,708.5
PLEKHB2,328.0,351.0,710.0,175.0,1455.0,643.0,4038.0,234.0
PLXDC2 ,107.66666666666667,112.0,184.33333333333334,259.6666666666667,1880.6666666666667,777.3333333333334,564.3333333333334,1110.3333333333333
PLXNC1,137.5,160.0,153.0,164.0,1186.0,2233.5,571.5,122.5
PMAIP1,1066.5,840.0,881.0,1763.0,1450.5,904.5,1835.0,70.5
PMS1 ,2219.0,2252.0,1892.0,1949.0,2237.0,893.0,880.0,632.0
PNOC,123.0,178.0,152.0,2297.0,230.0,374.0,116.0,26.0
POLE3,1687.0,1697.0,1808.0,1442.0,1073.0,551.0,542.0,261.0
POLR1B,1020.0,785.0,666.0,453.0,626.0,197.0,320.0,285.0
POU2AF1,358.0,363.0,49.0,4485.0,65.0,336.0,47.0,21.0
PP2135,2778.0,2029.0,2286.0,507.0,10439.5,12695.5,577.0,790.0
PPBP,66.0,65.0,13.0,246.0,350.0,975.0,7689.0,301.0
PPHLN1,9527.0,6066.0,3461.0,2413.0,4809.0,2172.0,4087.0,1040.0
PPIF,237.5,401.0,234.0,269.5,1914.5,1193.0,10513.5,601.0
PPM1F,422.0,432.0,486.0,277.0,1962.0,2038.0,658.0,446.0
PPP1R2,1694.0,2195.0,843.0,1018.5,657.0,890.5,722.5,125.5
PPT1,2408.0,3022.0,1398.0,1231.0,8154.0,6674.0,4022.0,990.0
PRAM-1,18.0,113.0,80.0,19.0,6588.0,1338.0,706.0,1709.0
PRC1 ,144.0,74.0,150.0,207.0,59.0,72.0,80.0,27.0
PRDM1,1926.0,1132.0,2303.0,930.0,926.0,2197.0,4382.0,765.0
PRDM2,1119.0,1286.0,1136.0,2578.0,733.0,835.0,787.0,169.0
PREX1,3167.5,1260.5,6271.5,916.5,3911.0,10893.5,2431.5,306.5
PRF1,8311.0,4082.0,20893.0,536.0,164.0,856.0,159.0,37.0
PRG2,412.5,365.0,353.5,562.5,1224.5,424.0,4402.0,182.0
PRICKLE1 ,289.0,325.0,816.0,1539.0,389.0,2144.0,569.0,102.0
PRKCH,3662.0,3707.0,4826.0,418.0,305.0,527.0,570.0,77.5
PRKCQ ,2551.0,2547.0,1819.0,696.0,171.0,635.0,166.0,66.0
PRKX,1225.0,1505.0,1751.0,1130.0,775.0,446.0,241.0,248.0
PRO1073,3873.0,9969.0,2908.6,2838.2,5824.4,4067.2,6324.4,1186.0
PRO1073 ,16840.666666666668,14747.0,24645.0,11416.333333333334,19503.333333333332,9146.333333333334,23804.333333333332,5094.333333333333
PRO2000,296.0,790.0,206.0,85.0,111.0,28.5,57.5,48.0
PROK2,249.0,31.0,67.0,31.0,1371.0,13698.0,107.0,32.0
PRSS1 ,15289.0,18764.666666666668,7419.666666666667,1395.0,211.0,1331.3333333333333,179.0,136.33333333333334
PSCD1,2824.0,4107.0,3438.0,1237.0,1231.0,1101.0,1672.0,127.0
PSCD4,1438.0,1374.0,1704.0,1134.0,1813.0,4475.0,1342.0,319.0
PSCDBP,2412.0,2981.0,1769.0,1267.0,1535.0,2798.0,3565.0,967.0
PSMB2,600.0,439.0,1085.0,2489.0,516.0,2663.0,805.0,251.0
PSMD11,1246.0,1044.0,1298.0,1076.0,1287.0,672.0,4219.0,317.0
PTAFR,273.0,388.0,400.0,864.0,2246.0,4673.0,3044.0,612.0
PTEN,954.5,999.5,709.5,697.5,1538.0,4011.5,516.0,89.0
PTGDR,494.5,266.0,3439.5,386.5,147.0,323.0,140.0,49.5
PTGER2,1881.0,882.0,3892.0,89.0,1161.0,179.0,1415.0,101.0
PTGS2,30.0,37.0,57.0,95.0,1032.0,2414.0,6842.0,16.0
PTP,147.0,622.0,124.0,225.0,177.0,95.0,1638.0,198.0
PTP4A2,3726.0,4134.0,5056.0,1765.0,4617.0,2677.0,2658.0,191.0
PTPJ,3250.0,2245.0,5248.0,1872.0,5629.0,9677.0,7167.0,1592.0
PTPN1,982.0,1057.0,878.0,1414.0,847.0,1036.0,1948.0,91.0
PTPN22,1346.0,1065.0,1278.0,298.0,546.0,222.0,99.0,229.0
PTPN4,2133.0,998.0,3653.0,660.0,274.0,541.0,97.0,97.0
PTPN6,2876.0,2533.0,2663.0,3061.0,4306.0,5614.0,3051.0,358.0
PTPN7,967.0,922.0,1468.0,696.0,327.0,597.0,824.0,201.0
PTPRC,8011.333333333333,8888.666666666666,10430.0,5932.0,8384.333333333334,14724.666666666666,2502.3333333333335,1100.3333333333333
PTPRCAP,4487.0,3335.0,3390.0,2399.0,55.0,183.0,97.0,12.0
PTPRE ,1118.0,825.0,2436.0,850.0,4988.0,3812.0,9794.0,1682.0
PTPRO,97.0,129.0,132.0,707.0,314.0,329.0,209.0,870.0
PTTG1,1138.0,913.0,755.0,1160.0,502.0,1082.0,610.0,151.0
PTX3,55.0,41.0,53.0,156.0,514.0,131.0,2764.0,157.0
PVRL2,45.0,80.0,28.0,75.0,143.0,166.0,326.0,234.0
PVRL4 ,12751.0,8614.0,12120.0,3313.0,11885.0,10619.0,8467.0,1209.0
PXN,1397.0,1130.0,3956.0,673.0,1698.0,3803.0,1166.0,232.0
QPCT,26.0,39.0,42.0,51.0,1426.0,2948.0,1746.0,547.0
QRSL1,439.0,427.0,294.0,1669.0,290.0,176.0,189.0,51.0
RAB10,2026.0,2429.0,2198.0,999.0,8796.0,6502.0,17942.0,1572.0
RAB24,1614.0,849.0,1788.0,851.0,6440.0,6914.0,2188.0,310.0
RAB30,598.0,608.0,363.6666666666667,1668.3333333333333,201.66666666666666,468.0,209.66666666666666,339.6666666666667
RAB37,4530.0,1914.0,6120.0,1402.0,1518.0,6056.0,266.0,53.0
RAB9A,1081.0,885.0,1565.0,430.0,1376.0,597.0,1673.0,380.0
RAC2,8820.0,9182.0,10176.5,4304.0,6597.5,11541.0,11209.5,1710.5
RACGAP1,279.0,199.0,422.0,300.0,163.0,163.0,136.0,59.0
RAFTLIN ,2035.0,1823.0,3478.0,2142.0,1623.0,514.0,5415.0,929.0
RALA,491.0,418.0,395.0,267.0,588.0,341.0,2453.0,99.0
RALB,739.0,767.0,842.0,1232.0,1804.0,6168.0,1170.0,143.0
RALGPS2 ,252.0,394.0,549.0,4697.0,127.0,551.0,49.0,130.0
RAMP,268.5,691.5,497.5,574.0,203.0,372.0,214.5,34.5
RAP1A ,445.0,585.0,713.0,547.0,1070.0,810.0,1196.0,176.0
RAP2B,6886.0,3816.0,7104.0,625.0,8772.0,1880.0,2454.0,3566.0
RAP2C,1342.0,1158.0,1393.0,958.0,1081.0,1201.0,2310.0,145.0
RAPGEF1 ,2020.0,1412.5,2971.5,971.5,2011.0,1046.0,5419.0,962.5
RAPGEF6 ,4002.5,4474.5,1976.5,1171.0,1741.5,2682.5,2668.0,461.5
RARA,194.0,254.0,186.0,49.0,1040.0,2250.0,448.0,116.0
RASA2,6581.5,5336.0,6314.0,3241.0,2487.0,4063.0,3807.0,469.5
RASA3 ,3445.0,2507.0,3005.0,682.0,1413.0,527.0,980.0,292.0
RASAL2,50.0,114.0,77.0,239.0,187.0,269.0,2122.0,1570.0
RASGRP1,3979.0,4320.0,3002.0,787.0,222.0,343.0,2073.0,41.0
RASGRP2,2304.5,4106.0,1812.5,3081.0,723.0,1144.5,91.0,13.0
RASGRP3,18.0,19.0,11.0,722.0,14.0,23.0,112.0,395.0
RASGRP4,47.0,196.0,109.0,117.0,2782.0,3746.0,157.0,166.0
RASSF2,1058.0,841.0,759.0,1477.0,4389.0,8570.0,1659.0,669.0
RASSF3,3916.0,2366.0,2705.0,761.0,5205.0,13791.0,3490.0,959.0
RASSF4,120.66666666666667,88.33333333333333,996.0,47.666666666666664,3353.6666666666665,66.0,1751.3333333333333,1070.3333333333333
RASSF5,16658.0,13265.0,14716.0,3096.0,8494.0,15636.0,11661.0,1009.0
RBBP2,1586.0,1415.0,2878.0,957.0,1851.0,1675.0,1781.0,211.0
RBBP4 ,1642.0,1016.0,1704.0,1032.0,1285.0,625.0,910.0,203.0
RBL2,2759.0,2650.0,2598.0,705.0,854.0,788.0,316.0,53.0
RBMS1,3366.0,5191.0,4848.0,1249.0,7187.0,6746.0,3556.0,1253.0
RCP,386.0,500.0,2209.0,586.0,2451.0,4710.0,520.0,137.0
RDX,156.0,195.0,400.0,919.0,645.0,498.0,2970.0,85.0
REL,381.0,371.0,856.0,1530.0,565.0,502.0,731.0,195.0
REL ,1556.0,1212.5,2880.5,3794.5,3715.5,1597.5,5684.5,488.5
RELB,220.0,256.0,142.0,412.0,480.0,668.0,828.0,227.0
RFC4,562.0,430.0,561.0,606.0,206.0,229.0,234.0,85.0
RGS1,1577.0,2505.0,137.5,601.0,107.5,182.5,93.0,129.0
RGS18,133.0,299.0,392.0,364.0,4429.0,10444.0,145.0,1253.0
RGS19,1672.0,1474.0,1728.0,1343.0,3411.0,4914.0,1120.0,260.0
RHOH ,3309.0,4170.0,1552.0,1465.0,180.0,436.0,1940.0,92.0
RIN3,1436.0,1413.0,2074.0,994.0,2304.0,1694.0,1344.0,178.0
RIOK1,1130.0,924.0,755.0,951.0,872.0,617.0,752.0,79.0
RIPK2,637.0,659.0,730.0,939.0,1528.0,1116.0,5571.0,76.0
RIT1,242.0,232.0,492.0,279.0,939.0,1100.0,4839.0,123.0
RIT1 ,466.0,342.5,479.0,393.0,858.5,1508.5,2750.5,307.0
RLG,421.0,385.0,1241.0,614.0,3182.0,1660.0,2009.0,3087.0
RLN3,843.0,781.0,771.0,166.0,1395.0,18.0,431.0,642.0
RNASE2,311.0,303.0,403.0,325.0,3509.0,2254.0,197.0,88.0
RNASE6,61.0,59.0,130.0,1428.0,4135.0,2022.0,251.0,1618.0
RNASET2 ,2520.0,5471.0,1526.0,3387.0,6154.0,18545.0,768.0,1452.0
RNF125 ,3849.0,2079.0,4532.0,453.0,1506.0,317.0,105.0,256.0
RNF13,1229.5,1214.5,1223.5,1271.5,3796.0,8298.5,8458.5,858.0
RNF141 ,1137.0,831.0,741.0,2161.0,3513.0,10935.0,213.0,676.0
RNF149,2735.0,2024.0,2241.0,386.0,6854.0,24141.0,8304.0,1377.0
RNF149 ,1269.0,1202.0,1216.0,665.0,3103.0,3788.0,1253.0,210.0
RNF24,1075.0,1256.0,1188.0,1089.0,1938.0,4874.0,2469.0,476.0
RNF36,374.0,451.0,263.0,208.0,99.0,148.0,68.0,71.0
RNPC2,3137.0,2916.0,5242.0,2405.0,4854.0,1897.0,3293.0,283.0
RNU2,183.0,315.0,296.0,740.0,5672.0,657.0,353.0,58.0
ROD1 ,1592.0,1227.0,1523.5,1021.0,1966.5,3315.5,1756.0,383.5
RORA ,1990.0,968.0,3143.0,55.0,41.0,145.0,53.0,24.0
RP42,1346.5,977.5,1150.0,419.5,1906.5,1826.5,2484.0,883.5
RPA3,742.0,663.0,719.0,388.0,314.0,385.0,487.0,159.0
RPEL1,34.0,50.0,40.0,243.0,283.0,190.0,2019.0,34.0
RPIA,1501.0,1365.0,1085.0,870.0,594.0,531.0,305.0,147.0
RPN1,1062.0,895.0,1015.0,408.0,1105.0,744.0,1182.0,349.0
RPS27L ,446.0,540.0,186.0,396.0,563.0,246.0,1938.0,355.0
RRAGC,2151.0,2122.0,1865.0,1825.0,2672.0,2346.0,5101.0,364.0
RRM1,459.0,493.0,451.0,509.0,237.0,358.0,220.0,67.0
RRM2,323.5,266.0,660.5,392.0,69.0,265.5,80.5,48.5
RRP40,442.5,834.5,299.0,357.0,676.5,341.5,1169.5,129.5
RUNX2,3929.0,1279.0,2187.0,552.0,1608.0,4195.0,3170.0,85.0
RUNX3,4204.0,3226.0,7936.0,1079.5,641.5,542.0,369.5,187.5
RYBP ,1150.0,1460.0,1240.0,1340.0,1500.0,4109.0,2432.0,115.0
Rgr,1039.0,983.0,350.0,148.0,46.0,2600.0,143.0,49.0
RhoGAP2,44.0,29.0,19.0,88.0,70.0,46.0,229.0,88.0
S100A12,115.0,146.0,729.0,353.0,11929.0,11430.0,1695.0,25.0
S100A9,445.0,828.0,1406.0,183.0,24837.0,46916.0,10387.0,1589.0
SAMD3,7928.0,1746.0,8240.0,425.0,204.0,483.0,160.0,80.0
SAMHD1,5310.0,3250.0,5415.0,282.5,9671.5,824.0,1988.0,1208.0
SAMSN1,822.0,784.0,489.0,294.0,1883.0,1054.0,6346.0,527.0
SART2,115.0,95.0,128.0,440.0,1147.0,648.0,2618.0,631.0
SART3,1828.0,1586.0,1574.0,1027.0,1137.0,622.0,1283.0,235.0
SCA1 ,692.0,455.0,355.0,471.0,1038.0,1180.0,3013.0,178.0
SCAP2,290.5,183.5,552.5,814.0,1242.5,2992.0,651.5,434.0
SCD4,218.0,548.0,2223.0,5693.0,280.0,6003.0,209.0,32.0
SCFD1 ,681.0,770.0,853.0,734.0,1301.0,243.0,1172.0,94.0
SCO2,282.0,308.0,243.0,154.0,2839.0,754.0,555.0,116.0
SDF2L1,591.0,519.0,752.0,243.0,450.0,199.0,579.0,167.0
SDP35,247.0,488.0,217.0,543.0,119.0,389.0,135.0,52.0
SEC14L1,366.5,492.5,750.0,632.5,1638.5,7804.5,977.5,283.0
SEC24A,248.0,238.0,257.0,316.0,256.0,183.0,370.0,93.0
SELL,7002.0,9567.0,6013.0,8032.0,7264.0,15373.0,342.0,43.0
SELPLG,2584.0,2435.5,3166.5,238.5,2256.5,5162.0,412.0,805.0
SELPLG ,1194.0,516.0,2315.0,263.0,798.0,2355.0,336.0,483.0
SEMA4D ,2902.0,2923.0,2361.0,426.0,1168.0,3204.0,594.0,55.0
SEPT1 ,2899.0,1926.0,1366.0,468.0,67.0,148.0,35.0,59.0
SEPT6 ,2927.5,3336.0,2477.5,1478.5,584.0,637.5,132.5,215.0
SEPX1,306.0,193.0,676.0,35.0,4872.0,18563.0,865.0,692.0
SERPINB2,38.0,37.0,69.0,275.0,1670.0,182.0,17704.0,32.0
SERPINB7,21.0,23.0,14.0,60.0,673.0,46.0,6574.0,6.0
SERPINB9,2849.5,1628.5,3437.5,2716.0,3214.5,1058.5,7952.5,128.5
SET,1453.0,1927.0,2712.0,909.0,1824.0,601.0,1446.0,324.0
SF1,1645.0,2794.0,1896.0,2253.0,2090.0,1472.0,1087.0,142.0
SFMBT2 ,891.0,1352.0,1275.0,72.0,535.0,148.0,787.0,231.0
SFRS1,2251.0,1955.0,2601.0,1965.0,2151.0,991.0,1579.0,369.0
SFRS2,2871.5,3312.0,2243.5,2080.0,2000.0,675.5,1241.0,296.5
SFRS2IP,1989.5,2051.0,2444.5,2296.0,2309.5,2886.0,1949.0,459.0
SGKL,886.0,772.0,1148.0,687.0,5304.0,746.0,10242.0,1282.0
SGPP2,86.0,272.0,119.0,816.0,373.0,461.0,6051.0,385.0
SGPP2 ,324.5,434.5,292.5,563.5,912.5,357.0,10239.5,452.5
SH2D2A,879.0,554.0,1316.0,687.0,203.0,578.0,272.0,70.0
SH3BP5,1245.0,1585.0,3336.0,2556.0,1393.0,1319.0,6705.0,390.0
SH3GL3 ,54.0,144.0,547.0,3638.0,52.0,2707.0,47.0,32.0
SIAH2,489.0,578.0,433.0,362.0,615.0,235.0,539.0,124.0
SIAT4A ,1268.0,741.0,504.0,492.0,1098.0,628.0,5674.0,189.0
SIAT7D,502.0,218.0,327.0,235.0,236.0,53.0,239.0,145.0
SIAT8D,596.0,434.0,556.25,298.5,1297.0,3497.0,442.0,433.5
SLA,1487.0,1668.0,2234.0,617.0,2479.0,4173.0,584.0,449.0
SLAMF1,598.0,463.0,116.0,804.0,199.0,363.0,1044.0,84.0
SLAMF7,1430.3333333333333,457.0,3178.0,225.33333333333334,1931.0,269.0,21686.666666666668,372.3333333333333
SLAMF8,115.5,125.0,214.5,376.0,189.0,276.5,1422.0,875.5
SLC11A1,215.0,310.0,246.0,568.0,2678.0,3472.0,2407.0,170.0
SLC11A2,482.0,504.0,371.0,569.0,772.0,340.0,2773.0,231.0
SLC15A3,27.0,91.0,14.0,183.0,1811.0,997.0,3514.0,1867.0
SLC15A4,2258.5,1553.0,4339.5,1048.0,3332.5,9537.5,2937.0,411.5
SLC16A3,92.0,192.5,447.5,145.0,1656.0,1391.5,3033.0,1279.0
SLC16A6,891.0,391.0,1342.0,453.0,4025.0,1856.0,7183.0,558.0
SLC25A16,1430.0,2325.0,2627.0,5199.0,1200.0,4468.0,1064.0,127.0
SLC26A11,3134.0,1975.0,1606.0,659.0,1916.0,512.0,6024.0,4814.0
SLC27A3,483.0,280.0,1091.0,377.0,1479.0,513.0,1587.0,2563.0
SLC28A3 ,55.0,188.0,105.0,147.0,64.0,68.0,393.0,140.0
SLC2A14,880.0,1142.0,788.0,927.0,1057.0,3108.0,2549.0,363.0
SLC2A3,996.5,1289.5,800.5,457.5,1178.0,3439.5,4106.5,441.0
SLC2A6,68.0,135.0,80.0,293.0,780.0,45.0,2486.0,171.0
SLC31A1,36.0,66.0,89.0,129.0,383.0,180.0,593.0,260.0
SLC31A2,119.0,230.0,30.0,42.0,1893.0,2635.0,2660.0,277.0
SLC36A4,520.0,754.0,556.0,397.0,1454.0,272.0,2694.0,269.0
SLC38A6,176.0,158.0,143.0,286.0,343.0,119.0,1643.0,564.0
SLC3A2,688.0,663.0,526.0,176.0,1083.0,209.0,5754.0,369.0
SLC6A6 ,1434.5,1213.5,1096.0,1048.0,4027.0,9152.0,9918.5,1287.0
SLC7A1 ,319.0,356.0,208.0,278.0,291.0,243.0,600.0,149.0
SLC7A11,86.0,85.5,120.0,433.0,975.0,321.5,12974.0,1054.0
SLC7A11 ,85.0,56.0,102.0,256.0,999.0,328.0,12593.0,1017.0
SLC7A5,275.0,399.0,211.0,176.0,114.0,123.0,851.0,395.0
SLCO3A1 ,944.0,876.0,2016.0,469.0,3715.0,3222.0,2416.0,262.0
SLIC1 ,2942.0,2383.0,2949.0,1252.0,4907.0,4646.0,1744.0,836.0
SMARCA2 ,2373.0,1725.0,2273.0,796.0,1307.0,444.0,770.0,202.0
SMC1L1,1244.0,934.0,1909.0,609.0,1285.0,525.0,842.0,190.0
SMC2L1,257.0,211.0,417.0,242.0,136.0,164.0,72.0,51.0
SMC4L1,602.0,671.5,882.5,632.5,343.5,417.5,250.0,132.0
SMCR8,6335.0,4169.0,4736.0,2653.0,7309.0,3253.0,13100.0,1222.0
SMCY,1627.0,1521.0,710.0,1986.0,974.0,609.0,621.0,693.0
SMG1 ,1006.0,983.0,2466.0,1329.0,1077.0,632.0,709.0,221.0
SMNDC1,2556.0,2668.0,2180.0,1228.0,3611.0,3828.0,3306.0,342.0
SN,97.0,121.5,104.5,356.0,312.5,284.5,152.0,316.5
SNAP23,1744.0,1679.0,2447.0,1825.0,3321.0,4892.0,1877.0,962.0
SNFT,85.0,194.0,187.0,224.0,200.0,275.0,212.0,150.0
SNRPA1,1892.0,2029.0,1975.0,1675.0,1490.5,266.0,621.0,184.0
SNX11,456.0,262.0,473.0,655.5,776.5,1454.0,838.5,143.5
SNX2,910.0,983.0,656.0,4002.0,2747.0,910.0,1296.0,371.0
SNX9,891.0,2937.0,411.5,633.0,1891.0,112.0,17225.0,668.5
SOAT1,309.0,293.0,425.0,186.0,606.0,296.0,814.0,329.0
SOCS1,265.0,323.0,153.0,150.0,140.0,104.0,874.0,43.0
SOD2,178.0,201.0,97.0,105.0,1213.0,4085.0,8311.0,426.0
SOS1,604.0,529.5,565.5,603.5,382.0,356.5,567.0,97.0
SP100,1058.0,1339.0,1252.0,2228.0,492.0,278.0,298.0,73.0
SP110,2755.0,2416.0,1863.0,2582.25,2295.0,4892.75,516.0,113.0
SP4 ,4205.0,2538.0,2814.0,1476.0,840.0,1649.0,1296.0,199.0
SPATS2,387.0,369.5,341.5,313.0,181.0,212.0,188.0,223.0
SPEC1,2355.0,1585.0,2535.0,1097.0,1407.0,5199.0,2213.0,130.0
SPEC2,11223.0,9163.0,6820.0,2238.0,5683.0,5275.0,4767.0,1716.0
SPF45,1442.0,1505.0,1128.0,612.0,1282.0,464.0,1572.0,430.0
SPI1,25.0,100.0,68.0,136.0,1493.0,2372.0,606.0,545.0
SPIB,73.0,759.0,1012.5,3972.0,119.5,5637.5,116.0,38.0
SPRED1,80.0,55.0,125.0,133.0,321.0,75.0,1156.0,1018.0
SPRED2,67.0,52.0,156.0,257.0,120.0,192.0,507.0,78.0
SQSTM1 ,967.0,622.0,1159.0,1210.0,2434.0,844.0,5184.0,125.0
SRC ,29.0,32.0,32.0,56.0,246.0,52.0,2473.0,129.0
SRP72 ,1773.0,1698.0,1285.0,675.0,1456.0,182.0,1443.0,1153.0
SRRM2,2544.0,1995.0,2666.0,1903.0,3061.0,1885.0,3209.0,336.0
SSH1,871.0,901.0,1838.0,801.0,1186.0,1201.0,2732.0,282.0
SSH2,2477.0,2558.0,3315.0,1737.0,5022.0,7473.0,1402.0,629.0
SSH2 ,630.0,2049.0,1386.0,963.0,2982.0,2487.0,880.0,113.0
SSH3BP1,1445.0,1169.0,1581.5,1015.5,1374.5,1434.5,2513.5,167.5
SSR1,1247.3333333333333,1183.0,1140.0,623.0,1749.3333333333333,860.3333333333334,1309.6666666666667,247.0
SSR3,980.0,951.0,769.0,272.0,1170.0,363.0,1411.0,828.0
STAB1,107.0,93.0,97.0,234.0,2827.0,174.0,542.0,1302.0
STAG2,1682.0,1364.0,1578.0,780.0,1385.0,2546.0,1176.0,257.0
STAT1,890.0,666.0,618.0,407.5,1092.0,1192.5,493.5,241.0
STAT4,2605.0,1810.0,3384.0,753.0,261.0,641.0,859.0,71.0
STAT5A,978.0,1254.0,675.0,1221.0,963.0,1631.0,733.0,195.0
STCH,270.0,287.0,246.0,488.0,222.0,238.0,700.0,118.0
STIP1,519.0,375.5,527.0,119.0,302.0,103.5,659.0,286.5
STK10,2605.3333333333335,2073.0,3488.3333333333335,823.3333333333334,2081.0,2396.6666666666665,1842.3333333333333,154.66666666666666
STK17A,4111.0,2465.0,3450.0,2094.0,397.0,1733.0,2118.0,139.0
STK17B,1065.0,2282.0,521.0,1293.0,1063.0,1857.0,468.0,37.0
STK38,3352.0,2920.0,4511.0,737.0,2920.0,1690.0,806.0,121.0
STK4,5786.0,4899.0,6011.666666666667,2336.0,4636.333333333333,7018.0,4400.666666666667,423.3333333333333
STK6 ,84.0,75.0,124.0,244.0,99.0,111.0,143.0,47.0
STX11,426.0,535.0,978.0,595.0,6668.0,3758.0,5183.0,372.0
STX3A ,473.0,553.0,502.0,989.0,913.0,3976.0,773.0,91.0
STXBP2,584.0,683.0,448.0,203.0,2179.0,1403.0,1429.0,494.0
SUI1,2650.0,3260.0,3038.0,5438.0,1794.0,541.0,144.0,53.0
SUPT16H,1687.0,2211.0,1310.0,789.0,954.0,181.0,393.0,605.0
SWAP70,101.5,139.5,245.5,2187.0,476.5,209.5,677.5,374.0
SYK,76.0,217.5,1381.5,1485.5,2410.0,2202.5,1859.5,495.0
SYNCRIP,1343.0,1093.0,1531.0,790.0,1281.3333333333333,352.3333333333333,1075.6666666666667,287.3333333333333
SYNE2,2562.0,1217.0,2821.0,1059.0,363.0,1034.0,383.0,131.0
SYT11 ,1089.0,842.5,769.0,401.5,2243.0,3536.5,7952.0,1828.5
SYTL3 ,2630.0,3788.0,4354.0,204.0,1219.0,1517.0,230.0,150.0
T2BP,2254.0,3908.0,1088.0,2814.0,1405.0,3123.0,1964.0,520.0
T3JAM,3523.0,3108.5,2632.5,1603.0,1421.0,399.5,200.0,135.5
TA-KRP,371.0,411.0,607.0,979.0,504.0,536.0,4326.0,482.0
TA-NFKBH ,715.0,1280.0,1504.0,2101.0,1323.0,1304.0,2520.0,449.0
TACE,1798.0,1564.0,1433.0,1397.0,4496.0,2154.0,9498.0,826.0
TAF4B ,636.0,900.0,127.0,517.0,245.0,134.0,110.0,133.0
TALDO1,1428.0,1628.0,1572.0,652.0,8890.0,18992.0,20616.0,1386.0
TANK,1063.5,879.5,876.5,1387.0,1902.5,2373.5,4046.5,288.0
TAP1,1441.0,1316.0,1199.0,787.0,840.0,3396.0,1550.0,331.0
TAP2,4446.0,3600.0,5086.0,3178.0,2813.0,3901.0,2922.0,417.0
TARDBP,4201.0,3782.0,4669.0,1600.0,4131.0,1414.0,5957.0,567.0
TBC1D13,344.0,282.5,328.0,456.0,247.0,369.0,373.5,93.5
TBL1X,627.0,701.0,988.0,742.0,1665.0,3656.0,856.0,483.0
TBX21,1495.0,774.0,7015.0,585.0,284.0,590.0,428.0,68.0
TBXAS1 ,95.0,304.0,562.0,239.0,1187.0,3124.0,1376.0,207.0
TCF19,521.0,1779.0,605.0,483.0,284.0,280.0,277.0,47.0
TCF3,660.6666666666666,650.0,427.6666666666667,1402.3333333333333,259.6666666666667,236.33333333333334,210.0,140.0
TCF7,10138.0,12140.0,2661.0,1528.0,853.0,1512.0,783.0,132.0
TCIRG1,573.0,869.0,1322.0,238.0,2860.0,2371.0,5425.0,1023.0
TCL1A,155.5,309.0,101.5,9823.5,192.5,370.5,140.0,40.0
TCRA ,9481.8,9159.8,384.8,554.8,202.2,807.2,160.0,105.0
TDP1,1001.0,763.0,707.0,842.0,375.0,209.0,521.0,538.0
TFEC,81.5,51.0,85.5,247.0,1679.0,201.5,2350.5,694.5
TFPI2,10.0,9.0,11.0,32.0,431.0,37.0,5019.0,3.0
TFRC,183.0,1231.0,74.0,202.0,125.0,246.0,222.0,2134.0
TGFA,156.0,148.0,514.0,843.0,263.0,1528.0,885.0,158.0
TGFB1,2298.0,2224.0,3678.0,730.0,2968.0,1629.0,1645.0,1357.0
TGFBI,148.0,404.0,87.0,148.0,9976.0,103.0,594.0,2422.0
TGFBR1 ,705.0,308.0,2260.0,660.0,539.0,606.0,625.0,237.0
TGOLN2,713.0,772.0,1063.0,803.0,1714.0,1318.0,2191.0,247.0
THOC4,1225.0,2556.5,1594.5,470.5,1655.5,170.5,1238.5,570.0
TIEG ,405.0,270.0,902.0,114.0,4082.0,172.0,848.0,156.0
TIMP2,21.0,39.0,21.0,35.0,1099.0,1163.0,833.0,1116.0
TLE3,579.0,645.0,260.0,634.0,942.0,3058.0,378.0,79.0
TLOC1,1726.0,1547.0,946.0,1993.0,1152.0,1513.0,2572.0,444.0
TLR1,215.5,275.0,537.0,568.5,1987.0,3058.5,1313.0,592.5
TLR10,157.0,310.0,225.0,2276.5,281.0,884.5,197.5,69.0
TLR2,101.0,159.0,117.0,83.0,4496.0,4015.0,8803.0,316.0
TLR4 ,40.0,67.0,53.0,107.5,2529.0,2901.5,684.0,434.0
TLR8,257.0,424.0,379.0,544.0,13769.0,12742.0,6613.0,1223.0
TM4-B,431.0,498.0,619.0,662.0,982.0,4469.0,312.0,65.0
TM6SF1,188.0,229.0,645.0,776.0,962.0,1607.0,570.0,361.0
TMEFF1 ,370.0,170.0,453.0,312.0,213.0,103.0,3089.0,148.0
TMG4 ,138.0,287.0,266.0,423.0,1986.0,3147.0,310.0,326.0
TNF,110.0,118.0,128.0,315.0,971.0,299.0,1500.0,157.0
TNF-gamma; VEG1,351.0,408.0,405.0,896.0,1124.0,882.0,10896.0,175.0
TNFAIP2,238.0,394.0,381.0,930.0,5580.0,7172.0,5252.0,1197.0
TNFAIP3,7784.0,12302.5,1678.0,1375.5,3514.0,1408.0,8287.0,265.5
TNFAIP6,62.5,76.0,90.5,410.0,2179.0,3451.5,21531.5,77.5
TNFRSF19L,310.0,400.0,404.0,628.0,1882.0,2007.0,1282.0,806.0
TNFRSF1B,820.0,1177.0,1357.0,476.0,5348.0,4122.0,11284.0,264.0
TNFRSF4,25.0,143.0,282.0,71.0,65.0,89.0,881.0,169.0
TNFRSF5,264.3333333333333,297.6666666666667,267.3333333333333,1568.3333333333333,471.6666666666667,643.3333333333334,1700.0,677.3333333333334
TNFRSF6,688.0,437.0,383.0,360.0,649.0,4263.0,268.0,246.0
TNFRSF7,5041.0,5384.0,334.0,489.0,136.0,332.0,122.0,27.0
TNFRSF9,182.0,118.0,194.0,298.0,257.0,431.0,1198.0,23.0
TNFSF13B,828.5,897.0,582.0,834.5,15693.5,13966.0,1968.5,2385.0
TNFSF6,200.5,190.5,653.5,490.5,105.5,362.0,125.0,29.0
TNFSF8,2654.5,2269.5,408.5,440.5,2430.5,630.0,554.5,206.5
TNIP1,1352.0,1207.0,1196.0,1000.0,1899.0,2896.0,7985.0,418.0
TNIP3,98.0,13.0,42.0,89.0,145.0,35.0,2269.0,16.0
TOP2A,98.5,71.0,197.0,23.5,17.5,32.5,30.5,28.0
TOR3A,817.0,668.0,731.0,440.0,736.0,339.0,382.0,93.0
TOSO,4956.0,5116.5,2698.0,6573.0,165.5,916.0,513.5,57.0
TPX2,198.0,161.0,350.0,677.0,44.0,479.0,43.0,50.0
TRA1,1196.6666666666667,918.3333333333334,887.3333333333334,581.3333333333334,853.0,301.3333333333333,1464.6666666666667,659.3333333333334
TRA2A ,2680.0,2462.0,4217.0,1554.0,1825.0,766.0,908.0,706.0
TRA@,2435.3333333333335,2097.0,9134.0,147.0,45.333333333333336,279.0,44.666666666666664,21.666666666666668
TRADD,1268.0,1036.0,461.0,729.0,625.0,963.0,404.0,70.0
TRAF1,776.5,655.5,345.0,458.0,399.0,322.5,2498.0,234.0
TRAM1,2135.0,2141.5,1756.0,1604.5,1312.0,641.0,1222.5,415.0
TRAM2 ,547.0,627.0,790.0,791.0,506.0,354.0,185.0,80.0
TRAP150,1960.0,503.0,1952.0,451.0,1803.0,1766.0,2964.0,672.0
TRAP25,1162.0,1331.0,613.0,894.0,805.0,1173.0,1098.0,194.0
TREM1,80.0,144.0,89.0,314.0,2172.0,10124.0,7932.0,81.0
TREM2,20.0,24.0,18.0,46.0,29.0,91.0,36.0,2154.0
TRERF1,1644.0,1087.0,1487.0,359.0,945.0,1257.0,173.0,309.0
TRIB1 ,123.0,140.0,68.0,66.0,326.0,127.0,378.0,226.0
TRIM,842.0,1377.0,110.0,33.0,25.0,62.0,43.0,19.0
TRIM38,1102.5,861.0,1103.5,2170.5,1610.0,1436.0,1527.5,141.0
TRIP8,2420.0,1680.0,1642.0,1504.0,4038.0,8516.0,2737.0,139.0
TRIPIN,447.0,1211.0,491.5,372.0,299.5,375.0,364.5,69.5
TRPV2,932.0,472.0,341.0,118.0,263.0,113.0,424.0,604.0
TSBF1,939.0,839.0,601.0,472.0,298.0,192.0,209.0,43.0
TTYH2,311.5,145.5,163.5,150.0,904.5,182.5,430.0,226.0
TXNDC5 ,138.0,350.0,376.0,560.0,211.0,480.0,260.0,110.0
TXNRD1,846.0,789.0,1469.0,662.0,2061.0,2013.0,11479.0,817.0
TYMS,568.0,436.0,1152.0,485.0,144.0,316.0,124.0,97.0
TncRNA,651.0,922.0,2122.0,240.0,13647.0,2048.0,14114.0,948.0
U2AF1L2,461.0,773.0,514.0,521.0,5039.0,1173.0,3534.0,331.0
U5-116KD,5682.0,3577.0,4301.0,1344.0,7080.0,823.0,7743.0,1114.0
UBD,16.0,20.0,27.0,128.0,31.0,107.0,20.0,26.0
UBE2C,395.0,441.0,436.0,662.0,354.0,708.0,347.0,77.0
UBE2D1,397.0,292.0,447.0,397.0,1950.0,2742.0,1618.0,197.0
UBE2G1,1920.3333333333333,1332.3333333333333,1355.6666666666667,1059.3333333333333,1235.3333333333333,1263.3333333333333,843.3333333333334,178.33333333333334
UBE2J1,986.0,901.6666666666666,926.5,1253.8333333333333,1581.8333333333333,1890.0,1770.0,290.1666666666667
UBE2S,483.0,533.0,421.0,319.0,407.0,335.0,1056.0,213.0
UBN1,804.0,806.0,1264.0,753.0,1327.0,3960.0,1780.0,212.0
UBXD2,1714.0,1108.0,1444.0,1160.0,1505.0,1433.0,3088.0,243.0
UCP2,8721.0,10895.0,13302.0,5782.0,9148.0,1788.0,7024.0,2461.0
UGCG,147.0,279.0,288.0,330.0,236.0,289.0,2308.0,126.0
UHRF1,234.0,2002.0,600.0,100.0,94.0,224.0,40.0,84.0
UNC84B,3448.0,3238.0,4796.0,1305.0,1225.0,970.0,892.0,253.0
UNC93B1,144.0,296.0,265.0,953.0,2794.0,1430.0,488.0,765.0
UPP1,386.0,636.0,427.0,30.0,868.0,145.0,4446.0,609.0
URP2 ,4200.0,3282.0,4177.0,1059.0,7791.0,4272.0,19302.0,1141.0
USP1,1252.0,927.0,1497.0,977.0,805.0,819.0,748.0,137.0
USP10,642.0,934.0,478.0,398.0,1054.0,4550.0,559.0,363.0
USP15,668.5,1031.0,636.0,1067.0,2163.5,5389.0,1216.0,345.5
USP15 ,593.0,947.0,630.0,612.0,2022.0,1419.0,947.0,111.0
USP16,1900.0,1052.0,1341.0,701.0,1439.0,602.0,2102.0,636.0
USP18,173.0,161.0,198.0,39.0,59.0,58.0,36.0,42.0
USP3,1259.0,2126.0,1447.0,1508.0,3305.0,2268.0,2451.0,287.0
Ufm1 ,1035.0,535.0,602.0,477.0,781.0,138.0,1215.0,202.0
VASP,785.0,1269.0,1819.0,1059.0,3100.0,4519.0,4874.0,1103.0
VDP ,700.0,622.0,932.0,310.0,636.0,239.0,856.0,224.0
VIL2,1183.0,885.0,702.0,2167.0,528.0,330.0,276.0,129.0
VLIG-1 ,423.0,507.0,1284.0,811.0,490.0,591.0,352.0,143.0
VMP1,1254.0,1037.0,1078.0,629.0,4312.0,16442.0,2814.0,562.0
VNN2,414.0,363.0,317.0,456.0,2961.0,19069.0,1299.0,19.0
VPREB3,57.0,125.0,175.0,2047.0,95.0,123.0,58.0,34.0
WAS,5620.0,6470.0,7139.0,3136.0,6975.0,13509.0,4426.0,598.0
WASPIP,2779.6666666666665,1968.0,2656.6666666666665,1168.3333333333333,1603.0,3495.3333333333335,639.0,268.3333333333333
WBSCR19,242.0,399.0,648.0,1876.0,309.0,2767.0,345.0,51.0
WBSCR22,1451.0,1460.0,1153.0,903.0,804.0,421.0,835.0,174.0
WBSCR5,205.0,379.0,2497.0,2207.0,3663.0,5659.0,2365.0,177.0
WDFY1,984.0,1328.0,1389.0,831.0,1923.0,895.0,3806.0,662.0
WDR1,856.0,913.0,832.0,401.0,606.0,612.0,518.0,385.0
WDR4,326.0,360.0,167.0,57.0,100.0,48.0,162.0,196.0
WHSC1L1,9026.0,7196.0,4409.0,5954.0,5875.0,7152.0,4176.0,494.0
WHSC1L1 ,1074.0,1785.0,1124.0,1161.0,1288.0,400.0,1083.0,83.0
WIG1 ,2803.0,1905.0,3299.0,1604.0,2527.0,1135.0,1463.0,1167.0
WNT10A,333.0,572.0,164.0,496.0,362.0,348.0,300.0,140.0
WNT5A,43.0,97.0,105.0,244.5,336.5,184.0,3486.5,195.5
WSX1,1096.0,1085.0,859.0,599.0,972.0,311.0,393.0,244.0
WTAP,1568.0,1597.5,1253.5,1065.5,1349.5,759.0,4187.0,237.5
XAF1 ,2722.0,2504.0,3039.0,983.0,4264.0,759.0,1235.0,755.0
XCL1,550.0,258.0,3186.0,75.0,27.0,72.0,88.0,35.0
XCL2,602.0,208.0,2779.0,31.0,9.0,26.0,12.0,3.0
XPO5,591.0,754.0,555.0,44.0,542.0,64.0,969.0,247.0
XPO6,2005.5,2157.0,1699.0,2114.0,1456.0,7399.5,1335.0,272.0
XTP2,1650.5,1571.5,1538.0,1059.0,1564.0,904.0,2622.0,351.0
YME1L1 ,2168.0,1658.0,2190.0,908.0,2602.0,861.0,2024.0,78.0
YPEL1,580.5,220.5,2306.0,523.5,98.5,219.0,73.5,44.0
YWHAB,4074.0,4051.0,5021.0,2145.0,5519.0,4815.0,4190.0,520.0
YY1,7622.0,6717.0,6095.0,2706.0,8022.0,8698.0,7923.0,985.0
ZAP70,3043.0,3150.0,4480.0,42.0,43.0,99.0,44.0,20.0
ZBED2,120.0,78.0,129.0,549.0,109.0,257.0,97.0,47.0
ZBP1,904.0,189.0,857.0,162.0,130.0,455.0,30.0,9.0
ZBTB1,2993.0,3364.0,1325.0,1861.0,941.0,485.0,638.0,234.0
ZC3HAV1,5369.0,6117.0,3736.0,2388.5,1985.5,1650.5,1222.5,301.0
ZCCHC2,1625.0,2440.0,2060.0,1310.0,2420.0,1979.0,3932.0,1636.0
ZCCHC6 ,607.0,594.0,1010.0,896.0,1298.0,2544.0,1241.0,91.0
ZDHHC18 ,600.0,576.0,626.0,278.0,372.0,3919.0,408.0,102.0
ZFHX1B ,213.0,71.5,849.0,182.0,4052.5,457.0,4198.5,504.5
ZFP36L2,3031.0,2958.0,1111.0,932.0,1041.0,706.0,95.0,166.0
ZFYVE16,105.5,157.5,345.0,284.0,598.0,569.0,3093.5,197.0
ZNF101 ,3696.0,2725.0,1934.0,1096.0,718.0,1004.0,616.0,205.0
ZNF137 ,2271.0,1010.0,6245.0,638.0,502.0,148.0,500.0,206.0
ZNF147,2593.0,3184.0,2776.0,1846.0,7291.0,9086.0,12202.0,658.0
ZNF207 ,913.0,1252.0,2018.0,585.0,1462.0,710.0,1698.0,207.0
ZNF217,867.0,611.0,742.0,465.0,1630.0,2059.0,1063.0,430.0
ZNF267 ,728.0,671.0,647.0,793.0,1033.0,736.0,2508.0,73.0
ZNF367 ,594.0,1371.0,388.0,345.0,92.0,230.0,75.0,31.0
ZNF620 ,143.0,132.5,76.0,143.5,1146.5,1154.0,2687.5,761.0
ZNFN1A1,2796.0,3682.0,3827.0,2046.0,2132.0,1420.0,586.0,97.0
ZNFN1A3 ,4078.5,1174.0,3751.5,1730.5,93.5,177.5,92.5,78.0
ZNRF1,326.0,948.5,238.0,190.0,686.0,268.0,410.5,146.0
ZNRF2 ,510.0,641.0,942.0,644.0,1161.0,434.0,3319.0,260.0
ZP3 ,381.0,248.0,229.0,65.0,395.0,115.0,3116.0,100.0
ZWINT,352.0,425.0,695.0,761.0,163.0,457.0,167.0,91.0
a1/3GTP,304.0,385.0,574.0,428.0,1700.0,558.0,271.0,5858.0
cAMP-REBP,2370.0,1640.0,1842.0,534.0,2175.0,3450.0,1805.0,337.0
cig5,382.5,597.5,450.5,399.0,1186.0,719.5,9004.5,87.0
hIAN2,4542.5,2812.5,5531.5,127.5,2791.5,380.0,115.0,146.5
hIAN7,3852.0,3047.0,3365.0,34.0,4664.0,462.0,155.0,228.0
hIk-1,8708.5,6408.0,8404.5,2399.5,4516.5,3509.5,1224.0,424.5
helios-3,1336.0,595.0,1671.0,97.0,14.0,61.0,19.0,71.0
