Gene,monocytic.lineage,CD4.T.cells,NK.cells,naive.CD8.T.cells,fibroblasts,endothelial.cells,B.cells,neutrophils
ABCA5,18.35739316,43.08169689,63.34601174,48.07726769,25.89600813,79.50603251,27.65254384,26.22902496
ABCB1,13.46795258,34.89057521,145.813992,57.4775539,20.12920591,9.894062673,72.40094318,23.32784129
ABHD5,62.87856759,42.79990627,39.96361029,32.9409149,305.9038895,45.14522841,24.3727958,160.3476733
ACSM3,16.67459145,28.55981184,22.37620719,26.57111106,29.87160081,32.40856344,22.07819592,26.25922365
ADAM19,59.01350143,75.92887949,27.9261372,40.25628181,101.6320192,238.4446642,144.9819635,83.5209787
ADAMTS5,21.41203046,13.76146115,15.14422042,11.28362184,9.32392941,25.86657622,15.66398178,16.4108195
ADI1,175.2336386,101.8592764,66.98540878,65.15642518,70.23462831,429.7643981,112.1409261,121.6727995
AGPAT5,60.87478447,59.89600371,42.97780169,61.08871209,62.64211864,29.54638318,89.40214232,26.83427525
ALAS1,72.48116293,50.16653962,49.93391614,54.23151819,54.99599939,116.3976747,51.99389586,74.65606303
ALPL,20.88843275,20.80671187,19.6829952,19.43641224,13.35220537,10.61014851,31.64772986,176.0861151
ANK3,20.03764164,43.88988792,23.28151784,33.51073807,32.72533487,17.4845948,16.51013453,26.18605714
ANXA3,16.37089503,13.85315913,20.11809261,12.25311574,44.42098038,16.05938555,11.00668704,221.1816545
AOC2,18.72844432,21.76573172,22.60797111,16.96851796,24.21830845,22.55325487,24.4228892,64.04785504
APOBEC3A,201.2817119,37.09789964,35.09732435,22.59562829,112.7110827,121.9536509,15.73916248,462.7379985
APOBEC3G,73.85765913,77.58580926,123.7862552,148.213874,60.10888615,31.54247368,143.0002148,72.05457644
APOE,15.88414505,21.42623913,19.79474332,18.7958049,11.31623289,20.79974481,20.22094045,19.72990024
ARID4A,57.56405682,73.93563844,70.01164907,91.26360696,94.85529853,202.3558236,88.78179444,131.7498766
ARNT2,13.19481679,13.88456719,14.6277663,12.27067936,14.98143848,8.278741684,9.173492373,15.61898998
ASGR1,140.6002952,36.8322243,17.03981954,25.50630738,21.62674893,12.488611,15.04568781,26.22434895
ASGR2,142.2593104,31.08651798,19.56040718,21.3362284,16.72404033,12.89357751,15.22924711,26.82691992
ASRGL1,74.41184801,25.0296369,24.38269203,25.8688013,98.71850972,114.8737546,26.04405497,55.15984363
ATP2A1,14.15964269,17.03671199,19.76963557,17.74000641,12.23729981,11.38194017,17.039793,18.43615527
ATP2B1,88.35646159,68.62920333,52.51203328,76.49565348,63.11491981,97.14080659,71.14059348,194.1341892
BEX1,22.88234569,30.14888907,25.42560403,28.77196737,45.84157141,31.55427749,24.407666,57.47984179
BMX,16.51154051,13.5906409,16.44274957,12.19180263,31.58906682,17.97171612,17.93838896,76.41661524
C1QA,37.02531702,20.01536479,16.79735675,15.08335384,26.41830258,13.94383252,15.2137183,18.49192202
C1QB,32.67137278,22.53482389,18.78393912,14.09155468,9.389306711,20.56156613,16.17390602,22.05311091
CA4,20.27253025,21.25708898,20.40647402,21.46462211,33.0261369,30.35354792,15.64649604,155.6536834
CACNA2D3,93.22181405,22.5188412,19.84110691,13.16436291,8.649551151,15.24570132,11.42371438,15.53281947
CALB2,21.30928887,18.59129268,26.81090887,19.87490217,20.07381208,10.47431783,15.72169716,35.26255749
CALML4,69.76988417,41.21755074,32.30542805,27.80484312,42.86115454,13.28200346,20.00346751,35.78537502
CAMK4,13.61871375,96.27289609,22.49724397,102.3916375,12.89652259,14.63295863,20.42454687,27.89583702
CASP1,447.3547393,95.6656882,130.713996,137.9322676,153.0446643,155.7097021,105.0689198,261.4303162
CCR2,164.8844845,37.09747742,26.65849444,33.32338084,55.95017743,39.94294209,19.00474159,37.59234752
CCR3,19.68759621,20.64599527,19.72972584,18.54862461,208.7621736,764.795397,14.09821024,191.3051261
CD14,1218.860842,79.32804724,52.59279623,23.98487955,34.16454843,12.67429257,13.03470303,507.3370401
CD160,17.36454503,26.362509,228.6333483,107.5091997,15.02812713,23.26493845,40.33863307,31.86099671
CD163,163.3935432,29.82903342,29.06719361,15.59216713,17.06059844,17.70782944,16.19808895,32.61023753
CD19,26.01399832,29.56456171,21.85607593,22.80905766,13.25036125,19.92628772,609.4336482,32.72808579
CD1D,259.0274396,44.96635509,23.17765811,17.70077809,16.1154226,15.49035462,79.01917333,45.76226958
CD1E,24.63318601,19.32584328,17.78898014,14.55959089,24.47368941,13.07404473,15.33559914,20.6376571
CD207,17.82457166,17.79181553,14.29151449,15.82866592,17.30935805,9.852256876,15.53333696,29.96014983
CD209,26.15703426,21.51146378,25.06647389,19.51579738,11.9136607,19.62469863,21.56254956,32.4160258
CD38,39.06925426,51.92997274,125.8897764,48.60534078,26.89102744,29.30041384,46.49312722,34.58489164
CD3D,33.2706942,494.4703693,61.59373792,989.4824596,15.83425914,27.1799675,18.3239829,53.17227136
CD3E,28.95306049,297.2120614,91.52059952,313.2516163,16.18721533,20.51554361,29.73323694,36.66548085
CD3G,20.03645029,292.0293503,47.09517542,510.882732,17.15376208,12.5597736,15.60712541,28.2170751
CD4,74.71613013,120.5657427,31.76919646,21.57350834,13.17788496,23.73918168,19.19212466,30.59162918
CD40LG,21.31615184,111.2902917,32.18352396,27.33646483,11.09048525,14.26315148,15.79460802,22.2364027
CD79A,39.9746254,50.41894019,34.14135835,44.28348315,26.13806786,32.76710658,895.1168898,47.60436665
CD8A,31.29880096,36.46734199,229.3036515,1501.615502,18.26807565,24.91160991,23.00111779,67.59528421
CDC14B,24.9812427,38.47274641,39.46006237,32.80218,65.05475979,39.18723739,19.24430534,30.77478769
CDC42EP4,56.95588145,32.89870236,28.92054658,24.34291636,192.8707767,28.96534792,14.63394532,50.40495851
CDK2AP2,79.17889087,90.96733487,96.71705783,92.57625685,102.0826218,68.19894932,79.96578551,66.75074747
CDKN1C,50.69993146,35.6694605,23.88454356,23.3895029,42.44485239,17.01544301,11.94415318,41.90888579
CDR2L,18.49745856,17.23269699,21.75356981,22.69165604,15.37376804,9.911058884,21.10128528,17.17150059
CEACAM1,24.41622262,38.127995,29.72704583,28.09671178,211.6806767,74.6071348,28.86537659,123.6176652
CEACAM3,34.83319693,22.7043003,20.30278747,23.49801954,23.09764107,18.83918595,31.90201057,152.1991869
CECR1,539.8794125,158.8272698,137.215,164.6530975,61.15747237,124.9344685,249.7297664,58.311901
CES1,144.5041654,30.76289538,22.78794715,24.99168555,14.6385542,29.56379345,13.45248693,28.68559374
CETN1,21.40934038,19.10136596,23.7117837,18.70080591,17.85863713,17.08339269,24.89569218,32.83439425
CFB,28.72609254,17.22933389,17.6712456,15.26889001,18.73626432,14.33444023,12.14243627,18.74896887
CHMP7,84.93018581,148.4095575,54.14817252,123.6590612,60.78987012,73.18738336,268.4936,69.62981071
CHST7,86.82260992,60.49078753,33.75001634,43.81996773,36.13637728,12.72287025,12.19319564,186.5481955
CIB2,22.83826695,24.67196308,20.82153048,26.02053088,23.14292831,16.98887022,21.04859498,22.58851136
CIITA,36.15966501,25.25529385,23.32537161,24.74555189,23.47451995,29.73697309,121.5502314,27.63470579
CLCC1,35.93464686,40.78188827,40.60364863,32.72753979,37.86681482,36.72427659,27.7891818,26.13903385
CLCF1,48.05511666,36.93265732,43.74098558,43.31568268,40.80183278,58.82541931,61.40173626,57.6686755
CLEC4E,98.55401972,21.11894247,24.73981091,17.27420315,27.89738771,38.2336454,20.70414541,280.0084598
CLEC5A,97.52192056,19.92657933,15.16108743,12.7425743,18.90166315,13.63964951,12.98292748,56.22675932
CLIC2,32.75340669,16.40414786,17.92876361,10.72987451,22.16149626,10.93696992,7.468387247,26.3459459
CNNM1,18.80153057,21.8796479,24.53321458,22.13548439,22.22185892,29.19904827,19.61789398,30.39384259
CNOT1,140.850067,139.1820965,81.27237088,127.6277602,122.7605196,131.0104129,260.3170197,102.9307928
COL4A3,12.43995681,16.13812635,17.49470048,13.97814569,12.17325277,10.703552,19.29580211,17.28859084
CP,13.2037511,13.83729271,21.34070423,11.36970415,10.40288878,21.49822141,17.00364152,18.1156877
CRISPLD2,180.2384048,32.29319963,27.32188501,17.61098593,194.8859945,33.97747143,19.19545005,138.2098871
CRLF2,27.25744833,18.07931937,19.15539169,17.86107986,57.24140524,24.16501589,16.03267477,28.60984736
CSTA,574.7465298,29.48469399,36.78289124,24.49647625,18.12443923,85.18983137,17.25957913,293.7510535
CTLA4,19.21570613,129.8358033,21.20998798,41.05685999,13.4669453,13.34413399,16.39125434,21.08915552
CXCL10,87.92190309,31.66823352,48.75446359,23.55096242,28.1710396,21.53729962,20.90699047,43.35840761
CXCL9,34.93987019,20.31221477,38.27197326,20.77819418,8.462426785,20.02067566,22.07527932,31.45440524
CYCS,85.02489829,102.7156898,66.27103308,187.0283832,65.09215307,66.85659104,174.8771412,36.09045788
CYP2B6,14.46540426,16.02207936,23.69739118,16.21721204,13.7173937,31.57583036,24.00242662,23.30608286
CYP4F3,22.85906473,17.06078128,16.25843104,12.55577068,22.11671679,30.58264117,13.21151514,436.9726259
CYSLTR1,43.04723975,61.87980983,52.01735227,17.88480491,59.15533707,106.1084009,62.69630639,114.4745112
DEFB1,29.62628318,16.82859449,22.35750157,18.92851977,14.97169512,15.7601367,15.85576983,26.42043284
DENND3,92.17932251,45.52199184,84.54777717,42.42020975,233.7916629,138.4685809,122.082299,229.2851953
DPYD,164.6202964,77.80568603,68.72078771,51.21699397,99.29296522,30.03755088,41.31204965,80.14509206
DUSP4,20.88317657,58.78188282,37.93551429,47.96458798,11.36614323,18.07696698,21.6728451,17.33877089
DYSF,201.0213036,31.61575906,63.86636351,33.27004148,29.93271063,26.06811766,17.91609591,379.7752739
EDN1,25.92446307,21.87177636,22.58979725,19.55849287,24.75340526,21.72792187,19.66071264,66.10140152
EIF1,521.0260328,864.0347869,282.2918075,1022.237841,2161.609855,444.2971339,751.3306066,352.8301683
ELSPBP1,25.96809393,21.97998967,19.96967456,18.0344645,8.246014012,23.02303665,22.36499527,29.21103078
EMILIN2,139.4097467,61.41250531,40.94943893,42.84410397,743.4735372,31.52915831,27.88557602,69.96143497
ESPL1,36.54500488,34.83076708,32.24532856,34.33550232,32.1529185,23.02855139,35.62166878,43.94898038
EVL,109.1319104,483.6684471,344.946216,475.7815281,430.9663476,171.0769218,312.3915454,75.34402874
FARS2,43.70708366,68.91493692,63.29049773,57.63681053,52.95285566,18.4435344,65.40103015,30.86963569
FBLN1,18.29219151,17.46339588,15.49298208,16.26708074,14.2276348,14.33473176,16.97673405,22.54323102
FCHO1,43.85176214,69.78904316,46.43579349,54.16017361,46.16175581,27.03205771,70.91452629,78.98770212
FCN1,2067.532582,111.8669392,64.36928333,37.55306367,66.06127053,28.86421397,21.78727505,317.4604056
FGFR3,13.18081331,16.16241894,16.41693263,16.27252849,19.99681858,37.28180548,12.28823998,19.31676985
FGR,877.0522505,67.6244936,240.971666,85.70727674,111.7005567,429.9028528,104.6493239,561.1761835
FKBP11,54.57046782,152.2115486,250.1514897,232.5187051,100.7646201,26.10376212,55.70072112,68.06764854
FLT4,17.96046036,24.19187576,21.64839919,26.11136311,10.97237325,16.27303445,23.7866577,21.26062717
FMO5,43.16146523,20.20486516,31.19976916,15.00466246,42.95351795,22.9827661,24.49876971,24.99455984
FST,21.66556983,21.24630049,19.684031,20.41739639,14.78126134,27.45238712,17.26727567,21.74624803
FSTL1,18.2018517,15.99744838,12.83558449,15.89624331,10.49986323,21.78713507,16.36246373,26.10108905
FUT3,21.89810539,18.16149056,20.19698596,16.99234409,10.93535554,17.6909006,22.89313818,27.68177182
FXYD6,84.76128076,23.40226979,20.82129081,17.40094514,9.807900285,12.50577674,18.4050691,23.12622813
GAS7,130.0359376,27.36101796,52.72034561,28.70453111,22.69617919,35.87550686,37.72261067,102.0873387
GATA2,37.10310758,24.50215867,23.47721837,26.62998346,900.9113667,48.70647303,27.05054805,43.48252884
GBP1,150.0213163,131.7108153,130.0954553,168.8761223,35.00596373,38.54927198,52.1610363,201.5976669
GCH1,270.792589,132.1649523,216.0294652,195.8943772,70.49469259,70.92837503,200.019374,144.9619989
GFOD1,66.13875942,44.01506919,185.5033473,59.66219329,57.26709095,160.1167478,67.27533267,105.5626919
GIMAP4,522.1604631,355.5067025,444.5650695,328.9828401,23.48774614,22.41240862,14.04155675,263.6919476
GJB1,30.0152769,20.90393074,19.69937063,26.28677095,16.63666812,23.85658245,20.99714866,39.85907775
GLRA1,15.16609712,17.16400595,19.5840056,14.18285704,14.80416562,22.03182568,13.55853382,23.28058537
GLRX2,84.45275679,53.76708579,66.58057884,57.42815006,52.9735146,58.16012826,35.10739771,76.60064347
GP5,14.10316163,24.1141718,19.51204587,20.28837667,18.33554734,24.01109182,11.56543218,20.0671064
GPNMB,27.04072872,16.54549252,19.05134317,14.50196706,15.54115315,35.34866646,15.61488612,19.39375478
HAGH,88.13032112,115.8230252,80.10562425,93.68965564,139.2149034,62.02511751,53.84207699,57.84331385
HAVCR1,12.057971,21.63682548,40.11192434,16.29918086,12.84218624,15.2360653,15.58492959,19.42734322
HBD,19.50953469,23.73438088,24.57824207,22.11340185,56.19545828,22.10723514,17.80699269,44.8631265
HCK,727.5687237,53.65923183,60.50318527,20.38960763,43.6851485,322.2058022,35.75472225,514.0049379
HDC,31.8817682,24.79671255,27.12769465,24.49503799,3422.912253,48.19807013,23.60161805,46.03912706
HGD,21.76468477,19.74540739,19.71925767,19.54822941,35.2197196,19.13888176,13.37414261,27.52683248
HIST1H2BC,18.98534053,25.31454849,20.75525926,19.7877356,40.6032966,37.4068721,91.29108698,180.1359818
HOMER2,21.46805006,25.16089884,64.31812775,19.9894923,27.44168747,34.40429202,26.33567178,26.77783978
HOXA2,11.83396793,15.16854978,18.43706507,11.65181663,27.09530313,22.93851836,13.52273386,20.83897175
HPSE,162.8782819,47.03004653,34.50565663,27.07976294,20.86442665,17.77123731,21.04585024,193.2663048
HTRA1,50.69479819,24.02771968,25.37191014,19.66165458,13.65490899,15.3572693,17.39077722,30.27724518
ICOS,16.20388287,262.2459957,31.73077289,128.2692591,27.33815389,12.314254,9.474305736,18.15031669
IFI27,19.86261331,32.86394603,19.69897357,27.04397517,9.527926109,12.26762473,14.69742768,24.18862404
IFNB1,14.59276916,13.42832706,11.36682803,12.92187053,8.624413332,15.14553949,11.16649586,14.50513232
IFT20,168.1503913,105.0194904,113.2627418,119.7015465,74.60387248,154.8224879,113.3178067,112.7835745
IGFBP2,17.96018167,18.53067689,16.06666268,22.09406833,16.94414589,27.14680466,11.38408361,16.96916315
IL15RA,56.76373,38.65306276,50.59454286,48.24120477,20.6764375,18.19843203,36.87123725,53.33224855
IL1R2,49.06090804,22.14873879,15.43959088,13.95811697,20.736333,19.56762434,11.36663054,361.4521089
IL1RAP,28.87757163,29.77486199,22.80236489,22.77637014,51.1553808,58.61753469,21.60369602,143.4462668
IL1RL1,19.2216275,16.82384224,22.13385391,15.93023392,149.9260712,64.24435907,17.43619951,39.47909068
IL2RA,23.9556593,83.57645383,43.37721895,40.0419995,69.60907947,23.85086966,25.92118143,32.02635047
IL32,21.18197243,371.0070797,230.2299172,547.3676325,48.63521916,20.63761086,16.33230535,26.27974432
IL4R,124.0596109,133.4605312,79.87643461,140.6215335,98.60215879,126.6168429,375.6406102,154.1953432
IL5RA,15.70334716,16.80990115,19.36587771,17.66818467,105.2094765,126.518973,16.71994519,55.23833671
IL6ST,37.18354987,66.95846414,27.41463583,48.10916813,12.63123813,25.44583936,48.38122351,32.29275522
ING2,39.82278444,53.46608463,44.22625154,60.28268741,116.4548343,64.95780462,33.26759008,58.74540308
IRS1,16.84385512,22.06229989,19.37208709,23.27846122,11.98574926,20.50320056,34.69869111,18.6209625
JRKL,33.0780762,36.41475259,38.09596269,31.08567243,28.03714456,38.95193531,26.27941299,36.35972733
KCNJ15,43.18707005,19.06435212,26.17620132,16.51906583,18.53458068,23.50088445,17.60642181,218.9717585
KIF1A,13.62215756,18.94226323,19.76129686,19.10054627,13.6910109,20.34535378,23.67217201,21.83971716
KIF22,35.92394798,83.77423308,42.83782646,87.88455585,176.8919907,35.00125493,50.83765296,41.66658182
KIR3DL1,23.07241398,24.63514698,227.9787831,33.20305617,21.72619702,15.28588845,20.49959873,39.65025835
KLHL18,55.75527881,44.97760504,43.1762552,44.49563429,79.69692199,45.56004767,57.26209285,66.9491149
KLRC3,10.52350246,12.75451241,241.222422,82.90798645,10.23787559,11.56551493,10.84892361,16.18971962
KLRD1,22.25432552,28.6562603,331.256296,158.3502436,15.51958438,18.74248424,18.63445684,42.45389071
KLRF1,22.90095484,25.0391711,565.6932824,88.75665882,42.71117648,17.15327209,15.17427017,42.63188841
KRT19,10.1300099,11.99865607,9.579039354,11.57226859,14.38565276,12.11458046,9.490013335,13.95831358
KRT5,19.10683004,17.73161545,15.27227027,13.92685989,8.19732949,23.41757014,20.01456372,23.15904078
KSR1,29.75429435,31.05951173,33.52625867,32.20444509,34.10096158,210.0808156,19.53475219,36.79593621
LAIR1,134.2345606,82.81974575,117.4395769,78.87399164,540.341422,69.79964586,169.3916158,70.55892785
LAMP3,33.4583233,51.06559862,29.08803723,33.7397647,45.44705805,50.52524185,14.4047974,59.87608787
LGALS13,14.80677312,15.30101896,22.89825595,14.38561439,15.06714542,15.26656168,17.06609469,22.33297878
LILRA3,257.4257181,32.34396029,33.17727739,20.4219805,22.81673942,14.90312888,19.25196215,123.928456
LILRA4,29.12650213,23.61492201,29.40359451,26.71006619,30.68144494,40.11492638,58.68698021,38.70564453
LILRA5,70.35298796,31.72404275,26.33976743,15.02406596,18.65332587,9.879938865,18.07715546,91.43950692
LILRB1,261.5720198,39.5345332,66.91515295,39.54458751,268.3114589,17.96633992,88.78953524,104.6336779
LIMA1,24.435072,74.8671303,43.14039998,49.82570946,21.51797601,16.6411566,34.75600124,18.80383907
LIMK2,46.69608162,42.22148783,48.33144594,39.10210529,43.39478409,57.21273922,56.85167375,185.6402223
LIPF,14.5412582,13.65587898,21.29408348,15.13010258,28.75278777,10.30886493,15.3742955,25.21611401
LRP5L,47.97887205,52.92407491,61.45769588,43.3981602,922.1525263,38.24706511,30.96499888,54.72770791
LRRC8D,203.6275923,142.8370216,101.4114073,142.7724325,35.00255252,71.82602034,138.7081087,94.54367216
LSM4,74.42962165,121.0106074,88.91104634,135.425977,143.8925285,55.3230303,88.98427596,37.43949911
MAG,17.71604481,19.38010952,21.73221796,15.4544302,23.51996634,19.9122098,18.9625577,22.26121409
MAL,21.98082047,320.7125872,24.36833996,182.8970995,20.10364177,16.4261505,27.7108582,34.51274065
MAOA,17.52776354,16.04345723,14.3507425,13.02623284,33.62980642,17.11250932,10.39920444,18.26845227
MAPK7,55.67954035,38.53064349,35.1941459,39.04135242,45.21140506,23.58362495,33.73194444,33.50113961
MAT2B,148.0282412,169.0684473,206.9148487,252.7013478,181.400137,1094.070575,693.2130969,153.0522144
MEST,26.54739742,22.26591892,20.06025446,27.56139987,12.13421791,24.63007109,26.6982874,28.19834367
MME,20.19588019,16.01947423,13.86791051,13.22752296,12.49942403,29.78551001,17.16725553,238.5493595
MMP25,54.89841597,35.65355189,38.6301524,37.01412604,275.0489511,63.35344234,27.8877984,167.1530174
MMP8,15.0378252,13.563454,16.58922465,11.40491931,9.997669084,23.82022965,17.19890567,41.06900956
MMP9,71.0484368,31.30604498,41.19276221,24.32904544,14.53404279,29.45171381,22.02023517,479.8010018
MOCS3,30.82444571,33.99311035,25.99305691,24.96936943,18.86986451,14.9272107,28.76160581,32.0788357
MPO,43.19840418,23.44734784,29.21356224,16.63514223,72.8887001,30.97860537,14.56696088,41.15901761
MPPED2,10.30500564,15.06922112,20.84170748,11.91963402,9.555447093,16.9797265,14.50192069,16.87620771
MRPL3,148.0956752,204.3076218,145.3158348,207.7236983,63.40515692,74.05751669,255.0718646,45.63488421
MRPL4,39.61261576,53.74594948,34.67654211,60.7536004,20.69952734,11.30900652,48.4910992,17.32654541
MS4A1,23.62489814,25.6870312,23.59910361,29.09362967,24.88581409,57.17416166,1518.542733,31.43809225
MS4A6A,446.0485563,62.51195241,39.22914965,19.8563612,216.2270205,38.89571358,23.84058066,86.60456504
MT1X,149.8094743,132.5304834,68.89061706,162.4430448,60.41167015,67.63864087,43.61808169,86.1766727
MTMR11,179.5649807,37.92172956,27.48901295,23.23172493,35.99507612,16.34258069,20.35202598,32.29785212
MTSS1,67.89571607,45.31013535,134.1263521,41.45677758,47.41990273,31.83396259,136.8338526,30.1073677
MUC1,24.30944778,31.92419418,16.51917612,29.01863265,29.69477858,24.00227852,21.15940953,31.79798346
MYLIP,97.70121741,150.0150301,131.5082242,131.2137904,684.6693635,123.0912131,131.3911025,266.9578082
NAGA,193.4523314,53.57259922,40.04588602,40.30828893,31.44666242,29.90405946,56.91808615,39.67814193
NBN,87.18340308,64.77969197,102.7631609,81.17406274,57.85617397,178.2442919,71.55835333,169.7808264
NBR1,63.47841164,58.81069426,54.01534483,69.58273107,26.12003973,128.5778845,61.07990054,71.62665701
NDRG2,26.94037659,39.61226074,31.90470195,26.81456841,27.17990304,28.73225801,29.1725599,32.03729203
NEFL,13.46444923,29.24769675,13.72333368,14.19207094,19.86067026,13.8183414,13.41266956,24.83212512
NGFRAP1,45.90343994,95.37075221,32.46341485,85.7695015,44.10285777,37.10318777,23.25826167,40.08861757
NME1,82.86861481,110.4531213,54.00266122,121.3829507,40.35959092,38.17391106,176.1862467,43.1976046
NOTCH4,30.03392263,26.04926333,27.00917151,22.24507761,21.50201957,27.59095444,35.38610358,25.00426124
NOV,18.18954012,18.72601959,15.79635968,14.6829381,32.71164211,45.3278159,18.68579879,116.4208383
NPEPPS,81.25409804,80.70966512,61.61760305,81.31942699,129.1853598,140.2037988,70.26796034,113.2371582
NR2E3,16.86250434,18.57041274,17.40389773,15.03250604,9.62469982,24.8497204,20.03518548,19.89899243
NR4A2,44.37856755,97.48089096,87.9594746,170.0973233,179.5333547,103.1894067,48.23055105,179.0937793
NRG1,41.97409244,18.19652847,15.01071836,16.36535625,14.26631417,17.3261289,15.55800841,21.69112162
NRGN,183.1562184,41.33990717,29.18640595,29.90204555,27.20095809,19.74443402,23.02412522,72.85989994
NUDT1,55.35500161,78.87652511,52.2868293,86.94464827,62.90128839,12.66110659,69.0775237,21.41630814
NUDT18,54.24460724,56.65081803,48.60511,52.85544508,78.09180057,21.37622312,39.32100194,46.2659202
NXT1,93.77289101,164.1503968,98.9993326,224.0567431,155.1276135,89.82722144,116.4704663,105.740605
NXT2,64.94703883,58.75690524,66.08612451,59.64845766,53.75236102,29.75977866,47.13085851,55.637105
OLFM1,37.20237527,19.50176482,17.61282462,15.3121072,11.50268106,18.03449606,13.01591221,18.55587107
OR2F1,18.7656117,18.14242915,15.28803819,12.85605776,10.10019425,20.9229567,14.70546546,18.94028207
OR2J2,13.32759872,14.17546853,11.62689815,9.688608305,12.4292015,7.961651798,12.48202156,15.81221445
ORM1,24.14276185,17.52609902,15.94540881,16.91123006,21.49014731,12.71525584,15.92259276,185.8752815
OSBPL10,16.34026917,19.38783891,18.60900888,18.37111616,11.48639431,22.97718188,105.278523,21.34756121
PALLD,52.11078669,25.14299248,60.39619946,22.00001842,660.4177086,10.13306968,25.6123872,20.77189965
PANX1,49.18379799,46.19916789,50.00250853,44.61534081,23.51653451,29.98267906,25.54239171,24.17130176
PAX5,23.44412571,18.67527116,20.57807518,22.34666715,9.27833823,35.31888936,212.0252857,24.08132606
PCGF2,24.94240962,27.85059059,23.907789,24.07973792,15.03170345,21.87178019,28.85880246,34.70816385
PDGFB,23.78580125,23.7937757,21.25407142,22.10112584,21.54749317,18.79803383,23.89904124,21.9189289
PDK4,68.80269998,22.07451304,20.58184344,14.73371552,19.41077844,125.2055514,21.1842502,36.61101496
PGLYRP1,26.52875101,21.15320561,20.27613905,18.57870452,30.70316897,53.20463715,16.89847601,169.4718449
PHEX,18.76270199,23.68828349,17.64635366,22.57833869,16.70863357,19.50160238,22.60471451,30.84258428
PI3,33.5527768,18.8127959,34.37545545,16.40221621,12.86817384,15.99317704,25.14356735,486.9529895
PIK3CG,42.0216535,58.97877543,102.4660155,50.71206659,184.5952155,66.9416155,73.09466473,121.6946636
PLAT,12.76716727,17.8518733,18.63013775,11.14766743,16.17231682,17.53934316,15.91152026,21.21183441
POU2AF1,18.19229778,41.10526208,23.04809206,26.71265193,17.65271669,80.29676955,793.3270891,22.95444767
PPA1,427.7470604,369.0317681,137.4205704,423.1915341,93.88382712,123.4163002,277.6064137,69.69378202
PRKCDBP,28.742332,28.40170096,21.20868645,19.85858748,25.91365983,33.74527771,14.32704851,21.07436128
PROM1,12.4050491,17.04839034,20.42375543,13.77568838,50.30324612,39.67224775,10.99974881,25.80653389
PRR5,24.58993605,53.46178404,53.61295555,103.0902471,22.28709304,16.69814432,26.36985905,26.15900106
PSAT1,25.69185751,47.40817501,40.84733565,46.89314084,13.27270986,15.19005951,30.48060763,24.81061926
PTPN13,11.92741301,28.35163486,18.93554451,9.517158609,13.26801011,25.72464229,11.16301959,18.83161524
PTPRK,11.04197364,19.68798458,15.27371825,33.09116584,13.77015221,39.12435725,83.3268931,19.19531589
PTPRS,20.21085827,19.67726039,17.75584348,17.89881682,24.13040619,12.61532795,17.82709281,24.4306265
PTTG2,13.24100657,27.90648458,34.94482618,26.15085808,25.44243448,12.82290071,20.32234439,26.94273621
QPRT,26.07350879,28.50476833,28.99579625,26.64745261,29.60114877,17.24969996,16.62845877,30.65533091
RAB9A,202.1099626,115.5462833,164.4978571,168.4145525,231.1462732,142.7202766,112.6560829,136.1018168
RAMP1,27.56631678,30.16397238,60.14600509,29.83861422,15.524146,22.90449525,20.7638077,35.90370903
RARRES2,17.36619803,18.25109405,13.93728094,14.93854033,18.60401972,20.66263073,19.15199898,36.1118421
RETN,89.1250216,30.15636884,23.91568441,23.79798307,24.07131459,15.55151179,15.52906917,41.7696246
RNASE1,22.78342966,20.19513756,16.3624904,14.83435711,16.39812,18.88088996,19.07772968,21.783092
RNASE4,71.0216947,24.32127794,16.63778553,14.12522889,22.21503062,8.283444473,15.30665176,19.33838641
RNF122,54.71556386,38.80654871,39.72706585,37.63997544,52.94285885,62.40676909,48.46965891,92.69415809
RPL7,164.1361825,393.3765809,96.48985148,420.3726686,298.8231918,98.33919218,1033.574633,87.50627636
RRAS,108.6019515,73.41138729,41.63677616,38.42751712,44.86925503,12.84206082,27.64082708,21.89782529
S100A12,655.9390706,46.03084801,71.47967761,27.25970063,19.98157608,43.82159575,14.04455284,617.9793152
S100B,9.601537557,11.9424836,34.35659843,22.32865451,9.762508622,10.50355428,9.971537007,11.65674329
S100P,117.6682209,34.51133428,28.55151545,28.0683052,702.5883218,1026.492039,15.49439491,741.1481276
SCRN1,85.13756859,33.9151586,67.68914445,43.23882517,99.02090425,84.31811583,126.5826759,42.81546148
SDC1,20.62648574,24.60514239,16.40288943,19.21975703,28.0420809,16.31651468,24.79887536,26.78966508
SEC63,52.20434746,77.73097269,53.77087671,78.17603793,65.95037539,80.92044487,101.0408738,55.63381994
SERPINF2,22.717928,20.76616794,23.07100574,17.82347812,15.27016209,8.418959037,25.16540725,21.02777312
SETBP1,25.12551429,28.08892499,86.3251283,36.94103439,32.28710002,31.01293257,149.4771373,26.22690449
SF3A3,109.4477111,191.0306861,106.4306596,191.0686657,263.91632,70.53653489,96.65835861,90.56251197
SFTPD,26.13515207,19.8149713,15.6863971,13.73656666,15.24977373,10.32077039,12.11587979,21.00697561
SFXN3,79.38692925,62.79976,65.45767325,70.13717378,52.21506655,77.07277448,22.73172352,59.41154885
SH3BP2,61.60903233,42.02231674,73.51030774,46.30160147,24.31878561,64.2292617,78.16843296,89.69965897
SIDT1,23.93276043,80.33372021,65.24252936,87.95419742,50.33296301,34.09960061,252.9932429,37.5601137
SIGLEC6,22.01117651,27.61972835,28.08615245,21.34147429,39.9843241,27.31516211,31.38116573,33.3182282
SLC12A3,21.13235793,19.16114417,14.65392851,17.72120515,13.58494953,15.88387902,18.57336278,24.89258946
SLC15A3,258.0951101,45.33917472,29.0927985,24.4990451,31.65117833,17.18803762,86.77486694,331.8926128
SLC17A5,52.41159961,53.27645106,33.76025522,40.91283072,18.66699069,28.40714177,42.4173104,70.25304705
SLC1A4,40.32569773,37.77641149,48.35570754,40.88737035,88.17576233,31.88443757,68.94065372,34.5222468
SLC38A1,28.94731445,310.1665763,139.4567178,424.8822757,67.82363086,224.9806249,488.0248689,62.96139994
SLC4A1AP,72.04207187,77.11608869,66.83547484,92.181389,91.59722285,57.71279037,83.46892136,72.0946286
SLC6A13,28.77147671,25.76961056,36.72781145,26.84066539,35.26491365,26.5296149,20.43557106,33.08536183
SLC7A7,1028.398024,71.83399353,55.35578722,30.82272146,33.28578265,39.20794451,169.2379734,181.1256905
SLC9A3R1,156.9022663,267.3826495,248.7955009,345.9535607,652.3208141,249.9117764,83.40758499,240.0971138
SLCO2B1,22.33152831,17.74458853,17.75770185,14.83308881,18.11556493,17.58736698,13.72861198,24.28052761
SMARCD3,75.88483791,34.85050651,22.9671045,30.18821879,21.40466007,13.84586795,18.0179342,33.63024944
SOCS2,20.3634828,64.01038969,55.13392378,41.69195392,1285.060803,54.29909603,19.53820151,40.24582493
SPAG4,15.26493638,20.48666382,19.83457906,19.66929555,28.45162391,14.24973469,11.32572542,28.81217412
STAB2,18.54074989,19.76825935,13.71361601,14.39231432,14.86971552,17.79125416,18.30632885,17.77187838
STEAP4,36.08464011,14.14938737,13.53627795,10.47547468,20.37249483,13.2621408,9.119141213,197.0155245
SYNE1,17.81834697,23.5586851,39.49714884,40.11504631,16.34278474,192.2720732,69.68297964,27.90377716
TAGLN,48.99305197,28.87251715,30.25344916,22.63423102,51.77785704,29.13997087,48.64693621,36.82738238
TBC1D8,73.24456967,32.1559919,28.48446048,22.74865063,38.65269808,34.0793691,27.25407856,41.41484482
TCL1A,27.08883589,30.97811047,22.5362612,26.96561613,16.79054365,34.23857187,793.8900315,35.25030004
TFEC,85.96938494,15.63079984,22.69556948,13.69592199,15.1007722,16.88009107,15.14647828,29.90247021
TGM3,20.78456768,18.1101542,17.6013214,19.16833433,31.52757041,18.45937232,18.67200244,155.5047555
TLL1,8.570943646,11.44631224,11.96126022,9.165693467,14.31112465,14.59818183,9.806158861,19.52987237
TLR5,131.5470643,40.44773288,29.17292635,23.71397596,16.36655878,24.18734649,19.84317429,95.83301736
TLR8,213.8319909,25.79374896,31.48149777,12.25340312,16.06999782,14.26815465,9.326644171,292.4206308
TM4SF5,16.79563909,17.05315871,10.95124472,17.36524199,8.325164759,11.55338412,13.14428075,19.07099699
TMC6,76.38328978,151.5296969,145.3284358,143.6807561,119.9789094,68.32025467,156.0082141,69.3111774
TMEM9B,262.3187706,173.9289963,166.9378872,182.808903,397.3707829,319.5457695,293.1013468,131.5888342
TMF1,61.09001584,80.81724307,67.25367823,78.48457076,81.46069321,65.8901759,70.62512117,89.35249607
TNFRSF10C,33.96841504,21.22750855,22.24537473,18.58356558,37.38596198,52.48941974,20.97788111,134.5211505
TNFRSF13B,33.1073582,29.12585726,31.21117013,25.75276089,10.10382964,21.09229493,124.1332068,34.02311437
TNFRSF25,28.86461675,216.5732474,47.50816226,131.3810495,13.18837155,10.26021027,18.99531444,29.25071009
TNNI2,32.20272251,19.37239669,15.38513929,14.14728385,49.54944325,17.23950271,16.10205868,62.88621982
TOMM22,98.1826432,129.3696591,110.385209,112.3008105,89.98087837,18.94719861,100.5764343,50.82261446
TOMM34,71.87253915,88.14993364,50.04665645,77.74591389,130.427354,39.187759,80.37944742,70.40679514
TRAF3IP2,35.08190246,48.63999243,30.00609388,35.13236487,62.79229066,32.18355277,76.05384135,39.10784407
TRAK1,71.06134142,53.64150407,54.64985465,51.15145855,77.64481624,45.83405635,154.9530298,61.09693878
TRAT1,12.37832006,233.6199017,29.13907223,167.2247739,85.34810987,21.43143996,7.602023554,34.05200825
TREM1,189.0386584,27.58564124,26.90458903,22.57252005,18.4334631,31.07732809,30.07968761,769.9501437
TREML2,30.88006696,27.61246847,26.3638513,24.34053288,52.63117211,61.24110215,59.04703951,164.5609373
TRIB1,121.4633862,72.85525466,27.74016998,30.53957141,147.0583983,587.5310685,25.6028137,145.0829252
TSPAN7,11.47876506,17.00232043,12.50292891,14.0554313,13.09456912,21.43389081,12.98130215,28.07989581
TUBB6,84.65287157,33.2058379,29.11667778,32.22643286,25.16917039,24.11024796,49.54087061,24.6815938
TULP2,25.52575228,20.52169975,13.93094875,16.02488289,10.51106413,18.53022945,38.28948445,35.92575199
TYRO3,21.30159238,19.31901197,16.95136515,15.12849243,15.92271042,10.25236547,17.43511222,21.00157631
UBE2J1,133.782872,98.3984443,92.65841108,96.24618722,289.3464782,119.9071042,168.2494472,142.908453
ULK2,34.84627454,33.90029611,42.80753566,32.03860804,42.14071071,25.35121085,16.38260907,27.07728719
WEE1,18.31553158,43.89036134,45.89693998,52.21437186,67.8902951,88.5031803,70.37535195,40.3949701
YTHDF3,137.7057602,107.5264164,93.15356455,105.5709979,138.9261545,152.13815,89.49164974,199.9340369
ZC3H12A,76.60623247,90.62268836,101.9730179,102.719446,146.3930148,27.35080322,92.87362225,215.8209127
ZDHHC13,25.58411871,47.27510732,44.3164249,53.74693459,47.26381674,130.8030863,48.13921695,44.75965293
ZNF180,42.68408653,37.49038396,28.4626332,26.0460025,13.89932646,38.80974986,21.9479547,36.94482119
ZNF189,67.02029489,48.39242603,49.64192421,41.59917211,64.52754548,48.31971202,50.61358264,71.16705874
ZNF34,37.69218873,35.83927608,42.73919984,34.69316866,86.37070099,12.85479507,23.09076621,33.73785521
ZNF552,29.82752348,38.8255434,38.52459177,46.39369821,37.8810231,181.4223655,54.90738864,31.51712506
ZNF593,54.50388246,77.24705502,37.56988808,77.26550469,58.61633969,10.9445332,45.72708393,24.82233408
