Symbol,B.cells,CD4.T.cells,CD8.T.cells,endothelial.cells,fibroblasts,monocytic.lineage,neutrophils,NK.cells
NME8,10.58352158,57.45562677,10.6691415,17.50280378,7.309470748,94.75692579,35.54774526,399.0608574
GPR183,605.2184165,2499.106767,897.1152319,163.7300225,31.01217076,493.6211464,375.1831223,454.3233423
GUSBP11,64.68259366,41.34215301,57.60926291,41.51707505,70.56367392,97.26100288,122.2682093,85.88649125
MSC,54.77236951,173.8971342,129.0293474,57.8954554,147.8311872,201.5574077,158.3419598,93.58389935
HIC1,8.734062642,9.465842663,17.50280378,24.33274614,38.6336359,15.79119467,22.7223966,77.61223209
PPFIBP1,102.398891,16.06280656,20.78711251,78.09063512,111.2452372,28.16912544,45.4171575,20.16392765
CHI3L1,8.094863049,12.97483452,15.025643,19.48421501,14.61404706,25.50804513,734.1829082,114.7472832
CPA3,1182.935053,309.9271084,321.3041505,495.8322295,165.0016708,203.1936883,1063.54874,551.5016107
IL7R,439.6675043,11509.03781,17187.42907,322.6763802,789.0740447,938.9917345,1910.237716,1433.971072
FRK,262.1417997,17.86095767,56.31457241,30.24550176,34.70122174,25.61980765,251.1206907,21.20418024
RASA3,9.465842663,146.7921036,201.4759432,20.35907438,73.29484951,21.41585901,26.80791884,85.40108225
CFP,9.987101536,1506.054396,44.42928086,13.07596815,10.78649807,4955.30184,3337.231976,95.69163797
PASK,429.945293,121.2281815,94.31816915,132.3947648,136.8770636,68.55279458,234.8811405,108.8463242
FLVCR2,126.670421,289.3233548,128.8186739,146.3609587,73.19352952,847.311131,134.0832035,194.5212909
ZNF204P,161.5003151,184.0341049,274.53525,78.36263731,53.65389704,78.14181042,98.83030167,65.92520434
DAPK2,47.12549817,31.1363657,36.93926713,49.3605846,57.38839428,46.44165156,348.9137821,74.98544257
FAM212B,101.8049746,86.48560234,41.18393997,168.9344814,63.50737536,164.7267552,1127.98586,39.65965422
GREM2,40.90132,84.15615615,101.8342988,37.42790593,1525.927062,48.19085967,78.22781749,145.130056
BPI,30.69221896,207.1982899,268.797903,39.03183954,44.76677566,541.6195167,55.29423293,1644.385625
BIRC3,2828.868569,1709.911834,649.2530932,125.2816596,70.73993711,396.7260742,221.6533768,1616.503539
HESX1,34.4136787,21.30526753,21.8471886,85.62086464,18.7402808,27.78781358,20.653479,62.47798827
CD247,44.5394393,7008.614043,6425.790761,61.85980558,71.01900505,89.81406375,213.3072373,21227.5083
NKG7,27.83725448,5629.964319,10992.45382,9.657621632,8.427935465,301.2598798,460.0604248,19356.6561
ST8SIA1,72.98076073,185.3021714,119.9424643,14.05192052,57.05057927,24.39646142,38.89587872,28.75682288
CD8A,889.5193305,2136.691932,12238.6026,958.6507624,113.0305847,333.5991435,1097.448569,1522.701596
TRAV12-2,53.45449206,116.1303518,231.0750944,181.8993228,101.6627086,73.52656765,111.6911528,55.1516412
ACAP1,274.423539,635.2173058,962.6032709,15.83482585,28.01261869,258.6237191,364.8817172,481.4690095
IL3,23.71117987,998.3799902,13.71510441,16.12223815,13.6052927,18.60909983,15.94140096,139.9119914
LTB,11232.18116,13722.02561,12420.65395,120.4739525,85.91802665,484.5218646,8570.32079,20068.90585
ZBTB10,378.9098441,161.7328553,212.552572,221.0426628,97.48249997,118.8214215,44.88705793,174.9366207
CD86,307.2969168,282.7502114,123.4882559,34.52494903,28.88048309,1129.724781,118.5991355,132.176074
RNASE6,2744.911932,885.3189715,101.7561708,27.98569751,22.0131,5195.55977,3151.390814,111.4104956
SPAG4,67.83521789,114.0586754,124.1582286,98.80356391,230.9565644,70.9896194,124.3130983,109.7590602
FBN1,51.48374141,26.85235726,32.13777028,1133.135949,5472.939156,35.67348299,39.56306587,34.15910655
TARDBPP1,219.2925335,89.12948423,61.85980558,133.8786357,81.72816649,83.15116282,216.3393953,74.49890524
PVRIG,1768.895084,2014.119369,4251.633253,104.1036486,141.8425443,208.5978716,903.4164039,3693.755436
CDA,21.58697552,225.9081374,43.10499315,143.6598244,157.5491637,1554.34328,5677.45365,204.2023119
CD1B,362.7544356,109.5872987,78.27275095,151.6621159,113.5142373,189.8745087,204.4400876,92.46355828
TNFAIP6,368.3359085,86.6547891,77.94856887,153.0747183,205.7360549,2293.34138,3825.833547,945.1485483
TRBC1,1962.975765,14996.41192,16680.06113,268.5152066,15.2808356,90.27451894,1094.424546,8498.806279
ADIRF,16.71564015,25.72184971,47.62810814,96.92500833,953.3786051,21.45015656,20.81308008,17.64101795
PCDHA5,35.76330127,28.78753746,64.38155777,36.83056137,45.81865852,37.94704756,28.83761109,41.75297467
EAF2,4871.879436,457.8896427,373.517581,243.4669846,81.92755813,941.9675391,328.6599278,305.1846055
MAP4K2,27.04038844,206.1098223,76.99596131,18.66493659,19.2327181,24.56109727,24.40837786,31.29023373
MARCO,18.41432855,110.1120214,23.87823224,19.20872859,33.56161613,465.894918,21.14191321,22.7223966
MICAL3,743.0736883,187.4490343,176.4244634,117.5078746,364.8817172,39.37050429,31.27892129,160.4456342
BMP2K,109.1978775,51.71564112,29.41130349,63.92834071,127.454426,223.8328538,145.9849188,66.75749458
HRH1,198.606912,125.320852,100.2059791,234.5017263,452.9572872,155.5456808,258.8528257,82.10950951
FBXL8,16.02239651,158.465141,87.83420993,11.90050479,50.89529683,22.34469768,15.75792273,36.5543749
TCL1A,13966.09063,634.2777162,214.1791963,226.4450796,168.7074823,276.5931943,489.6336916,164.1203255
HS3ST3A1,93.66665669,45.52422741,26.71285867,20.32419779,1301.795375,31.70097666,101.898153,45.29074745
PDE6C,11.82480849,7.691319822,6.097102146,5.869963409,11.06795124,11.62745315,4.958532787,14.75332292
BCL11B,275.9746013,3748.312817,5028.534915,156.8070156,143.2043527,161.9775892,411.7660897,1007.925037
TLR2,69.43323405,622.0249641,162.243186,65.54912664,134.534125,5629.964319,5481.236451,354.9568447
C5AR1,185.5337689,709.7632597,131.8379402,71.53461631,55.686305,4810.989286,20626.92494,408.5452469
SERGEF,28.30481445,109.4643681,106.2512817,23.19668777,50.43890837,49.26181327,21.70429494,87.17320779
RAB3B,44.28355803,25.86789493,60.35881702,81.43190951,1082.725772,26.2389828,41.78773987,19.74044693
ZNF286A,768.7572248,209.5073057,241.3178907,545.3813237,228.0706208,128.8186739,682.8987856,210.1620718
LIME1,37.11730454,690.2073547,734.1829082,64.68259366,103.2280178,135.2764383,134.7683871,254.3324931
C1R,71.61212732,129.9208019,159.7737803,192.169309,1524.183763,110.1120214,136.6064469,146.2541024
CD33,47.70425885,206.6539755,44.90755313,36.90498751,22.58303004,2225.497826,64.78985565,36.41787333
CLEC4A,86.52043171,234.3583736,28.26873668,19.19701838,20.09755254,3371.324315,3165.391206,40.1435747
GPR18,4406.642409,1193.961566,1644.385625,28.01261869,38.35840604,201.94799,274.6410242,2184.411235
CCL8,354.2091987,114.2386751,109.256995,231.6446087,71.70029786,219.8895554,276.1232076,256.60743
FOXD1,104.3416388,46.41227662,82.19963396,59.79174001,4442.064274,49.34376844,103.5716512,29.37032987
IGLL3P,4535.5949,843.8554693,1114.784547,132.3035257,209.3305489,301.5842821,568.255958,468.7680257
CD8B,29.13201713,339.5101279,3305.811359,20.20641373,25.90442005,33.48377877,62.26846905,71.94074775
EPN2,22.56796072,28.66533397,23.18283383,76.51950303,104.6173701,26.81131512,23.91575634,16.1156173
CD22,427.2360843,33.56161613,24.91199759,24.67175457,17.08646116,21.90888866,22.39484059,20.22642524
FRMD4A,54.04504801,25.05660765,50.05058007,90.33473196,35.47011138,25.08301673,19.63406733,51.07256777
HIST1H2BG,31.1363657,70.75897532,59.25557609,13.28839962,24.5771093,24.82343912,70.00535669,47.87310392
TTC38,38.98702561,30.571233,34.33533545,23.44790479,32.08067495,46.90963064,64.46009129,46.27673144
PTGDR,31.84514097,46.62593652,63.48285577,15.59316012,13.78098959,17.54961649,20.90712112,82.62595032
ZBTB32,24.40125148,149.3152084,53.75964061,22.3862179,21.27978387,19.96226317,27.1455712,67.4464467
CYP27B1,1265.498533,209.3068302,233.0513229,335.9113913,164.0401891,304.5176708,633.2135392,171.6389959
IL26,15.51921226,154.0551215,28.92643516,15.80266397,22.47267426,7.574118305,28.51662888,27.35540036
P2RX5,96.74411442,376.8066307,298.7207488,57.0316759,245.4336621,297.7088929,65.21693085,367.2039375
HSPB2,18.44774335,21.04747867,21.16586639,31.06885129,750.7458743,25.94083889,22.95940116,18.95392827
UBASH3A,19.11062631,877.0910466,1310.773222,20.61015665,11.2954762,14.01158055,21.29480893,20.0798043
CTSG,366.4985202,170.0978719,258.7618691,115.7144836,99.93986375,177.1523191,223.668324,584.4173307
CD209,66.6472889,47.33760318,39.78588955,151.3535835,74.95696262,115.4770467,169.7494247,69.07692633
IL12RB2,33.66249659,393.2839362,161.7328553,40.93408756,51.07256777,54.18784575,24.91199759,2230.022165
DHX58,25.8372826,102.3117047,150.6612721,33.99653359,34.52494903,129.8341077,33.60535787,387.3095289
FLT3LG,42.35295563,933.0326697,1368.51712,18.55818854,67.85848662,64.56586625,26.06050015,437.6934629
CCL14,349.1665553,121.5811804,140.4680055,7233.883549,180.9382307,211.0845138,370.3028346,236.4855456
GZMB,182.1920328,7684.037748,2553.631234,257.2195947,85.16363692,109.0942178,357.0272778,29912.96326
KLRD1,247.0631129,425.3470072,839.4837385,74.7134924,95.53654439,97.71511594,261.2843894,2003.109837
LST1,79.64671724,1603.915489,497.8519542,36.69984581,26.56251151,4266.655976,12906.04207,530.5104277
HAL,521.4907504,170.1556354,142.7628778,141.1411068,87.9564879,831.7962137,1969.123566,120.1663727
APOBEC3G,111.8516574,60.59062661,43.15988787,47.48603343,52.40022725,66.50123941,129.9421634,374.4837618
ITK,767.1874943,7585.047583,7877.643601,286.1514306,169.8786592,245.4336621,807.1262287,4604.127184
CD180,2716.663766,406.7328283,184.072154,120.2580138,80.18567772,922.1034394,193.7346966,67.50801475
ADAMDEC1,592.2407368,73.95003886,83.94255346,202.0822813,73.11586847,1119.692641,465.8075815,105.5093995
SKAP1,2684.138371,2080.520296,2660.022255,610.1258437,288.1588233,335.9986738,1125.149114,1709.911834
AEBP1,141.5094263,139.6043858,131.6246793,168.087329,1923.349278,91.71803201,105.5093995,96.71729182
CEACAM3,154.2794004,125.534284,133.2307971,54.31746096,151.5582404,118.2095827,412.9025001,90.56583824
PLEKHG3,27.47498401,60.01698942,98.62403616,57.60926291,45.03555825,89.79270415,623.9473882,160.8347097
TNFRSF13B,625.9834626,269.3882408,273.1295553,227.20095,264.7898142,284.1054397,494.9345765,293.8316264
TEP1,34.17062443,71.40799667,156.2959684,18.43658955,15.94140096,43.15988787,18.76628863,267.7676874
ATHL1,615.3415166,1180.220178,1402.22828,290.0866509,184.4414519,382.1344743,2095.636543,831.3061377
AIF1,46.71736257,62.79772706,131.0111664,42.85356983,27.04038844,153.435224,162.041385,78.19998839
LY86,7540.525045,1551.150118,521.971576,241.8454136,232.6528464,6112.904023,1051.524754,287.1924273
TLR8,15.0092278,105.9354887,11.73320051,24.03008169,15.80266397,2177.203278,2142.711729,82.30709159
SSX1,17.14587901,17.48187898,8.360241617,9.0674915,13.85403209,12.43996234,8.596415061,8.124909299
BLK,895.4444108,66.02432328,217.5309081,18.76628863,33.46563941,83.40433653,17.68490826,27.33667358
NOD2,22.54235064,413.1117432,29.39498541,11.37129013,20.54159504,1608.705673,582.6166399,303.9552568
TMEM156,796.5779015,282.4017564,294.3377102,38.36929701,16.57375205,52.92514522,143.714655,206.7959311
ETV3,55.44603144,31.5093444,40.24508674,118.4794546,17.83411231,28.05509622,38.16021727,19.97872383
CD68,40.33729428,193.8067736,151.6279148,51.96816079,272.8188641,687.1537255,69.63460201,129.4066451
RYR1,174.1171345,165.9850296,202.5557226,137.0366135,62.75771667,226.7940563,183.3744538,78.82619549
OXTR,528.4659802,190.9274196,156.4848978,183.463119,5496.127549,203.6862349,495.8322295,202.7198253
SLAMF1,1197.232453,1476.076577,831.3061377,253.6682893,150.4151498,327.998116,526.375128,261.4546849
IGSF6,123.9152596,860.8306627,82.38232252,65.60727018,68.48901606,3647.344725,7833.082059,349.469671
STXBP6,27.80176788,18.30218832,26.39543615,23.08765522,205.2516519,23.97278465,15.22112985,16.4172355
LINC00921,1758.150007,989.4526697,1164.314107,706.6314211,555.9668555,733.0611235,728.2923046,686.2647969
GNLY,65.05144207,5000.413533,4546.460269,29.76968548,44.26708694,61.28581461,614.8120927,25244.67187
KCNK2,81.22654153,40.2143292,80.45239188,67.17332791,1291.004719,72.72944862,60.93141928,42.87852196
CHST15,575.5359916,618.7128147,112.8033862,2209.649222,123.5903943,4185.110703,6490.709425,119.6150125
SIK1,6520.094234,984.838797,2055.426116,714.8137622,189.2819018,792.2323837,560.5679819,538.3751726
EPB41,18.33526848,168.0145726,64.6203249,21.58697552,7.813335737,20.41263838,19.36687377,75.54432288
IL1RL1,59.83153086,41.87170863,57.05057927,235.7994554,75.12747085,58.89373057,81.30317346,50.72388176
KIAA0226L,5447.84076,166.2591219,69.25768151,13.80719578,54.07454449,185.3366831,1260.439239,47.9280202
ZNF442,66.20875993,45.97469144,99.72911926,287.1408914,59.65828231,73.95003886,63.38618055,87.14991793
SPIB,5184.945465,323.886368,139.2419789,185.9081267,134.4025048,200.100135,345.4931422,174.4143149
TPSAB1,20.79791641,19.83371011,28.67369367,21.73644026,25.05660765,22.18650369,24.27311676,26.87848644
CCL18,15.67632829,29.98988711,37.54039555,16.21766564,31.5093444,233.5487531,47.55874135,82.40718178
IL18RAP,106.3858541,631.7260886,824.3058035,128.196178,84.82328476,150.0989272,2542.071562,6677.719096
PAQR5,41.80725436,34.50018427,35.47011138,22.33489991,154.6108712,32.19940792,49.21227519,26.91274167
HLA-DOB,7788.100656,276.6724418,253.2492173,142.5346112,69.85579396,177.9672145,66.22583022,386.6167072
P2RY14,2372.23417,241.9002611,338.720557,49.48743524,22.88408452,93.66665669,2357.815136,392.064945
NOX3,17.44866943,17.72759447,15.03888417,19.626449,11.03466919,19.71369695,20.7147294,8.596415061
LILRA2,39.04321127,130.4228849,42.52505385,14.23508648,27.56092976,1408.02379,2323.090366,114.0937157
PRF1,642.8969801,8213.416915,10283.01667,431.2805746,149.2389948,275.5650491,1348.93275,32796.25293
CXCL11,118.8772245,35.23499599,22.61338829,81.12273327,24.59887641,49.54291708,81.34917545,1346.276751
TYR,641.7358824,285.754933,322.5392174,284.0147977,292.5288658,312.850389,686.2647969,260.4159815
KIR2DS4,22.44575602,42.72155644,43.76189307,41.4428073,35.01971932,32.41888375,29.43480551,102.6814122
DHRS11,141.4653174,123.0884568,155.8846171,178.9908086,139.2419789,93.43666178,88.664095,114.9013062
KIR2DL4,272.3524316,107.1047406,130.5866083,147.9363128,70.09958168,157.5065743,192.7172663,1991.104438
GZMH,23.38411171,3861.287581,7460.527776,132.4599749,25.37665571,42.04467003,66.62549423,10283.01667
TGM5,359.562495,156.027912,138.1056078,302.3989859,127.1043911,260.6730745,264.8566187,226.4126887
TNIP3,72.90249337,211.0845138,150.2992449,59.8081663,104.735266,248.6043986,31.95460086,46.00649628
ZFP36L2,1034.835502,2293.34138,4030.999844,430.681063,276.0353186,1383.112781,979.7605059,842.6584283
PPBP,221.6186644,4051.36641,107.4590596,62.62078558,45.13002246,554.4911576,1530.067153,53.27501943
ACP5,893.9598529,659.5616966,479.8998998,666.6608526,182.9371882,745.2228789,356.0719402,428.6187462
ARHGAP22,76.17725529,37.08104696,74.3311376,305.1846055,854.5264184,124.5394997,46.14439525,117.0213125
BEND5,775.9790518,164.7982102,249.8497964,248.3171132,126.5796231,129.4500858,200.2519297,108.7964182
TIMP3,22.36887858,20.49574351,23.25337973,342.916728,4815.961256,23.12961504,26.47554608,38.86776733
MFAP4,37.08104696,30.37798532,42.7639992,53.04103853,618.0990617,34.12017769,41.39718322,28.4550007
PKD2L2,71.86732677,58.85217487,67.38725187,22.55145541,23.46812222,62.79772706,129.2949663,42.6322027
CREB5,86.15832735,156.112353,26.62106152,101.5561528,122.4789893,602.8043492,2347.13887,42.01423458
EFEMP2,217.1134998,147.4699272,176.7618266,725.653207,3693.755436,240.8901809,291.2042904,191.8168647
FPR1,41.78773987,60.63456302,68.92977389,25.61980765,70.12974473,300.2652463,2354.977209,61.17074848
PAMR1,76.19801506,62.26846905,88.72179378,177.7244922,1556.85042,98.38784943,167.0220857,47.04997123
P2RY2,21.54349154,81.79678373,42.61897652,73.45835426,22.97990293,294.8736574,44.87426391,23.65373968
BCL7A,1083.848956,130.5050875,167.4623359,161.7783973,192.9818192,72.70808745,112.349221,69.13123437
RRP12,33.56161613,99.00854363,26.47554608,42.65824865,37.17331632,208.6992976,75.93247455,100.9987442
KIR2DL1,43.91701988,49.48743524,54.95496325,46.71736257,44.54700595,42.47270557,44.76677566,102.6814122
KLRB1,300.7416764,5812.875238,11509.03781,132.5315393,80.32129042,215.6456003,862.7743513,17345.40346
SP140,1331.637424,693.3920541,620.6733009,111.8177293,75.66360967,204.2620788,295.5072167,672.1225055
EMILIN1,11.2954762,31.76477316,11.90050479,48.66347176,848.8954123,21.04747867,13.01523991,11.8578607
CLC,517.9037419,363.786568,152.3948139,61.40521167,125.7565857,159.0114777,21456.70694,994.7818637
VEGFC,285.0274527,93.95057608,167.8335058,678.3461651,3535.84375,132.6403905,340.9417446,115.767291
CD3D,302.3012683,13035.70422,15611.38302,328.2916459,137.5046382,206.1098223,1161.826582,691.0144977
TMEM255A,125.1249448,51.05973035,94.26811044,67.0678128,41.70795377,145.7551248,68.59322872,89.12948423
ABCB4,853.9693111,42.37036871,18.69272126,19.86408592,34.30627766,27.62695138,58.54415225,54.04504801
KCNA3,461.8889028,664.2618192,594.0661438,58.81561893,51.60972555,203.289568,86.97234568,749.1767081
MS4A6A,689.8990828,1373.564737,250.5626822,671.5236838,147.7467111,11466.74918,1332.499543,150.1442852
CD70,244.5036311,333.8478638,201.1819665,129.608497,145.130056,155.7499371,224.6886184,192.3818294
CD28,97.08744618,848.8954123,348.073875,41.37363013,29.28504099,49.98886515,35.38191762,16.07730947
CEMP1,44.92718587,24.28209136,16.01567325,13.74877254,18.60909983,30.80935257,26.12401691,21.1930476
TXK,491.0676268,776.9320489,1096.302831,124.691949,68.92977389,123.7470625,302.9006142,2183.187411
RENBP,64.27761224,95.99067687,80.54845219,77.27326388,40.2143292,440.2154155,92.24381086,44.0786121
PTGIR,101.7561708,294.0309813,101.898153,77.99672904,281.5178117,734.453469,124.6058424,162.7788077
ANKRD55,493.0209093,596.6241359,229.5749742,167.776671,141.0095459,198.65118,653.2962988,133.4887046
TCF7,137.2273271,1198.952704,1817.754183,57.56269928,187.3693356,51.48374141,203.8421906,247.1728392
ICOS,18.40591326,1070.804821,327.6066268,15.39462658,11.700657,14.73672246,15.09802593,84.02539089
SIT1,559.4184423,1265.498533,1776.016712,119.1096878,86.85670616,120.7300356,207.2397944,128.8186739
PDK1,112.8033862,332.8934111,356.4815329,39.65965422,361.2130851,71.33714151,48.6043027,82.54780167
C5AR2,46.56816871,42.10422357,21.5146556,42.47270557,52.15966101,103.2891728,290.6197315,59.08811416
EPHA1,41.742831,32.12715814,34.21803144,24.9893575,25.02738987,44.22723677,56.7076122,41.37363013
TRIB2,1142.789772,924.809744,817.3768259,294.4274034,421.4603962,144.3340082,241.5270347,659.6634046
SERPINE2,1435.036748,572.1302742,486.0092164,1787.587327,25244.67187,265.1801707,931.5770972,992.9913287
CD80,1411.663148,304.607007,320.4940113,860.1507111,316.8660343,637.9304114,1402.22828,538.0035737
MAGEA11,45.15874986,34.68365945,33.03001097,52.18453241,35.40011113,31.2715599,58.09703665,26.12401691
TRAC,150.5838924,225.104923,288.5246224,38.52305255,32.48924328,64.70551338,161.7475,71.40799667
RAB27B,17.30178466,31.41397777,22.43209179,19.68606917,25.30968221,15.54756066,12.06470304,68.96560476
MMP12,846.3204208,124.0427198,130.3536077,218.9189889,230.8119349,146.6839751,681.1537773,153.4842478
CLEC2D,1567.88306,1341.244177,1700.80378,82.14937988,62.34872912,182.3631052,182.3631052,803.0883174
KCNG2,26.06050015,23.37452715,37.24825714,53.20088263,30.48074145,38.16749028,28.88048309,29.81136436
LAMP3,142.3766164,326.366796,247.6641383,284.6464311,19.79725451,608.9555376,307.2969168,1877.63709
CCR2,489.2474521,368.8096986,329.9491097,148.9131748,127.8125976,2607.604012,405.9170317,135.7836827
FAM65B,6158.704107,2620.242724,3078.870002,22.2042077,188.0908196,2372.23417,5930.434484,1792.935987
CCR3,233.6404093,111.0009414,102.2730473,259.3527998,76.87959247,145.8280572,3277.821373,200.4200809
ATP8B4,218.8686556,153.435224,125.1249448,160.1943056,69.52146203,396.0385443,182.7528323,1436.424696
CCR5,233.4679537,704.0848671,1298.144625,190.7830261,81.60091135,1049.5002,215.8247171,2162.328717
CLEC7A,320.2919042,828.0354526,146.0359025,197.426718,73.76557328,7749.234115,7368.943959,427.9222538
TRAV13-1,168.1997747,635.0604444,593.3151661,48.99927938,50.0184953,63.65304404,224.0849862,73.45835426
KRT18P50,34.96440041,19.92921211,28.39306737,25.33239752,26.9547831,43.5588906,22.61338829,13.74877254
TLR7,114.4694813,127.4092106,21.92992621,14.92800132,13.71510441,892.3291455,21.74532196,71.76805683
FGF2,66.78420921,22.12028003,30.60359544,146.6452698,1596.57184,30.81758522,46.95974195,15.75792273
ABCB9,23.46812222,31.17021895,52.37008798,51.27320627,49.26181327,37.64931815,42.02405797,25.58684959
KIAA0754,19.75080016,91.71803201,53.82451406,90.38208561,44.06059553,85.77313404,10.88370079,242.8050396
AMPD1,559.7754967,147.7467111,167.8541324,221.1157636,173.5774944,192.4948702,466.5274274,106.5205799
BACH2,5609.490479,1001.306476,1043.099925,364.3482598,111.3415975,99.07731832,313.5902102,760.8360375
GSTT1,24.87097855,53.44371944,56.90390766,101.1765112,321.4006175,48.00617723,36.6401375,31.2715599
LTA,23.20738361,1210.512959,95.25966638,27.82932565,21.64465938,28.28575843,29.83964275,4386.401925
LAT,52.8513523,2334.947171,2575.41878,106.8421002,61.4955512,228.140539,101.1765112,1174.448969
CAMP,48.83905036,251.9589052,63.90999199,45.29074745,43.91701988,84.96798616,2033.358425,2912.471196
GAS6,30.32177639,39.62179921,59.52926883,853.9693111,5224.213585,101.8342988,34.68365945,33.16104775
CD1E,47.02777234,45.39849588,63.92834071,31.5093444,25.77963366,107.3476475,53.20088263,36.34643972
FAP,217.6019608,38.74904354,34.61848828,47.04997123,2758.427348,46.88071455,222.8812454,45.09981375
HCK,471.4645185,2543.752755,191.1733578,81.79678373,96.46433333,9768.443194,17345.40346,672.6023716
MNDA,86.91262634,2169.359616,125.1816632,46.56816871,10.86746691,16680.06113,39072.57645,1416.538364
STEAP4,18.41929501,26.42628994,11.2611675,15.35182301,31.45802508,221.1528326,797.9583985,33.48377877
IL5RA,15.025643,19.77662771,13.85403209,7.717361022,10.53601292,17.96394206,194.8834989,15.10425309
GIPR,14.53306993,59.01335311,26.06050015,19.94564666,29.67172577,25.77963366,13.13098207,24.33274614
CXCL3,103.8392709,45.05385312,55.13151231,734.9171543,53.49896769,1458.464561,81.85982038,50.80063473
KIRREL,32.06367157,23.26620472,65.10502269,126.2646999,261.5090755,32.87969493,28.35050078,26.42628994
BTNL8,32.26320204,30.23915903,26.07172781,1016.774235,50.93571206,38.72665758,1930.76154,22.65236224
RASGRP3,1055.475432,56.54394253,35.59777468,300.1000804,50.72388176,26.53581611,20.92792722,154.6383206
TRAT1,26.80791884,1921.974982,1162.502639,58.73338588,17.24263741,44.87426391,59.49921102,81.95390479
GRAP2,23.04620727,393.5741131,456.956285,14.21055108,23.45872183,21.58697552,24.09262871,457.3485759
KYNU,61.40521167,28.08781974,12.22289613,4.958532787,13.92871711,88.2745257,12.22289613,19.65952324
GPR171,85.53663653,1784.13461,1314.581716,29.23627837,44.30571527,34.96440041,96.88302693,1322.730179
CD40,550.7916541,63.82027315,70.54229081,116.5917348,56.27748346,152.672354,31.74044203,152.8746678
ZNF165,18.0004929,31.15717203,6.786095347,8.042416793,6.217198549,7.187524805,6.919458707,10.28042016
TRAF4,208.004159,191.2434757,117.7655191,292.1891964,251.1206907,40.45815457,45.29805549,189.4030251
QPCT,42.21190687,305.1500503,53.78386782,207.0774317,378.1006561,1904.622162,4070.754903,117.3182561
ZAP70,34.98560447,2679.069259,3978.949554,50.35497495,39.88827533,78.36263731,107.2607021,4114.204195
PLA1A,60.23736876,18.66493659,32.3446,138.3576252,46.22474982,114.2205872,49.41022855,51.1570833
MEP1A,59.9012827,30.67179883,40.39728402,67.70764581,22.82486571,32.81558048,48.99927938,38.4995318
ZBP1,91.58013374,219.500466,271.9417943,20.91357377,38.98702561,63.90999199,256.7207341,564.7347511
PDCD1LG2,21.63294405,22.95940116,19.9190925,20.67237247,358.6010296,21.46387278,23.32880188,27.2214078
CD7,29.31166968,1758.150007,2334.947171,14.01158055,14.87316137,31.99025515,38.70196827,1524.183763
ARRB1,39.38476668,122.9533454,52.05008062,225.104923,46.1832888,572.8903654,88.85552073,285.0872995
PSG2,972.3736522,121.2539133,153.7858754,97.08744618,725.050065,178.7739971,430.3950524,115.1157006
GAL3ST4,294.7948991,409.4122512,557.9839496,198.5306914,447.2801936,145.8387485,371.2107128,106.8124434
PIK3IP1,3548.530116,3568.216876,5342.622014,429.0461276,387.7779922,738.8423883,785.0868664,1693.316005
GREM1,221.9326522,47.5356485,102.0252952,87.25009675,16608.17233,135.9956078,219.9484273,70.03948485
ALCAM,216.5781894,137.4604697,80.18567772,414.5008556,4557.826906,493.1578671,660.5493421,107.7552861
SIRPG,208.0762517,1077.106323,1983.928304,216.5781894,114.0047735,168.2567399,275.8194918,181.8493251
PTPRG,40.55844816,14.28268468,9.704532475,565.4735546,650.8008699,15.12990663,153.858441,11.82480849
NCF2,291.6310083,1995.166486,144.047291,43.20753663,178.4488211,20357.04181,32360.26297,718.9977161
PDCD1,190.1555133,252.3540735,260.2923303,190.4753886,221.1528326,247.4148634,325.4738447,170.8156428
GNG7,1196.823414,279.4097625,219.974442,75.05171873,124.654062,198.1059188,716.514714,91.78408634
CD38,401.1169793,412.4368465,538.5662293,140.4680055,154.0551215,235.0702887,271.5515255,3417.194585
ST3GAL6,19.35008956,8.325286403,9.377914931,26.04067236,17.03345309,35.96838957,30.09030434,11.61082331
FCGR2B,3065.529161,199.9163747,95.42238848,140.0930592,70.1575119,633.3698679,1257.262288,269.8151465
FZD2,71.72781633,249.7772093,41.27895171,167.9759412,1238.861879,663.3005442,43.36463091,41.05192185
TPM1,49.77477625,45.85109131,40.7930529,64.78985565,2081.488923,25.91617355,98.23069773,32.76472946
MMP3,499.8820228,117.2812616,135.0179669,213.3072373,5399.535787,117.5937493,486.2610615,96.41478224
GZMK,350.7877282,3125.781185,10034.35998,103.6377724,145.6427628,143.7720237,747.7301481,1997.303396
FAM198B,44.39160155,54.89936072,12.06470304,2502.614969,158.3014576,1020.204811,16.93184933,45.15874986
FCRL2,4977.733711,203.7661029,148.4381902,234.8811405,91.7515276,199.370305,286.7217255,113.3249312
CR2,2040.796544,172.6020711,413.9991267,40.87206098,27.96622816,80.36686041,43.83789465,84.15615615
COL8A2,49.27052487,54.33639963,26.87848644,79.73792891,545.5260144,213.570333,44.20438471,31.74044203
PTPRCAP,5418.437322,4185.110703,5790.059292,45.09981375,38.06898637,98.80356391,197.271724,3597.775248
IL4,20.61791218,69.35352251,16.37677516,28.097248,14.66544765,15.07225801,24.38176394,24.60664862
HPSE,60.97282383,481.1562587,176.1730116,114.1741827,120.924213,1570.113247,1080.062089,146.15843
IL1A,471.1423884,130.6295586,145.9413747,167.8335058,102.0459755,172.0186925,435.5441154,221.5460992
CXCL10,1058.204387,385.5588957,270.0564188,366.5815033,249.7772093,833.0057025,841.1600914,7368.943959
VPREB3,4340.953446,291.2352188,104.1169148,103.9380965,108.3762517,165.3918632,150.033952,106.0122558
GYPE,88.17791699,33.99653359,62.08172527,43.18653096,59.76349023,28.2277667,94.63848732,46.26066113
CD19,7277.051894,307.5895341,200.5029705,102.0252952,121.7051906,206.6853429,285.3148117,106.1078113
CD6,37.84917783,1602.188644,1359.681719,35.00548876,44.97527109,45.65226023,48.70093521,272.6083591
SIGLEC1,39.49383967,99.04810852,28.2277667,25.95154464,28.59032634,304.9648015,49.52703266,24.69741934
SMPDL3B,7.097757826,9.034096956,8.636714414,10.65812546,8.276090863,10.29557084,10.11113282,17.840985
PRR5L,200.5731514,279.2988369,367.7785233,132.962812,220.3502589,148.1991148,269.004361,1193.961566
MAST1,20.26000754,15.05325753,17.46577141,18.40591326,29.24402586,20.47330109,42.89004829,18.50029755
GALR1,6.360066692,18.1390178,8.864734469,8.094863049,11.83680874,9.771397579,10.75632299,11.68911782
NPAS1,25.47076925,22.68759086,29.74366228,16.92256047,101.1012531,19.56356698,40.05575575,13.98035564
ADRB2,694.7064955,599.4084963,1112.659464,683.4225264,348.9137821,867.0136378,822.640498,2428.298456
CD1A,2158.404278,287.5059208,340.7972816,752.1428222,282.9230157,486.5836585,1150.981481,279.4097625
HPGDS,350.1903743,183.6766773,172.4856263,307.9086263,85.28225246,114.8099958,404.4523944,268.3471316
ZNF135,73.70013611,21.48880719,61.02604964,34.55035957,56.7076122,13.84522841,11.15382978,87.00781782
MYLK,58.51720432,239.233058,74.22676352,371.3289304,3305.811359,70.6151735,50.30063305,42.80680967
DCSTAMP,232.6528464,98.53600821,143.5639368,447.2801936,112.939601,195.599509,571.8702572,173.0204929
CDC25A,24.77535603,100.5337628,18.67442614,64.6203249,141.2317977,19.53252397,20.13868202,148.9475279
HLA-DQA1,324.0400234,185.7041098,94.73787117,27.53719704,19.23963273,125.972076,54.69179075,35.70410522
RGS1,7.96304885,79.23791423,47.1739834,4.646145584,4.777161331,16.92256047,9.927790673,49.26181327
LILRA4,158.8281341,259.7532069,55.01230102,92.63657379,50.63809322,189.5886001,257.2957049,65.27707165
BRAF,1237.466668,247.1728392,285.1746113,834.3025376,244.4556254,361.6854987,894.3383836,301.0200441
FASLG,502.3921267,362.380227,276.3306823,104.4222413,148.5911319,163.4159005,482.9047307,2780.166926
PGLYRP1,46.1073873,56.56906847,21.04747867,38.98702561,20.61015665,26.27324465,1463.154635,481.1562587
KRT19,11.53357537,8.243487205,9.134496649,59.7241514,1095.704158,10.28042016,12.18796356,20.81308008
FCGR3B,293.2339112,385.8298319,536.7775855,74.35455868,45.29074745,994.0737896,26344.22135,1645.009827
CD1C,1174.448969,414.1405088,56.92176263,35.69674247,31.39363429,704.0848671,327.8068137,72.14125951
WNT7A,35.67348299,171.5637807,204.4913721,101.2125843,97.00716909,144.4123993,48.0414201,26.63683586
TENM3,38.21879038,44.22723677,24.87906008,89.75143284,971.6206603,35.00548876,63.69058038,23.24830992
MANEA,17.66047236,237.3723375,115.4338853,91.91826277,188.3410775,108.2299133,5.446345783,227.4498317
GFI1,49.21227519,395.6737821,439.6675043,60.28294338,30.6834813,40.65200352,52.26434161,647.2098492
CCL1,17.56830604,34.51030749,19.56356698,34.79330659,18.57932573,301.8521844,17.66047236,364.2938807
COL1A2,238.1412963,60.8789385,51.6936318,750.5497163,24801.92037,75.12747085,211.353006,66.00639189
MAN1A1,364.0679028,348.6241937,399.9713957,401.3738758,518.4936374,368.8096986,821.7743227,478.2041692
SOCS1,24.63522777,26.91274167,62.59741359,18.86485502,27.06514124,24.61520967,19.87526003,45.69914497
ITGBL1,21.10573231,11.17604814,13.44871586,29.58549452,1867.799809,11.24782772,63.49641327,12.22289613
TNFRSF12A,286.7217255,173.2414886,240.5355058,865.6394565,7266.876248,347.9884144,879.9065863,358.6010296
AQP9,39.88827533,243.1129411,27.3847194,118.8378728,22.39484059,3675.523963,23213.15303,491.3259865
MFAP5,5.161663178,2.353971288,4.958532787,9.377914931,2175.884583,8.360241617,5.161663178,12.10214664
GPC4,197.0832893,74.02579179,75.01318119,285.754933,203.289568,102.4735062,186.5307388,80.06179255
CD5,347.9884144,1376.153633,1211.859917,959.5766094,244.854933,287.0646971,277.2824265,279.5419568
FAM124B,38.51200605,42.35295563,27.20485891,1967.285876,21.6654772,51.2631256,46.34645946,39.00718444
PTGER2,76.04319878,2024.364751,2519.280766,48.82663816,570.6107536,1559.413831,219.0344407,5790.059292
S1PR5,15.92812615,58.37634099,131.7187544,12.22289613,14.95224304,14.65684458,17.59244087,676.1354666
IDO1,264.4427491,339.3976994,371.1153725,403.9483338,206.1098223,1481.709285,838.4634871,3343.174867
FAM174B,179.6487802,130.2998823,149.7234042,550.2090484,132.7087695,83.32610482,171.0204823,60.47832934
LUM,12.38129096,4.344984109,5.034327989,72.22617677,3125.781185,17.67155225,12.21275749,3.930001115
IFNA10,1353.741456,136.3283367,178.7113416,471.3137147,137.1569746,181.8493251,794.2381536,167.4965786
EMR1,452.2585944,659.890944,290.0866509,718.4332173,204.6465056,1977.481641,1712.93616,806.9240191
TMEM158,46.1938128,78.55534272,26.27324465,193.9219469,4476.775156,102.0459755,52.62494083,49.54291708
TREM2,38.38328482,28.88048309,39.34189991,130.5411198,49.52703266,55.686305,95.44659361,28.41624144
CSF1,19.70247212,64.20378107,27.84480782,38.11602354,72.85227356,75.50130433,24.14283518,30.55573085
BCL2A1,233.7908539,1264.207743,960.1835928,144.4123993,44.67795301,3589.045485,12508.58384,1382.240559
PPP1R3C,72.50887094,133.1643213,212.3583874,199.2154012,3803.470314,141.7584237,95.99067687,115.5238519
CRYBB1,18.30218832,14.80442833,17.69858066,23.70396654,20.23531488,18.53873061,16.92256047,15.81941471
RSAD2,372.6165533,260.481237,288.2538925,68.77782466,58.71695081,969.4543487,870.2918498,4246.110778
ATXN8OS,252.4082988,101.1765112,197.271724,376.9061986,143.3968409,117.731758,267.348387,149.7234042
VNN2,519.5871796,596.5115286,573.3691828,28.78753746,16.56085487,3842.750058,27045.778,676.7772042
HK3,27.44797626,815.0743794,41.9508087,34.7847462,35.85352946,4871.879436,1430.188687,362.9980262
TRPM6,188.8508899,108.037199,81.06343733,582.100954,48.68168352,158.465141,433.7226232,121.1394291
CXCR6,127.1697037,461.8889028,373.728953,55.39105041,51.4082486,82.44571282,85.53663653,217.9406091
MGAM,16.46702293,39.75480954,8.734062642,9.927790673,9.0674915,263.5409404,5969.142608,473.6946598
UGT2B17,63.50737536,20.58298182,10.86746691,18.71111377,12.17022881,12.97483452,48.00617723,14.56137448
CRLF1,15.68850052,22.3167996,19.62061694,31.70097666,587.4535739,18.50029755,25.25759302,18.1594287
P2RY10,569.567179,383.7964995,347.9884144,104.6927213,51.27320627,74.91353507,651.0670537,244.2179612
NLRP3,13.28839962,13.48687009,11.91816735,16.07730947,9.874840253,348.98872,16.4777816,22.40885206
SAMSN1,277.9509084,2115.303841,1126.509921,146.4781296,21.23828899,2511.39588,1709.911834,3675.523963
CLIC2,15.99084757,67.27635406,15.85964094,298.6375902,33.95263303,223.2207341,19.04461195,112.1919346
FRMD8,91.68206995,104.9726741,107.0257921,137.3631208,145.698926,172.2649157,174.0175524,114.6615578
C1S,49.41022855,23.57876,37.51490547,237.7330851,2464.202515,37.70247073,51.77772791,45.94774719
LRMP,1471.122688,623.6090291,687.1537255,22.78312965,26.11703422,1158.228888,3647.344725,737.8822641
RGS13,88.85552073,21.9791653,34.36292035,76.61039982,21.98991711,30.62630339,53.94138182,55.27730843
IRF8,10843.04716,1533.84092,630.370947,814.3027081,173.0702306,3302.241029,580.5514926,3756.949477
COPZ2,140.6785722,108.2556008,88.40697161,173.6959622,2480.102153,121.8674477,133.2617727,283.8448215
KLRC3,54.57992463,222.8812454,1042.674874,24.30270733,25.72184971,38.35840604,50.65449814,1802.867957
ISLR,212.552572,144.5502684,161.9506005,166.672351,2676.543111,137.1569746,304.1300388,119.4236917
APOL6,846.6880649,510.0810714,425.8723474,222.4895355,241.3178907,560.1098664,1035.515542,1559.413831
VNN3,70.51909211,60.61298536,34.07277382,50.73577952,61.95881187,347.8745021,2522.628472,56.30094673
HTR2B,22.87425151,29.13201713,41.92410933,410.268628,35.22253784,37.56641666,20.22642524,53.57045375
ZNF324,51.20117228,195.8745445,66.80717155,69.39921521,68.1678089,57.07989611,52.80544741,69.59702878
STAP1,5018.153328,320.7087025,168.6658085,88.2745257,34.59927185,53.22078243,96.51078029,731.5673475
TNFRSF4,58.76595498,114.2205872,43.58100237,34.98560447,28.48593002,46.3187598,85.77313404,78.03112383
MYL9,16.87312942,154.1974092,20.58298182,321.8718082,9345.800576,21.18297627,16.52337553,16.55010832
ADAMTS3,238.5711956,70.24400605,84.02539089,148.6577756,142.2561237,87.92350853,239.940049,78.27275095
MEFV,3243.37038,317.6802762,125.7859735,488.7850465,221.473013,595.6543277,3542.01219,167.8541324
CD69,9842.988345,3510.247379,4826.309294,87.33684881,49.57686606,130.5411198,483.1605638,6137.471873
CCL13,64.36118461,33.37251269,43.02266872,82.34694854,34.04164575,43.81443487,76.81980643,54.65036084
DEPDC5,46.94454091,167.1674338,87.12770261,39.9011689,42.72155644,104.130041,42.16053458,185.3366831
CXCR1,127.9373225,62.57000453,79.07168677,85.28225246,46.76635954,51.60972555,10034.35998,348.4865582
SMPD3,97.16162165,100.4017851,116.8474713,151.7989241,49.74149496,79.36421173,781.6412666,231.0750944
SNAI2,156.3950978,59.10551989,75.23428194,148.9475279,3748.312817,55.01230102,147.0076082,41.88750859
BRSK2,20.48929836,25.43531629,17.59244087,36.42487421,53.39612387,20.55354363,13.65271255,23.08073274
LAG3,328.4716649,534.3162177,679.0226641,39.91645125,34.98560447,44.29585039,129.2052023,370.2394627
REPS2,62.62078558,91.22686821,37.49175862,38.96005382,37.83134782,203.4254606,1888.856044,44.5935205
APOL3,328.1110587,1471.122688,1595.04199,525.6914667,240.12965,1401.328163,156.112353,1348.93275
CCL4,153.7858754,3359.668417,1440.286916,468.7680257,47.6179378,3768.516587,1251.874423,28932.81701
CRISP3,42.51281066,29.37032987,17.10908049,25.78861892,14.44114563,12.93547484,60.55976336,554.8326417
FFAR2,26.53581611,53.45449206,25.43531629,31.60432795,33.39913284,184.072154,5134.061663,307.2969168
BST1,33.39913284,193.9219469,44.72275206,70.84379645,664.485476,2121.7783,2078.900587,135.511632
CST7,109.4967902,3554.583043,4945.814586,224.7461676,60.48438683,241.2495325,3642.544458,10900.61888
BANK1,9268.135833,336.1413804,89.65320608,22.25359541,32.89632438,161.4426193,112.0009901,72.79273748
BHLHE41,87.64468087,67.24933012,48.51210428,40.6670007,478.2041692,202.5557226,58.60956862,39.26770715
C1orf54,320.4940113,411.1572223,435.9721781,3265.457863,490.8810521,635.4437379,340.3416283,236.2512915
HOXA1,26.72479908,36.10318231,25.76545401,57.30428473,132.5946314,22.37402828,21.25304626,32.12715814
SLC2A6,281.4561731,448.3703549,118.6821825,321.3041505,291.0622235,1088.171204,45.91896989,349.5763626
P2RY13,51.43760801,415.869211,15.71859219,59.18478307,17.89911808,3729.322944,10548.83676,145.9849188
CCR6,624.3768184,381.926413,320.1377528,51.05973035,61.02604964,51.96816079,79.461369,165.0624774
PMCH,32.31892364,92.82433526,18.31971913,45.69914497,34.82603058,22.18252795,29.53508035,21.38492319
TNFSF14,23.292049,277.4088548,175.5637877,17.00631124,21.5764686,128.6460944,898.9765988,2044.18863
DUSP2,68.07846324,2256.016009,4619.699754,46.65725014,155.0636174,621.0123265,66.7098192,742.4555037
CDH12,140.3947016,29.43480551,31.84514097,132.0610483,38.36929701,48.59253175,114.0937157,44.36904937
UPK3A,27.96622816,47.55874135,19.42533924,32.84213935,21.29480893,248.6429225,34.70122174,18.24607742
GPNMB,334.0890818,108.9148642,122.4306365,259.4544478,5461.628454,309.1811063,229.9257008,110.7485804
RNASE2,316.3203255,528.9530743,442.1329916,174.6384609,151.3535835,4490.821988,3474.511015,1228.334263
SCN9A,19.93821724,33.30832176,12.78110238,107.1842593,47.64786686,18.82193805,18.30218832,23.54195391
CXCR2,18.47726076,189.119559,63.77128819,30.60359544,19.02833813,419.3982689,20068.90585,444.3753247
FPR2,206.0490447,90.8430331,61.99841609,42.40442554,71.65772403,1201.487448,4619.699754,132.7562825
EBI3,22.47267426,67.92423812,26.10302319,34.70122174,18.18328284,827.709063,25.43531629,295.8574575
CHI3L2,758.4010228,397.3864247,570.2866485,468.4811716,184.072154,269.7136055,477.963362,559.6102697
LTC4S,15.94140096,48.40391088,77.15014781,71.04686784,67.8966689,30.54372767,19.20872859,27.84480782
IFNG,356.4815329,2186.304457,389.0970588,219.8431885,157.5065743,182.4754687,389.7594941,10992.45382
IL12B,157.2774422,86.54986296,80.84309162,91.01799261,66.37684436,375.1831223,215.2899486,746.0519201
TRAV21,138.9486269,433.100708,447.8822965,130.2468131,79.05499712,73.74495141,160.9228,71.80833188
CXCL12,115.2984761,56.65418461,41.63539547,38.74904354,2226.839625,43.09169557,99.37863694,55.60509139
NIPSNAP3B,1906.823551,162.243186,210.8017169,292.1248562,153.7858754,161.9506005,806.5949589,230.1716567
MBL2,137.2930204,26.68072327,32.91068036,17.07905699,26.42628994,16.89276189,110.2269454,26.06050015
DPEP2,825.2584672,947.9136706,644.3682619,23.52628262,19.60630322,1743.856505,6289.783572,830.7249885
NTN3,27.8696237,31.99025515,20.84041337,14.0778431,20.17705958,23.44790479,64.98816327,23.67836531
Mar-03,965.4759304,186.6772884,177.5989895,600.1145326,330.9600437,245.8024439,377.7579435,305.3554904
CEACAM8,129.4066451,145.244608,330.345283,27.93089984,15.29941234,14.64768373,219.4421508,1679.037033
PLA2G7,235.1748618,265.9748328,61.26598821,89.79270415,66.6472889,3240.551661,169.9550238,202.5557226
LOC645166,15.52897804,38.55878897,24.40837786,211.3326768,2407.384758,37.67754801,33.77287888,70.29587374
RRP9,25.09588299,274.1493975,188.4141932,88.45508722,255.1567893,85.70476743,16.23392122,296.7598615
OLFML3,377.4501836,71.89871399,137.6801492,424.8221796,4787.517349,175.4005682,216.4401697,78.1254914
NFE2,15.73695074,452.9572872,146.909007,32.09765042,37.88255276,1936.600483,5855.420088,210.7530541
Sep-05,16.82722216,65.45788107,18.1390178,29.92078114,69.15763045,22.28127689,31.96557506,19.58428801
OSM,12.65529955,100.701213,61.82528123,22.35260689,13.07596815,87.21145778,175.507962,287.0646971
CCR10,94.28304239,253.0810364,202.6435139,88.79072321,164.6750731,121.2618486,117.6413612,120.3168277
SLC7A10,85.46260522,65.42082658,55.04949172,73.29484951,50.11598806,58.02114359,98.75740774,48.40391088
FES,24.87906008,237.0696242,20.67237247,41.02360571,54.4403629,1295.761061,833.2025862,596.6241359
HDC,351.862232,239.5204127,207.2397944,233.7908539,183.1257702,202.3738357,248.1177149,291.5551126
CCR7,5545.968424,4862.943502,6391.017024,272.7656838,141.9111243,929.6226422,871.7793436,832.223507
ASGR2,48.37777981,346.3572612,60.15394486,45.97469144,35.59777468,2096.950878,75.71432061,45.56382189
CD1D,380.1594642,763.6950614,34.68365945,64.111102,38.6065651,3504.261488,212.237615,38.65145705
P2RX1,234.7325756,317.8936537,254.4748417,205.8344404,198.5306914,1033.604016,1283.993389,193.8847727
NMBR,764.0702479,86.81964677,90.59092503,186.6351229,125.1816632,143.1063251,526.2767378,91.98286061
NAALADL1,23.83289022,162.587166,193.0673037,16.1156173,43.25515348,52.19747496,27.73523502,417.8734423
CCL22,72.14125951,57.74647333,77.65104434,112.5050116,64.18601456,397.3864247,201.7717459,161.1821618
TRPM4,14.79246382,17.05700891,15.67632829,69.43323405,91.6581996,24.49822565,17.30178466,12.61797749
PSG5,353.3808675,81.92755813,195.9165209,423.5756199,5930.434484,197.8271261,113.3636458,178.7739971
IL17A,19.99906604,29.96944594,6.847328891,14.54812312,6.786095347,7.526597034,15.9139648,11.63781322
KLRF1,256.1475918,1501.395476,1576.649415,34.50018427,47.59763868,152.1695518,252.9421923,9649.806733
COL6A3,75.93247455,477.963362,282.101825,103.6555904,27751.02396,34.90344646,115.0540184,87.80121935
IL5,26.00842017,225.4909663,46.52044079,25.88024093,55.50627861,42.42192568,21.01356333,46.71736257
KRT34,50.47988042,20.17705958,19.79725451,87.66283462,1090.508835,19.83371011,49.91180923,18.44774335
RGS4,11.63781322,8.767842745,12.18796356,115.767291,949.6617484,12.17022881,15.92812615,11.62745315
APOBEC3A,122.0533026,543.2020192,103.425727,64.03038376,104.4673322,2025.86594,5877.051234,787.6366342
MAK,40.43297867,63.71943136,17.92583717,20.77338981,34.90344646,104.0065912,1395.881392,52.88597472
ALOX5,440.8167047,76.55888743,45.97469144,13.89248362,29.09721183,267.4898622,523.6963112,87.21145778
CCL5,20.42349981,6976.680223,10593.84047,78.27275095,43.09169557,299.7350908,194.8577386,18892.46268
CYP27A1,51.07256777,330.8896443,66.83465384,101.5290253,75.56701639,1111.924289,84.2256588,49.92986362
CD244,111.8957741,594.7789847,781.885063,51.59574147,72.75019525,1118.687925,141.1411068,2077.270505
IGFBP3,168.0145726,136.0697328,196.3233806,788.1286503,25521.36026,84.08194735,183.9850605,53.65389704
CLCA3P,45.71902969,15.81941471,25.25759302,36.72085354,17.79975358,13.99858486,18.71111377,16.64330192
RPL10L,185.7635077,413.9991267,436.4602643,321.1904331,232.1136771,219.4421508,61.73628451,164.3675
MYB,105.5602619,51.38818279,84.58221743,25.94083889,36.11643976,68.74449004,124.3722833,41.45875156
CD300A,6.217198549,101.6627086,127.8125976,9.279647731,10.41668309,134.7683871,249.0620534,87.87306701
COL16A1,43.83789465,64.29172819,66.89938588,44.14974514,1283.993389,26.97295384,77.55071995,59.8081663
HHEX,4450.951744,367.0894308,189.0095808,1463.154635,131.857816,2171.129492,1655.567235,336.2524339
DENND5B,70.84379645,29.69836693,22.63095208,34.74247326,92.18994023,20.26997927,19.34152297,52.67269323
TAGLN,725.653207,267.3073446,144.0044401,779.9453616,21014.46205,526.7090055,166.2591219,111.1011606
CCDC102B,23.7556479,16.40120644,40.33729428,10.01593487,20.88920051,14.42190485,9.092559262,33.03001097
CCL23,44.8457235,32.44770619,32.1826112,63.80551001,35.23499599,63.35272224,62.93234586,58.41107256
CSF3R,151.9603806,366.0893466,65.24506965,54.78904575,90.98711467,3228.750665,15921.83926,235.6246858
TEC,20.85716716,17.43327007,25.34282763,33.8035873,20.43300511,29.89941254,21.98991711,32.94744936
ORC1,72.49101555,251.2532995,100.4017851,87.70079669,251.2532995,82.40718178,40.53746397,290.500427
KLRC4,114.6615578,96.98318511,625.4482589,30.19004028,29.65084933,39.412914,100.701213,428.5033518
TPM2,9.511515448,28.73861126,12.34571571,33.05405389,425.0826162,9.927790673,10.03239197,28.23615621
CDHR1,66.89938588,91.50753335,63.18253309,20.84041337,22.85141878,21.56303734,37.56641666,285.9821339
NPIPB15,155.451374,112.5293206,177.3127679,46.81426007,118.4794546,77.62954233,66.15325431,207.1445406
CRTAM,114.1741827,510.7073733,2146.484434,86.81964677,32.06367157,333.9510318,162.2829605,1037.832838
IGKC,12.39685302,10.78649807,17.24263741,6.919458707,12.58060095,13.51193644,14.53306993,10.9195557
FGF5,14.85115382,11.20446501,19.14790723,27.26415127,1224.981123,15.76847753,16.97234825,13.35682005
HNMT,78.60962951,22.16932687,18.55818854,38.05462804,37.30475105,117.5078746,39.7442715,21.69095947
TRAV13-2,83.55315938,388.7580135,518.4936374,54.75161514,57.42491559,77.99672904,90.22817055,68.34148421
TRAV9-2,264.7898142,614.1089394,429.5964387,134.1161705,77.97894046,132.9274052,244.6788595,88.60388367
EMR3,137.3631208,165.1032332,135.7097325,37.33185383,64.77733994,538.8584697,3790.500778,94.8638144
FAIM3,9045.221057,2755.738673,4266.655976,181.4229628,79.15796046,97.73218896,303.12372,1363.308493
Sep-08,18.36151159,58.91148827,21.89446014,318.2593414,704.9861026,19.51155674,22.63095208,21.30526753
GPR97,280.1775995,188.961981,180.3692265,206.5224735,204.9404181,132.3947648,2417.370193,726.3098304
IL7,439.5889112,75.21757653,79.97444853,53.8019122,72.03098211,133.1993246,34.25067984,44.9597725
BFSP1,21.35848658,54.85357076,52.69235144,87.38077867,45.33285606,49.06014948,28.89126429,55.87937564
HAPLN1,11.83680874,19.68606917,9.319206146,46.90963064,996.8811296,17.20476711,16.76756181,15.23701996
CD79B,7512.696252,676.3775383,322.1604241,127.1285913,42.31090334,259.2090876,316.7741965,344.602639
SPOCK2,936.2342874,1468.094707,2087.517399,176.3249499,237.5050693,322.9604737,417.9655326,751.0553463
CXorf57,58.26547793,34.15910655,70.77498077,10.36825098,10.85068159,10.75632299,19.44554957,37.73482219
C11orf80,160.1943056,107.6807152,40.2143292,170.8156428,54.18784575,17.18198375,18.82193805,57.37175778
MS4A3,184.3288789,209.4413995,239.0851074,116.685045,42.57242496,47.33760318,362.9980262,1136.219254
MAP9,17.74588378,73.09370646,165.6138085,6.486297862,88.07943584,4.646145584,12.61797749,41.63539547
FPR3,460.5249503,161.7475,181.8993228,278.8768391,122.3067247,366.6801421,676.5899474,171.8371308
STMN2,25.51216728,23.85029194,23.08073274,18.01967974,865.6394565,29.09721183,40.01261852,16.09061204
CCL20,56.31457241,492.1757078,51.84589923,415.5559103,18.12480335,1254.027798,31.15717203,129.6418979
PAX7,72.79273748,40.90132,41.51707505,44.54700595,58.73338588,40.55844816,46.04386162,44.54700595
VILL,125.1816632,485.4823456,813.3446295,36.74664679,94.26811044,341.1806251,54.95496325,350.4275685
CD72,3589.045485,163.1180874,115.5597833,34.80237442,22.55145541,36.44648162,17.79975358,195.8745445
GGT5,25.80440524,19.94564666,32.89632438,126.1547432,55.25424968,57.32465324,28.18606654,33.20337347
LOC100653049,50.47988042,20.17705958,19.79725451,87.66283462,1090.508835,19.83371011,49.91180923,18.44774335
CD2,663.3005442,8498.806279,9522.276285,247.3098641,284.4539867,363.8672696,1092.9721,6259.169123
ADAM28,1114.312594,48.70093521,14.63101185,15.51921226,12.55075893,57.44120081,34.48978856,125.4238979
NR4A3,99.42076727,76.00751737,34.26912099,106.6532408,68.28905346,64.53477013,59.83153086,107.7437278
CD79A,12420.65395,514.7216037,722.9962126,549.9546044,155.7157106,267.0787834,384.1201254,217.6019608
PADI4,9.874840253,24.9893575,14.65684458,10.88370079,10.36825098,66.22583022,158.7962504,33.86425135
MS4A1,20822.80573,665.722144,441.7624455,441.7624455,140.5026339,188.2683521,750.7458743,213.6343984
PLCH2,76.10912613,117.4347342,65.42082658,81.16770924,153.5157627,98.09318332,133.4044524,227.6672032
ETS1,873.6769426,1493.382399,766.627348,460.5249503,348.2698757,174.3781452,145.698926,896.1245375
ASGR1,53.65389704,172.1353609,21.63294405,185.9780973,54.11441804,1074.627824,79.29222329,28.8214277
IL2RB,2900.708348,5321.491628,4652.899946,621.1683777,412.6987091,563.9560593,2133.440202,22244.03955
HAS2,173.9679555,39.82215859,59.76349023,97.26100288,3443.535351,50.4652848,191.5905295,82.8122894
DSC1,145.244608,174.751806,696.335125,42.99600827,67.23745288,51.52410141,89.60464505,50.40403876
COLQ,67.59708356,197.3643151,292.6461972,63.06674573,73.70013611,73.27310325,75.76868056,537.8384805
ANGPT4,47.90116464,102.9472871,106.1364299,70.58322348,88.94325207,34.17062443,51.01489184,41.54822424
CXCR5,272.8188641,127.9626821,54.12358383,21.61971689,23.78075842,34.26912099,71.25730767,29.13201713
RAB23,22.16090973,56.11008951,31.76477316,109.8703644,1272.907032,52.62494083,54.6040284,47.48603343
KIR3DL2,42.6322027,228.9468502,189.9678257,34.30627766,36.23617441,34.95296447,81.77400051,2366.151963
LEF1,34.30627766,208.004159,249.7128143,17.21653456,24.77535603,21.70429494,29.39498541,52.34055438
PRG2,109.0722866,115.0905394,105.2847534,84.08194735,55.20007332,122.7392345,103.3082863,95.92411066
MAP4K1,81.93792077,1203.934796,1305.999257,27.8696237,19.88951357,252.9421923,35.36706752,514.7216037
RASGRP2,169.6460213,94.67459669,81.22654153,22.7767208,27.51830688,76.07700786,131.4773563,52.15966101
KLRK1,1777.591401,2562.725346,10673.31785,374.0481233,129.7830262,243.1129411,925.6783237,7821.117196
ARNT2,29.2650204,26.53581611,44.1359401,39.73301688,500.823394,47.70425885,33.41776354,34.14078532
SEC31B,110.7318205,298.7919259,607.9193515,122.8114418,69.79426777,229.4678503,63.22997668,327.998116
MAP3K13,8.228403339,7.648308447,11.45823849,12.63226232,7.626526749,9.148685364,9.657621632,8.636714414
LOXL1,26.59669106,39.01604781,23.81854514,131.857816,9649.806733,21.67697951,37.42790593,23.71117987
EFS,33.10718299,26.07172781,25.38516231,71.01900505,556.157263,29.30274255,40.9121616,27.1906064
CASP5,83.40433653,95.29619163,133.2841272,42.01423458,58.15608281,308.3495229,870.0074105,176.4244634
SLCO5A1,239.6926098,82.32878565,79.23791423,223.4528609,85.13465705,80.50372255,270.7870905,116.9043141
TSHR,13.73692576,7.309470748,11.8903574,13.13098207,9.726246366,13.41837252,11.17604814,11.10176681
MMP9,545.0624413,370.8878631,392.8563317,681.8912606,357.7584672,2848.588745,7788.100656,1125.149114
LY9,228.5473519,647.4396078,1339.847988,29.46905878,28.77680519,35.71267208,52.92514522,264.9262213
CCND2,32.52390991,664.485476,346.5082009,211.5491046,37.08104696,107.5304536,59.92000672,3731.631246
COMP,45.94774719,52.80544741,20.48929836,27.25068145,1851.232947,24.22032246,79.8830848,34.66877216
BARX2,56.84148297,95.48916823,48.83905036,48.98030476,48.77300778,99.70915165,233.6798675,84.78737625
TNFRSF17,103.425727,122.4789893,236.9882116,19.47338857,12.01646242,22.89407904,28.85782098,49.21227519
RALGPS2,2231.688129,98.35679575,105.327067,100.3601416,81.53042591,76.79933095,243.7983976,97.10780249
IL4R,11664.82414,1819.835469,1152.78391,1352.402027,693.971787,1596.57184,3415.616199,1963.991489
CCL19,156.2959684,121.3533955,137.6249578,192.6778743,161.5768535,299.9603801,198.8613436,272.5044046
LHCGR,301.0200441,18.67442614,18.28222134,47.55874135,42.33292282,35.2126432,189.6191023,42.16053458
EMR2,256.60743,421.5369446,102.9472871,98.28401006,96.88302693,2167.114331,6391.017024,289.9911761
CTLA4,118.6821825,809.3675894,220.0818635,249.2739554,105.5602619,132.176074,232.3035798,105.1743909
CD40LG,96.98318511,747.7301481,319.2293476,86.28575971,29.35263742,49.004843,100.0403891,120.5875835
CXCL9,822.348381,264.8566187,214.4138794,643.4575751,225.4909663,425.8723474,764.2786249,2543.752755
DACH1,18.24607742,30.36342467,15.17257651,124.8396849,13.51193644,52.8513523,19.99331095,59.06633211
ICA1,31.4755735,35.89676426,13.59400677,31.52467095,15.12990663,33.38379508,59.30916787,28.89126429
CTSW,33.57001179,1682.264047,5468.523816,39.95252091,39.72037538,50.67449786,118.6442545,11664.82414
ST6GALNAC4,333.2417032,361.585203,463.2156548,576.5852537,306.2219173,264.8566187,220.4429353,286.0840917
REN,119.1959507,72.63093658,53.47627613,52.15966101,61.17074848,56.31457241,66.50123941,59.18478307
TNFRSF10C,25.91617355,42.05267118,19.60630322,76.69866122,34.74247326,142.7628778,1520.882322,33.9305185
MXD1,61.43671785,79.97444853,101.9744036,28.92039442,24.22032246,357.6592421,3468.322332,205.1452714
LOC654342,15.52897804,38.55878897,24.40837786,211.3326768,2407.384758,37.67754801,33.77287888,70.29587374
LCK,496.9611021,4955.30184,7788.100656,31.73395372,41.80725436,129.9421634,404.738492,2242.394574
SLAMF8,144.1708527,113.3636458,119.2527054,35.12556411,25.73782141,270.0564188,57.83628219,269.7136055
TNFRSF11A,105.6253212,63.75077315,21.67697951,438.4342919,23.25337973,42.85356983,144.9326744,136.7514758
FOXP3,45.8015578,35.84233372,54.15175197,36.79679504,30.83315863,38.44610632,54.33639963,33.39913284
CLEC11A,30.62630339,69.43323405,60.06360505,71.72781633,748.0345463,58.00502019,35.8890951,70.07287707
CXCL5,29.17607973,10.11113282,11.06795124,6.217198549,22.18650369,143.3357308,74.38131651,17.24263741
NCR3,239.3715017,535.9113388,1424.188012,32.05367073,36.50759363,65.46878629,98.92541433,2209.649222
CA8,62.92033764,40.36716429,48.73559048,254.4748417,65.27707165,34.07277382,101.7561708,34.04164575
EGR2,211.2624978,819.4951478,122.6374125,96.92500833,95.25966638,906.520288,342.5547729,1403.828931
NTRK1,27.1455712,33.42800351,23.44790479,24.64386431,20.49574351,30.26486091,29.48057121,32.54969963
DKK1,598.92199,142.7628778,124.3722833,1925.241789,17345.40346,221.4172563,546.64091,156.027912
CD3E,981.3796496,4273.687454,7146.597322,744.803579,274.3412066,273.8989978,960.6664846,670.5747323
ELANE,34.21803144,115.4338853,357.297271,28.63134797,42.61897652,120.8362947,194.0816126,1114.001011
HMGB3P30,35.31941325,50.81229071,35.36706752,49.02135138,35.52262543,25.54841794,59.44757312,29.96944594
CCL17,40.95778667,98.68936342,52.95043661,27.01147907,39.28370025,65.52883468,72.49101555,59.21542649
COL11A1,59.65828231,19.63406733,35.25729721,59.97715793,1148.732757,30.1611076,37.90968433,21.92992621
GPR1,81.43190951,102.5665435,62.87033462,34.51030749,369.7669563,110.7318205,55.20007332,107.6293919
PCOLCE,64.46009129,83.65613205,89.60464505,81.34917545,4240.654646,76.50452345,132.8212951,101.0320281
LILRB2,45.05820828,734.1829082,42.35295563,18.93627907,17.14587901,4100.391371,3325.979534,374.1634523
CD4,21.08110105,11.06795124,10.01593487,11.53357537,12.48949883,11.20446501,30.71725049,12.48171509
TRAV8-6,36.69984581,309.0828154,332.8934111,203.0469455,40.93408756,48.5801815,158.5918506,26.52491535
PBXIP1,59.64142783,835.5153222,904.9545193,63.13586648,22.30229874,31.97512215,252.4082988,294.1859491
IGFBP6,137.4892412,151.3535835,311.8629663,269.459907,5028.534915,149.8264822,161.291778,110.1120214
ALOX15,56.16464557,24.8495112,19.15512475,19.25884155,25.36821156,38.38328482,247.4148634,47.68283188
KLRG1,1792.442863,1291.920702,4185.110703,853.5390231,363.5432689,447.7162047,1105.306344,1461.296677
IL21,797.6202045,284.0147977,145.9849188,298.2202177,125.2588364,207.3250871,488.7850465,121.5604494
SLC12A8,29.39498541,28.06692462,57.8954554,75.58021543,248.1177149,70.26513412,47.5356485,70.88060144
SLC15A3,160.4456342,389.0970588,47.81860455,37.6209058,98.59622574,2425.911249,1594.118874,215.6952525
SELL,12709.41506,8915.230307,8714.919208,437.1927304,113.1372014,9217.535996,24462.71387,6403.989618
THY1,142.3376233,101.8342988,157.7823881,154.0551215,2874.459334,136.6993901,209.6677003,157.5491637
IFI44L,75.19895068,299.0607865,172.7782007,102.814414,56.11008951,656.4534522,60.61298536,2323.090366
FOSB,389.002183,176.3963644,442.4120719,369.6407913,36.69984581,4460.768294,94.24249718,69.15763045
TREM1,301.7995949,373.9192562,131.5216621,92.55071091,141.9558879,2853.316044,15611.38302,109.0942178
PTGFR,15.07225801,9.840188807,14.33694848,8.228403339,454.4466207,20.43300511,12.70254302,16.04447693
CCL7,138.2780303,75.76868056,99.0250278,174.8252497,77.58012278,104.7652239,173.9679555,54.79666002
GZMM,80.87817196,1553.371511,1271.647727,64.38155777,89.45492206,65.77925048,160.7440902,2681.711839
VNN1,49.10927021,196.3233806,26.12401691,44.06059553,37.76468411,1272.028597,1096.907265,109.8703644
SLC12A1,144.6075902,16.87312942,26.73975412,45.19402016,8.767842745,12.36919647,20.48929836,12.65529955
TBX3,27.33667358,12.63226232,12.79391806,14.28268468,757.1976152,16.37677516,28.53490433,11.17604814
LAIR2,794.2381536,497.2444537,975.380192,1414.51157,227.0793326,271.4958164,532.6557033,1512.556331
DCBLD2,26.46282533,14.42190485,19.48421501,78.01701264,844.2515125,15.81941471,26.35289545,13.13098207
CD37,16280.43669,4014.010236,5677.45365,60.19935068,104.2135769,5912.613218,5447.84076,2562.725346
CD3G,63.89192028,3059.097165,3992.312488,50.03250872,39.24757649,45.58666494,90.8430331,375.4050367
DPP4,21.14191321,625.4482589,632.0399556,62.93234586,311.7236258,19.38509418,20.74467298,330.5378566
C3AR1,208.5000026,653.9730349,352.6749433,151.7262675,124.3130983,2104.661859,825.7334677,1085.196346
IL18R1,66.52001934,386.7116777,353.6074363,143.2842454,50.60940621,47.19184057,433.963009,1450.541907
CD27,555.3191637,4398.34053,6368.627684,199.7252637,145.6643907,234.3583736,461.1601928,289.3233548
DEFA4,582.8931503,487.049624,1464.715879,218.7783938,167.2662015,223.1181284,1043.099925,4750.324397
CHST7,31.70097666,363.8672696,63.06674573,370.0267086,326.6561626,563.3962819,749.0017082,76.87959247
DGKA,457.2368181,1697.192814,1829.165686,183.0531897,333.2733807,284.7846812,307.7779536,260.3405139
IGHD,24.52313383,15.23701996,14.44114563,8.734062642,12.52068893,13.48687009,16.85534364,9.0674915
SKA1,138.2624469,153.7497384,49.92986362,55.686305,241.6674801,42.95787731,84.36022897,99.8415901
AIM2,588.6362465,1425.606061,563.519115,784.1275758,255.1102435,903.4164039,1060.65826,258.695847
TBX21,733.5050866,1721.776926,1899.952101,321.6347107,225.2524754,451.5312639,951.9351863,4442.064274
RCAN3,83.92934522,460.0604248,344.8504822,17.82472738,108.6074295,63.30583239,15.29941234,39.04321127
CMA1,90.38208561,52.77892301,54.84066259,94.26811044,100.5337628,117.0344671,81.27888023,98.20870596
GPR65,907.5291425,1547.984599,2019.447555,78.82619549,94.28304239,2089.100439,2620.242724,2607.604012
LILRA3,30.79672388,260.3405139,32.52390991,23.78075842,58.8418118,2330.643118,1341.244177,471.6592183
EFNA5,31.49215071,47.59763868,23.13759161,26.22011887,65.6837932,40.22872744,64.18601456,63.50737536
HSPA6,231.7394559,312.2937248,182.1920328,387.8944178,91.46227671,1043.433175,4604.127184,324.3542191
PNOC,5028.534915,231.5156886,195.4139976,143.9551924,131.7958401,378.1699466,559.7754967,110.0655482
FZD3,214.2484458,109.2391512,98.59622574,108.4126614,72.25217773,63.01874431,174.8705779,60.53467441
HIST1H2AE,62.81594473,92.27456505,56.30094673,36.88660164,12.8439419,26.92679968,54.41951414,21.25304626
TRDC,121.8344013,2811.241552,3386.745455,93.78911709,86.58300964,83.50303251,688.8481353,14661.68297
CRYAB,465.6985812,202.5557226,217.8474228,253.4925197,5677.45365,259.4544478,426.4884331,200.7579594
TNFRSF11B,11.99174759,9.436525638,9.677230927,21.12425937,890.1104052,15.09802593,10.96524346,10.56747821
FCN1,266.4498355,6306.552014,175.4005682,75.56701639,77.15014781,40583.09319,7485.468779,869.7849434
CLEC10A,192.4466759,301.8521844,143.5023447,77.94856887,105.9544317,916.4639167,272.2760713,96.86304007
GPR25,15.44780485,85.85848439,49.80700991,21.71849497,30.10847209,36.42487421,23.23296542,49.84133904
CDK6,149.9470052,247.3631454,224.8301858,288.1588233,189.7202815,96.5423366,73.19352952,586.4465922
MMP25,225.2524754,230.0427712,319.7978925,311.2847244,209.3676718,361.7987463,955.8846831,287.8257389
PRRX2,67.48536909,81.66098095,69.59702878,263.9507394,2084.139059,56.34171643,62.94931579,41.02360571
IGHM,9.0674915,6.985068505,9.596374999,5.95273459,5.80793066,8.009436561,7.626526749,7.309470748
NPL,36.83056137,269.7136055,149.0401793,40.75838249,35.89676426,1238.369358,2899.282159,168.4150249
CD160,600.1468563,759.3186484,1601.261437,162.243186,132.3530948,170.3269706,470.262856,2609.292196
MZB1,77.09877561,183.5193596,203.7661029,48.51210428,28.99726314,30.13369396,39.20761604,38.9930739
TREML2,174.2863253,88.72179378,44.11347134,54.04504801,63.38618055,80.26768866,1375.636221,170.2134639
UGT1A8,204.300886,69.48304142,105.5360588,96.5841055,69.86280176,105.327067,201.3581576,67.340873
ZNF222,21.21381759,77.68152779,132.1478351,45.15874986,70.03948485,91.91826277,36.58674489,173.9679555
F3,52.31802023,14.85115382,16.61097801,106.2512817,1952.277477,135.9394986,59.84571906,31.27892129
IL1B,599.1615202,306.2064552,167.2005703,673.5553978,202.3446376,4652.899946,2816.628275,874.4102422
CSF2,44.18343095,84.78737625,46.71736257,39.6475314,41.10295248,80.84309162,39.45445715,131.0111664
PLEKHF1,70.46541476,833.5332455,1239.751556,241.1997861,312.9522605,75.98571945,83.89241114,1533.84092
FCER1A,156.3559642,514.1224681,179.1551868,138.6627382,66.96077173,960.1835928,243.4669846,472.8701025
IL2RA,110.1120214,1545.209682,69.86280176,39.86002122,33.84785387,239.3715017,26.46282533,1073.730989
IL9,185.1499455,1854.662903,81.84163923,100.1440225,83.105013,66.89938588,98.94530099,57.86601706
S100A12,348.3439802,2089.944422,178.3808389,279.7937948,160.395721,17345.40346,17868.365,2816.628275
MROH7,80.65383075,63.92834071,70.3550408,121.0077545,62.0685256,94.43529369,138.8431442,58.39759502
FCER2,784.5239488,26.66519767,14.40331508,9.557429697,13.05588658,58.52658032,14.02227426,13.8277224
CXCL13,114.2205872,127.014691,38.78016211,54.96766914,10.95143503,28.92643516,42.76020716,386.3132435
RASSF4,19.42533924,111.6829158,47.87310392,81.4483731,44.87426391,915.8562796,25.16324141,246.167014
ACHE,20.31381013,16.78768606,14.21055108,18.46003477,24.46688948,21.79120221,19.00988117,16.53264903
CD96,268.744162,1240.199531,2370.015967,113.0855052,66.13218108,77.92142851,238.0793979,2587.629419
SH2D1A,29.53508035,650.8008699,755.8398357,14.26694759,29.2650204,15.20329584,36.06010879,645.0431666
MXRA8,556.8496838,373.106526,651.5257051,872.6346267,6677.719096,416.0376082,795.1533721,354.1693754
AZU1,89.0297276,144.3340082,293.0565032,42.37036871,130.1818753,176.2664325,91.08390203,674.8133612
DPT,24.13382486,16.00209142,17.60895143,26.11703422,449.178557,25.39265465,20.4504531,18.10029344
GPR19,55.56285638,215.9502389,107.5961144,115.3751189,39.97445448,37.71378244,103.6555904,104.2556697
WNT5B,22.34469768,15.41550086,25.64948647,35.65802577,2840.802256,50.53891787,31.4755735,17.96394206
GZMA,330.345283,3548.530116,6662.19828,125.4629626,114.2734399,196.4846031,611.526558,24462.71387
LINC00597,28.06692462,38.06898637,13.65271255,113.1806844,49.1348105,61.22676816,35.5813988,196.8818142
MS4A2,233.6798675,115.5597833,128.6460944,202.7198253,38.47985961,51.4082486,204.300886,68.46215558
