Gene symbol,B.cells,CD4.T.cells,CD8.T.cells ,NK.cells,neutrophils,monocytic.lineage,fibroblasts,endothelial.cells
ABCB4,555.7134486,4.605860048,4.311280198,18.23955122,14.90688846,6.202495893,7.225818568,7.951360487
ABCB9,15.6035437,35.67150717,24.22372293,38.25986553,33.67914681,20.30942573,653.3923279,56.25188749
ACAP1,215.3059512,1790.09717,1055.613378,900.2186512,596.0259609,190.8790244,38.61687228,48.97221651
ACHE,15.11794931,27.18773248,13.42828841,30.09500683,22.76649356,16.37526833,22.12373672,13.6929629
ACP5,605.8973843,744.6565995,306.3125193,580.0972047,307.1427978,512.9313823,1120.104684,13644.1723
ADAM28,1943.742699,40.06171311,22.6897181,288.0152103,128.6860657,58.3112027,324.7808001,54.96648703
ADAMDEC1,371.0335929,80.9645004,44.61628687,116.6768318,185.5059228,106.301336,127.9674477,4464.262133
ADAMTS3,146.1955683,79.24179515,42.39041586,82.25494275,124.3571431,54.79707074,74.3391695,45.56049098
ADRB2,486.3438163,77.15395496,899.6485015,4318.010549,735.6634863,664.8839501,289.7984504,143.0178779
AIF1,24.0742984,718.6147868,742.8158187,128.9049784,6260.640469,8655.680002,21.96957308,1841.269508
AIM2,327.9580556,57.08079673,294.4846139,221.7232886,794.2145572,536.1118999,1429.674088,181.9571
ALOX15,12.23359461,18.5565618,9.774971658,39.95317196,30.06854621,9.800855372,9.073509293,6.621226619
ALOX5,1799.683549,74.93090365,78.68443963,279.0342996,2917.27138,1979.301155,190.3314674,788.5397751
AMPD1,263.7450621,68.66194527,66.1074899,119.8172865,173.7766404,98.2326067,3012.768061,76.54456664
ANGPT4,23.12217296,22.06014827,44.68465936,35.55739877,34.7186708,16.91869965,230.6806713,39.33257003
ANKRD55,284.4126543,1853.335599,141.6981114,171.8448504,415.2425186,126.1078201,117.2003668,123.600429
APOBEC3A,102.4291739,107.2355131,64.35533705,385.5261769,5584.333309,2415.197908,99.59399622,85.2400852
APOBEC3G,1283.451966,336.6456997,2090.85254,15210.07295,464.4412542,865.7405246,2034.562362,278.7681406
APOL3,222.6275107,950.7902718,1209.122376,2175.530749,106.4245095,1000.826958,754.8680347,238.5980956
APOL6,17.31182151,11.96227918,8.448971352,383.2519,19.07117143,11.82068745,7.831610308,13.10943681
AQP9,21.34280658,14.1921014,13.67548268,106.0470146,13705.68672,2044.034835,15.66433549,4583.500675
ARHGAP22,34.63556475,71.86055345,45.01409912,109.8261756,20.41036041,54.80800174,23.83351793,175.4574354
ARRB1,15.93115384,18.71219759,19.09130442,196.3860472,32.74962107,440.2370047,18.99250539,333.3962724
ASGR1,40.87013431,10.8262442,12.18880923,26.07166009,75.07267777,976.7071792,42.61290526,108.7218916
ASGR2,30.26095627,36.87140683,29.78023761,59.42859439,49.90264894,1484.961048,33.91363549,36.11978652
ATHL1,367.9599908,5333.944658,806.0999282,847.6318066,1241.008114,183.2808703,782.0675728,52.25820981
ATP8B4,123.6149862,59.88926338,69.79360213,1648.620639,95.69691227,219.3440174,83.72565704,106.0706443
ATXN8OS,19.03486997,11.61080204,12.10850879,19.74525429,15.56008373,10.41544387,131.4519579,10.99877982
AZU1,26.08448842,9.996682874,75.49418368,530.5158454,82.37125482,96.50450872,54.50569955,51.60165293
BACH2,4442.146224,1423.65694,716.5762166,989.2189172,132.7648842,52.1091524,145.9248694,60.73069122
BANK1,7633.960182,39.56449682,27.08870144,70.19968278,39.18510516,86.58724759,108.7748971,7.014183016
BARX2,16.2562128,13.89894647,14.68073716,45.1263876,61.55854792,18.15622799,15.03185841,17.14187893
BCL11B,166.5812991,7177.230404,4183.738789,1330.48715,166.8927472,88.02675109,149.8210195,78.00838097
BCL2A1,112.6417383,452.9144897,575.0352025,1066.536759,8790.33201,2261.391134,76.39326014,5560.455558
BCL7A,1097.312303,118.1838416,119.2680253,91.73068339,121.2861905,53.33648066,201.8089576,55.79800075
BEND5,571.2009408,219.5683455,159.6750731,111.8630896,102.1569818,57.98412082,197.8545424,67.04718628
BFSP1,8.615516504,130.3828712,19.66358081,54.06619337,19.08652196,21.37855994,9.834897324,15.68206397
BHLHE41,227.283923,17.67634993,45.2704192,103.1203027,77.67945327,42.84587819,981.1066215,5455.337361
BIRC3,1762.323129,677.9807091,370.9307246,1457.652022,132.8542597,159.952492,363.8164437,230.7650134
BLK,1788.424777,67.99945866,136.3936481,22.31422305,9.863599005,34.13408456,42.03948876,15.52409402
BMP2K,282.3095234,109.3081052,117.76525,224.242954,588.9037939,350.5910579,104.8531332,323.5873864
BPI,10.46971467,41.29948278,64.13890515,1003.262933,60.80053179,280.0017084,15.2477554,15.02182134
BRAF,2571.803933,101.0267209,178.6931052,555.8993643,721.2799495,264.8782577,492.0692023,312.9311159
BRSK2,10.44585498,7.924164041,10.46220047,35.49042557,11.86171476,11.75864418,34.32244633,9.848570784
BST1,65.21842011,129.3703853,68.85559845,237.5472221,1750.231329,1567.219569,33.76856098,390.5390601
BTNL8,15.22236138,23.17042572,13.49547351,25.2654983,1062.582186,20.1092024,9.870549848,25.72341908
C11orf80,531.8492615,91.4854186,162.5847884,241.4993892,101.6588003,85.67243058,2192.7069,99.33436102
C1orf54,41.71079514,292.5617552,244.0295762,235.7682057,49.30939393,395.0230177,113.0970394,1418.001252
C3AR1,131.0995558,100.57262,218.067024,1226.889466,746.04456,1337.368233,235.8730787,799.6447121
C5AR1,92.39233333,39.1758312,71.29814039,506.1342372,12587.17469,4237.561451,25.374709,4989.998907
C5AR2,8.032047496,50.36671815,5.512627066,64.32906109,383.2737567,56.84374943,15.10593558,41.54578326
CA8,17.99617948,19.53973873,13.31718235,28.62546644,25.59129039,14.00907196,16.86720259,12.5219856
CAMP,32.24981999,148.5655127,76.14506063,1785.600985,1507.37221,126.178855,52.127423,187.3573662
CASP5,16.22879037,11.62316713,20.72194816,92.31320588,483.5047319,120.1766089,7.489070848,50.41398411
CCDC102B,7.52422977,9.251047619,17.7200176,24.57356704,6.416534838,5.674857963,6.184617618,207.1228817
CCL1,9.151450435,22.5839555,10.7845404,41.1389132,9.407691897,11.12331494,10.05715446,12.30972478
CCL13,195.3507704,41.65976896,120.948249,191.6869418,105.3162645,87.08769892,101.3596853,166.9319287
CCL14,70.01715851,31.21088513,71.06446098,140.5394734,248.3181959,105.0702474,153.5523731,166.0197886
CCL17,42.21616032,19.48358652,78.50428281,113.7835353,34.28591541,67.76049878,82.14621562,114.8422294
CCL18,19.93877192,24.35123147,35.31761702,118.6516315,49.52876721,40.68134871,56.60919591,2820.01871
CCL19,78.52160611,36.87140683,77.62297831,256.3832495,117.2636391,115.5525527,258.1016824,114.3667988
CCL20,39.50876033,13.08202394,61.54110043,38.75335492,22.44468073,18.85113165,13.71677829,11.31047112
CCL22,46.07125476,39.42959137,24.03529684,103.8823326,59.92678374,33.117333,19.84751256,2604.46642
CCL23,19.74347261,19.69815613,15.31837372,108.4978429,58.68966344,37.98614378,53.41302407,244.4793596
CCL4,1661.464071,270.8722361,2564.294556,50146.82459,2680.048326,3000.888772,307.8066133,1968.542066
CCL5,19.56849893,189.4932768,11434.94887,28983.1943,133.3630669,102.8425968,30.32542187,100.2336827
CCL7,80.54919503,48.24358597,54.29720304,54.86833888,97.336807,36.20654238,58.10858778,651.3648029
CCL8,229.3383995,31.42579269,35.05420149,98.66572029,94.60984879,126.7672449,105.7382506,152.3193862
CCND2,299.0433892,363.696915,682.2085787,7082.153797,314.0695212,196.775837,677.7138981,378.8110795
CCR10,52.98873326,64.30250203,130.744128,131.8783205,97.53796277,68.90758909,773.8184665,63.12794941
CCR2,420.0370653,64.9467235,312.6203444,189.1244506,243.2288166,2908.726283,1710.33313,122.7713689
CCR3,135.0222303,12.07805481,51.21539926,209.279246,1435.2148,83.4012701,52.48031743,79.25178432
CCR5,98.76355416,75.4038863,992.0442583,2004.256608,85.86154472,489.987509,46.81934,2191.941547
CCR6,327.4987971,69.04044011,173.0896162,169.3807916,45.63378677,29.59035049,40.64411705,17.97363923
CCR7,3811.326733,8788.597127,5074.201816,1154.909491,376.1557339,165.2353496,202.9261759,328.1949289
CD160,446.1294222,114.9678358,1145.34982,3188.029837,231.9423322,93.85626167,129.5641036,89.41070681
CD180,1502.166724,23.15489547,78.77964471,67.99894218,110.5409754,576.4469199,1123.318028,201.3638474
CD19,7315.689158,128.2039752,132.2416591,188.8879649,257.8963108,164.9026221,1743.474914,98.83889476
CD1A,1294.174017,135.3722907,208.3949257,298.4606558,419.7944138,312.0225877,504.0040168,224.9858071
CD1B,1351.157456,22.28653167,55.67758898,262.4810449,356.8836932,198.2817057,343.6898904,165.9539997
CD1C,1349.225244,77.23468675,44.14189025,67.00121939,258.2129965,526.834127,31.29737364,29.85115497
CD1D,243.5748238,30.19763591,16.92273192,33.62739218,136.9215217,2785.253606,201.5321093,49.35527967
CD1E,53.25152761,80.73544092,52.56295023,87.78789502,41.44795696,91.10615096,49.27253115,48.57029757
CD2,419.4350192,8002.722844,8182.951228,9345.378128,576.8272959,222.357789,377.8722518,149.914948
CD209,68.81156687,99.59399622,21.6089747,74.47452529,130.8839822,84.17376676,23.37353986,315.2176797
CD22,3293.629651,53.38200923,37.47048645,74.4626607,72.3215622,31.15232509,19.03486997,153.7017175
CD244,59.70898915,174.4389829,623.6947469,3526.307599,51.86506899,828.4298346,28.83176888,22.32433652
CD247,23.66779296,7038.536622,5508.526368,31207.7492,59.83784952,35.27406041,65.55259868,23.92868112
CD27,388.8197482,4042.377012,5506.313911,323.8021902,300.1045211,136.4091916,7350.586942,90.85495783
CD28,170.6541081,462.9998637,527.4027958,149.744209,177.5405702,79.14901833,145.7577865,62.22720273
CD300A,30.69853755,193.2963626,738.0313132,10009.25439,4130.857899,2187.807203,103.7065116,691.3037154
CD33,25.374709,17.83717204,21.33635265,27.53263775,36.74188801,1494.400184,29.48171985,388.0381883
CD37,13247.62405,2997.964479,4472.430176,3695.070896,3204.567177,4508.112105,802.2248179,1453.500603
CD38,588.2648306,296.2994306,318.883456,2285.484914,400.4888321,237.7018615,12117.94539,90.8542014
CD3D,103.2248459,14916.803,14396.85632,494.7228349,250.9974436,79.18206065,88.37677893,74.30949816
CD3E,1233.172359,3554.437369,5787.182458,803.8376866,809.110134,225.2808846,1163.254876,188.3816952
CD3G,55.98119171,2859.409338,3348.560467,370.3568163,160.0909817,31.97464945,31.36207011,31.47187386
CD4,138.4573773,2495.269425,164.9509326,157.045247,364.5571609,3343.906153,351.0163026,552.3052303
CD40,1493.347557,119.8051169,203.0571538,368.9682609,275.5927662,298.5733076,838.3890443,1146.591678
CD40LG,65.37231327,464.1789801,186.4853205,81.55996079,51.29818379,24.75213495,34.65893963,29.86059304
CD5,482.7709118,1101.084704,947.6570017,484.9322027,223.7346793,312.9288878,459.3251879,259.243454
CD6,75.85653173,738.2321164,1720.140098,972.2277066,155.6335945,90.96996824,295.0724091,94.71792103
CD68,3.286119074,21.15896542,51.10845475,107.7566174,36.20155225,806.3047213,9.182953598,1705.45606
CD69,8246.962733,4397.041606,3798.407191,7252.97077,436.4221698,66.10288756,131.1507128,31.65121441
CD7,15.62904812,2032.402798,2234.707961,3773.522091,25.19240764,20.48373388,18.02258618,16.0113349
CD70,294.6566184,116.5526077,247.6214563,413.1168041,309.3411047,189.6644237,528.1256069,162.091307
CD72,1434.004736,43.04528298,18.8127059,88.3794104,9.272238244,9.096324111,8.359413914,9.476286725
CD79A,12117.94539,183.3771612,425.4456431,288.6978736,261.960019,174.974517,3860.541888,124.5658582
CD79B,5975.189254,284.1304512,229.2346632,618.7361587,232.5557133,158.7986952,900.5698225,68.04622904
CD80,131.2576257,102.0859478,73.52859919,302.4490086,132.6404432,148.4294518,367.1492638,350.482739
CD86,354.7433616,35.145174,108.8922088,197.9088186,161.5053365,1398.4001,309.4183226,764.4811798
CD8A,564.4780916,41.07506248,9990.737125,2149.995522,623.2298556,203.576442,44.21285974,135.9847653
CD8B,21.53089091,143.5770588,3697.963718,36.77622853,31.43329135,14.49443263,22.19126923,14.7839247
CD96,140.0696821,1432.94769,1718.974851,3757.552589,90.84379933,35.69766875,83.87781162,37.23265829
CDA,7.453474496,9.6818797,10.06514533,106.2871281,3592.43191,1040.419935,18.8378526,346.9958858
CDC25A,14.44417944,13.45315049,9.90420085,155.558803,17.78100586,14.74858062,18.49909288,18.97174653
CDH12,10.62580967,7.285693652,7.907398998,36.80817756,24.73256754,9.440421022,6.994769751,12.70746733
CDHR1,15.70334805,86.84214478,32.70000097,266.602942,27.59515717,10.5027912,8.220261044,9.74632817
CDK6,30.69853755,25.78013421,65.1412171,316.6434926,19.40986991,21.06647043,15.94453415,23.49923645
CEACAM3,68.46140597,59.64008096,69.08981156,299.4884917,2096.525977,242.1017704,104.89154,156.08054
CEACAM8,77.91715796,7.285693652,143.8250498,1118.172263,149.8673485,6.650645086,22.74378501,5.093941607
CEMP1,28.85299608,44.87716404,9.51802003,72.17026246,30.29430793,12.41773777,5.783504523,13.43483203
CFP,4.573719127,371.8319741,14.38688428,40.97717686,2060.180409,3702.502521,5.382740888,27.13104189
CHI3L1,9.040054131,12.37533181,13.16060514,404.3979453,3791.328311,12.16796964,10.0823446,8959.873277
CHI3L2,574.7325605,662.9063033,362.8779127,492.2593489,356.9094548,200.9927361,320.5064848,181.8142129
CHST15,375.0617962,56.31496953,37.3682688,64.93503619,4602.158626,3334.89402,2248.878473,1452.251166
CHST7,15.2998514,70.20092794,26.28908826,52.86333167,793.1481128,291.0641772,105.3543147,314.6462296
CLC,317.0133169,21.54663623,91.38509289,747.8435216,4605.247829,86.56595204,158.2726851,69.27115976
CLCA3P,17.20651635,11.3209152,10.28448645,6.052505806,6.90793389,2.691185739,11.94994798,2.022563272
CLEC10A,110.2519917,56.97214117,80.05432796,117.789126,145.6285415,481.4264713,67.3906821,159.5970517
CLEC2D,1012.819733,1443.461253,1510.850313,1323.633984,68.77784236,93.13451585,134.5503286,78.64035879
CLEC4A,270.684059,94.87431986,43.67169279,105.2701824,2814.377261,2802.254283,19.48358652,1137.937654
CLEC7A,148.8556127,106.6702025,86.04241069,232.5222589,5247.49398,6165.953009,58.64250526,3760.306028
CLIC2,8.195551244,11.06762282,6.339831804,55.07424589,10.41872533,103.5590934,116.2438106,437.0461122
CMA1,77.95639785,42.09518393,25.22954469,110.3532274,48.25538871,58.76829357,75.6389405,46.37300953
COL8A2,135.2230196,79.43023238,60.53487072,156.4869268,186.4210163,275.8747733,23.48774462,1233.715268
COLQ,28.85299608,66.85032911,152.7740895,757.5833542,40.46415035,33.83180651,23.55278029,24.84089345
CPA3,786.5967435,25.20265438,147.6958112,766.26367,522.5988941,135.1465191,431.8870773,139.386735
CR2,1471.268235,285.69747,245.2703384,89.67645155,33.0622167,35.1557773,139.9135207,27.25115703
CREB5,30.97425375,43.39553244,12.41011504,27.45556834,1385.315828,360.9106341,32.02053189,22.86410106
CRISP3,27.37818895,4.203532154,3.235495107,205.7646099,15.93701737,5.032005451,6.508150101,11.29862608
CRTAM,54.88908823,308.5611006,1443.48038,914.0194558,83.96491114,212.0416867,54.0562838,761.03216
CRYBB1,8.51087882,20.22798354,8.78944775,17.37513439,9.876168345,9.396148118,16.77479438,9.70690203
CSF1,22.1078749,21.94024148,22.99418539,46.20566311,22.5275051,24.56893179,14.62640697,687.8844582
CSF2,24.24874392,40.95236426,24.4197256,788.5927725,19.5960694,27.09459243,43.36581215,28.52989192
CSF3R,99.76628743,107.0724606,24.3859179,160.877013,9175.361959,2331.948628,22.72781743,214.3427639
CST7,29.71165699,197.8545424,5181.597893,21694.46861,2347.728878,63.6732263,14.02145998,254.880064
CTLA4,19.39158332,282.3095234,19.09265901,29.72689514,38.69364838,18.619765,12.39999002,14.31666435
CTSG,247.7712501,134.4958651,113.3980465,414.3930675,185.0082007,88.12615549,205.3757047,65.31852439
CTSW,16.65790643,487.0683652,4894.215252,17792.19064,20.49140221,16.93731154,16.31812595,15.94992913
CXCL10,761.3944185,120.4987696,157.22658,1712.025482,486.9671286,500.9300164,246.2438258,163.1981892
CXCL11,90.26229276,6.633637977,22.77124293,211.8465404,74.22060498,38.41873667,44.79050636,16.90510228
CXCL13,50.1800947,6.024967349,22.35743472,26.15156586,29.79046571,10.31783604,17.24705732,11.75346746
CXCL3,73.07039801,17.02062149,26.71170482,47.6024861,75.7691719,175.8826199,56.44753053,1496.816
CXCL5,94.16490321,7.759898576,18.42018765,54.1539663,69.6139163,32.93471403,43.36581215,5315.265079
CXCL9,597.5841917,77.45884479,125.8362376,777.2857943,403.0543959,265.0825127,268.3992061,168.4971354
CXCR1,260.5780432,320.9597732,214.6841388,933.103074,5613.081304,82.78141165,146.6778838,72.0058534
CXCR2,26.76355546,5.107669662,73.61765642,1243.172489,17610.41012,408.3528365,20.8510013,115.5505074
CXCR5,368.7814351,29.79215867,32.70801147,31.16482364,19.29227122,14.61246054,10.14786303,17.36373676
CXCR6,143.966553,92.27701669,239.577985,314.4358546,166.6014244,89.88376184,129.4184927,60.50454252
CXorf57,39.26542516,236.7644719,102.1724937,131.9986379,12.15912559,8.024895821,10.62580967,11.29730888
CYP27A1,28.17031886,57.08079673,35.11559608,67.32031092,52.96843829,761.5963848,40.80982734,9212.241151
CYP27B1,839.568697,89.21509024,123.385104,213.7238922,291.0919657,96.6530619,544.7418911,1182.186949
DACH1,8.110268958,26.64846634,6.072925338,52.97308594,80.62449793,63.04081707,7.019305551,7.182118842
DAPK2,50.49233083,35.93880485,36.778245,141.1733429,494.7641499,50.3687963,24.63126285,36.29552204
DCSTAMP,38.69538004,33.84353695,45.95452314,124.5517345,90.65655649,100.3959971,134.084158,3167.902414
DEFA4,364.8313155,61.9081487,580.4081606,3378.288879,453.7054493,108.489886,213.2412028,59.8115536
DENND5B,47.963256,5.354735415,4.937003728,33.68534189,11.06939913,5.019653713,338.5948695,14.58676995
DEPDC5,23.00370479,192.0177626,42.10826584,217.7945964,27.33916292,40.17793365,30.00802014,96.61739385
DGKA,426.967722,3066.253514,2223.016764,694.5434678,314.1795669,300.9545855,200.6236992,170.0857145
DHRS11,53.98997768,123.9520803,88.61812105,147.1775147,54.33030883,46.95962914,70.16756594,266.5013357
DHX58,13.86362993,298.2898502,67.97505932,156.3597003,20.09780832,66.42778065,12.83845224,21.95980512
DPEP2,695.4566346,1220.279156,469.0254782,658.2263378,4347.71622,1471.477094,11.18070884,116.2735817
DPP4,19.45168576,689.9495562,686.98687,435.0371445,19.5766283,19.65506451,15.7816761,17.52701962
DSC1,82.26251271,788.0190869,408.664347,45.03517115,42.13322455,18.85006161,44.79050636,14.93885569
DUSP2,13.29827708,318.0170106,4083.939908,802.1295045,88.7690473,404.8953793,32.34016681,490.424434
EAF2,3181.18246,240.986393,219.0176307,382.1182625,240.8539709,683.9617628,4989.763973,281.0119542
EBI3,10.50267123,15.05714204,12.21399038,26.86981477,11.62603766,12.4947299,8.897758981,13.18836854
EFNA5,5.427660306,116.9246518,12.03201722,73.64862087,38.58771285,16.87392513,8.933068014,14.68073282
EGR2,122.3401907,35.24465136,35.39583074,1487.147699,198.0753053,466.5929482,54.47162284,3919.367365
ELANE,11.04729816,12.73061175,103.4864778,902.2211383,31.87881829,28.96336488,9.3286347,15.08601415
EMR1,499.0111023,428.0646447,195.8964573,536.600258,1253.613443,1815.513906,194.3869003,203.312067
EMR2,145.9766252,56.18573504,43.05953599,261.6674622,3956.252694,1319.424101,67.17486231,1045.041824
EMR3,55.17004911,89.37299011,104.1704046,128.746124,3015.993844,379.6236682,135.3256446,38.87513434
EPB41,21.98416943,12.29355102,235.3351386,202.7534482,16.47488638,25.10456886,15.20961988,51.91551646
EPHA1,47.02936831,763.4010715,400.0482873,254.9947804,71.4205995,63.80169822,52.03367718,58.11820163
EPN2,46.90834881,64.62199466,31.50834858,59.95365859,51.26114266,32.43586908,109.4328043,32.22402237
ETS1,988.8726693,287.8283832,613.4935899,1455.985483,243.6131706,85.66933558,410.3171187,96.62991012
ETV3,37.98662268,20.64868683,49.08454024,71.21625146,40.75588852,40.95675962,103.0952183,24.47191439
FAIM3,11191.41447,8841.004838,5723.984822,3027.323871,735.0353714,117.871065,254.0902643,315.0175529
FAM124B,21.67016354,17.18073516,14.04816696,38.21424185,19.72983414,29.15950369,18.92107732,19.3314478
FAM174B,117.7226808,137.0201675,94.16937409,78.11336132,103.0050021,39.85052889,82.29386042,53.40511981
FAM198B,9.800664188,30.53349636,4.526894401,34.0354325,8.88467942,515.249292,9.140836633,519.5115003
FAM212B,49.97014577,12.55533168,23.00981627,34.26989372,569.9349175,95.87273144,115.1532722,44.3949005
FAM65B,4719.699579,4454.485846,3376.093302,2283.248004,8329.197426,2428.861545,237.5875518,92.82935445
FASLG,342.8390554,144.0787779,169.2167794,3755.772926,250.192653,108.383093,188.93844,101.1502198
FBXL8,7.713639432,53.47478762,91.19310135,45.42192733,8.576738645,43.1055926,15.05714204,14.5008585
FCER1A,106.1351171,70.33336588,111.3010937,267.1107575,106.8980281,622.2119019,88.81589691,45.65742898
FCER2,990.3077473,19.37674145,8.626141867,25.92245308,11.25081202,12.66527557,26.3738691,212.7516179
FCGR2B,3389.8606,8.255798098,65.97309417,301.4271388,1302.127371,287.6388369,2656.037745,991.9681697
FCGR3B,434.6883898,61.46749025,178.1993614,864.416734,27546.9664,402.4458452,121.1090782,256.3156774
FCN1,160.5487443,144.5883358,130.0754644,587.0425764,5370.355855,29800.42108,109.9311142,1401.079575
FCRL2,4384.737162,34.17485561,73.7221496,103.3406315,116.1844543,47.6563456,714.6372738,36.19137437
FES,8.544430362,8.032047496,9.520155138,470.680762,534.5825131,826.5409485,10.34392287,41.65766393
FFAR2,12.83845224,11.92870205,11.77579288,87.40741976,4025.755477,101.05938,20.15690171,31.01207332
FLJ13197,129.5124355,260.3922902,167.3200623,184.0190378,11.65518546,15.24807194,16.11115902,7.575081726
FLT3LG,26.22845437,2489.205564,1267.031752,594.1894115,26.35814025,69.27835254,33.23725547,18.86233643
FLVCR2,69.18049192,90.1471958,83.37381583,228.5937007,108.4609673,566.9712028,45.35113413,1142.352389
FOSB,200.0093028,401.5583963,41.65285438,63.98124358,80.15125244,3422.450435,2911.316126,29.34004788
FOXP3,135.9782583,129.5124355,65.14694151,88.56510855,164.6742962,76.15295297,41.24636078,62.1654919
FPR1,361.3212533,161.9808797,210.2034137,700.6308746,27644.58995,9800.634834,343.9217634,880.9211063
FPR2,227.4506603,60.78015047,54.91749032,157.1958216,3797.403194,964.2419055,101.1071972,182.3163119
FPR3,325.6674246,97.29879579,105.807962,207.3583965,277.4149037,203.421307,84.16107071,3004.448975
FRK,138.3048999,11.24943836,26.38936082,10.34990797,61.16828044,7.43265118,59.60491785,10.88453313
FRMD4A,57.81750686,24.03797283,49.31923782,89.35956962,21.62064394,52.74025927,17.18073516,161.857003
FRMD8,197.3732828,14.61435957,28.9702418,411.9953789,172.2630314,247.2516889,80.20078747,125.8231332
FZD2,40.20305932,23.74932601,13.86980966,33.13310658,16.40047837,455.2912189,25.20265438,98.02418421
FZD3,121.5674974,96.62044786,50.26515479,68.26271888,73.00874476,39.70835546,181.1627863,31.33678222
GAL3ST4,69.54706802,942.3193748,335.5930908,72.07950512,77.37112075,44.09898382,48.67912609,84.21537991
GALR1,2.661554274,41.01608039,3.908160923,7.926161674,6.071751695,4.179834102,5.90308276,2.442423079
GFI1,27.63680315,48.08423235,293.640883,903.1008428,41.43881952,19.38352568,40.28604041,29.03365269
GGT5,11.49823256,24.53939902,12.99967839,30.63408442,16.79237197,11.13018839,16.62951352,10.60327972
GIPR,8.245074698,20.2876468,10.90883943,25.18176093,10.05277019,8.506723418,5.570829264,7.247773205
GNG7,768.0078466,99.42210121,133.5514698,113.5409925,455.4134725,112.449475,2218.049204,82.41009583
GNLY,9.016559093,134.9186388,3732.536058,44995.9504,118.2602821,19.94743339,19.25302109,16.57744727
GPC4,126.6902267,59.39944184,43.02443597,120.0702026,111.2722902,56.14456485,105.523008,1153.718547
GPR1,3.129845825,44.35621868,1.559283973,19.11402012,4.064088815,5.245664557,2.493139629,1.064159643
GPR171,33.51495052,899.2846127,924.3717963,1484.209149,30.67179408,14.67922106,13.87497835,12.06520012
GPR18,3056.84082,1241.790015,1037.066376,3230.000949,156.3072275,109.6660347,15.28674853,23.11613842
GPR183,275.8348106,854.0807595,630.5280037,417.8348397,144.0671927,196.979149,296.6071048,437.1733508
GPR19,27.02537152,73.33196188,40.61246787,108.0102735,49.98684446,19.81202335,78.06875407,19.66810706
GPR25,4.292572754,10.77863651,28.7191378,32.60270707,16.9118569,14.04592183,141.0660169,8.494154594
GPR65,507.5709281,572.3060778,1518.573945,4275.569056,2530.19965,1473.160908,162.813157,702.0291957
GPR97,154.4101049,57.15128061,104.9389313,713.281563,2246.982554,71.26388228,207.6511007,98.36835876
GRAP2,12.62708927,318.9107126,280.9234111,508.0197176,10.85570109,11.82509864,11.63480358,9.44203317
GSTT1,6.958858985,43.10259613,18.64410933,31.70126676,23.00205986,17.31196185,12.11447678,51.03653105
GUSBP11,8048.07448,587.5664324,521.3361484,410.0921718,277.7647569,43.51505491,30254.0679,6.401562035
GYPE,38.71816582,8.008517109,26.87927605,40.65904769,14.23666653,6.627731906,35.67150717,7.19407517
GZMA,204.958358,440.9534741,6301.839315,36040.77397,334.8696127,132.0433731,91.85142742,95.37711154
GZMB,102.255299,85.36127082,2080.697741,38512.20291,154.330993,61.71915165,62.71521001,136.87295
GZMH,21.35853068,198.9335618,8555.821981,19308.83695,41.85793547,36.90093477,41.24636078,24.82219085
GZMK,184.0395826,1423.65694,8814.387272,2200.868653,421.2121304,67.13748264,100.8148697,69.54165218
GZMM,6.305414565,1215.533292,1048.989355,6387.677369,65.82671625,13.20630847,12.3063871,17.49904782
HAL,380.2322774,61.60426486,84.17530879,195.7242737,3105.095231,877.1793038,108.9091177,102.784423
HCK,273.5706061,107.2851313,106.4569423,575.8691693,7443.161769,7368.002228,130.5834263,3576.179245
HDC,147.9736788,18.24228689,123.8596636,351.1581798,150.6140872,129.5522336,310.1156544,114.2614669
HESX1,6.869435614,8.172396024,7.046990167,17.63615712,7.283926945,8.365084929,9.073509293,7.285721879
HHEX,4489.488986,83.41360206,139.0353705,448.739652,946.2641209,1914.137567,93.42592839,489.3080097
HIC1,5.092351833,18.79636185,8.159927666,57.50604315,7.476611925,7.017818913,6.795317032,6.432515224
HIST1H2AE,35.26722995,30.34545814,29.91298037,21.04675291,22.11671753,8.28188422,277.7164299,6.633607497
HIST1H2BG,17.44318854,138.8837705,78.31604621,79.59020575,45.19348156,23.39236935,689.6460957,11.49352112
HK3,12.94364358,25.374709,21.81413027,254.9130797,1255.80611,3103.136582,13.29827708,3713.557866
HLA-DOB,6607.334733,54.34069564,212.2757519,418.7450706,96.88647987,102.1825691,4287.536344,49.6673024
HLA-DQA1,942.7749076,122.6942485,173.4117383,434.1428397,218.2099668,275.3534268,161.7246112,874.2342868
HMGB3P30,30.97425375,3.547906137,42.79987867,100.8734976,76.9105534,27.19577484,36.51263796,39.38790361
HNMT,61.73602193,10.96771886,19.61866274,40.49764287,29.96288574,815.4265044,28.54732378,774.9294257
HOXA1,12.90856012,13.26159685,12.85536224,21.37767708,17.61748588,10.68723722,9.656741815,12.91531933
HPGDS,203.7910498,88.13751751,83.72110944,326.0144256,219.1322864,36.75265198,125.9523542,239.7846459
HPSE,30.8024485,132.3282146,55.34751097,84.86152133,973.4037642,1285.833086,32.74521328,61.93696691
HRH1,206.5394742,26.48229454,75.97436695,96.54650813,227.8748322,72.1745748,161.4809975,217.6585736
HSPA6,70.64960056,89.65418124,106.7169109,468.8695134,3303.08264,641.2142131,17.74602894,22.41022369
HTR2B,6.171513508,11.3103513,22.71063607,37.93061171,7.446654092,13.85052231,26.40774882,6.900538825
ICA1,191.4053509,149.651559,134.2533776,268.9957425,309.3789708,183.2555042,209.3903648,198.8629383
ICOS,6.458825767,1018.135876,194.1905981,35.08551452,6.199101199,5.362446048,6.147205936,4.485992218
IDO1,241.0650179,192.0869901,241.3331484,1338.825758,527.4082419,269.4662793,345.5621343,338.8974249
IFI44L,24.57422621,147.4365503,84.26221988,613.7155762,74.97678161,307.8493777,52.98873326,12.5901686
IFNA10,63.51120873,14.25566764,12.57137446,21.73044342,20.7783228,13.10429637,31.21088513,10.54848621
IFNG,233.2462403,107.3272359,249.0786281,3822.585286,187.1620872,108.1486375,137.3910104,105.0542732
IGHD,10811.41236,125.466199,62.3476822,54.26950105,79.25564732,50.4303708,21173.52695,44.70050298
IGHE,18.17410575,46.81934,15.63289317,34.89403494,45.89295939,25.291882,4949.619115,23.51249171
IGHM,21960.79819,46.93569691,361.7379219,297.1742696,98.13122154,127.0436672,31273.67963,32.10709446
IGKC,27164.52012,489.1798399,3097.474216,445.9696596,119.9968023,318.0695055,36524.44074,78.07530888
IGLL3P,6633.535586,18.00926412,217.4652812,96.24473297,83.43489613,70.0394246,42851.28444,45.93797103
IGSF6,46.07125476,40.17569562,27.09871228,174.7038129,4222.728231,2662.140929,65.01794569,6076.582495
IL12B,105.275436,28.4476789,41.94288686,142.4831877,127.5501333,42.42610973,56.97214117,43.55770236
IL12RB2,13.44126834,33.86467066,95.11508424,2125.070706,14.16736964,20.50390251,13.07042258,19.79170172
IL17A,24.10976356,6.547727883,7.018701499,17.59921632,39.5476383,7.929351943,13.1991983,7.622591789
IL18R1,32.74521328,73.22426678,197.574303,1913.887796,516.0935366,19.50301241,34.90083093,19.54166867
IL18RAP,63.16533501,83.75974388,541.6070596,11904.42924,2653.493356,92.02184739,22.92310159,93.75421468
IL1A,207.8094975,98.02150804,65.8236721,157.7341323,204.892697,61.10993853,101.4843406,627.6075867
IL1B,508.1423339,136.961868,144.2186891,491.6343167,3099.346146,1257.182131,198.7896427,1273.463059
IL1RL1,161.2444569,19.32045331,34.56285806,190.4337365,102.9096081,37.42366918,109.8410784,98.08944243
IL21,346.0439646,21.34280658,59.42001123,106.7193114,201.0983497,103.5720427,161.7246112,83.58872184
IL26,6.120665994,7.902366544,7.410920044,12.82803351,4.557666573,3.424557859,26.26628742,2.491129956
IL2RA,151.2654723,87.16147336,85.8239546,670.2043747,31.22286334,25.41115885,79.81202979,33.9871692
IL2RB,2118.459057,818.7927424,4000.216538,37217.00843,1044.851269,321.9612928,848.6873784,294.5506048
IL3,20.12785138,9.485254596,9.157134905,42.40453657,12.25400672,11.52632712,13.81492461,9.762406535
IL4,10.0823446,10.44585498,13.17067743,21.87644981,34.58584621,8.872339575,39.12138574,7.664565106
IL4R,11009.29392,2125.328314,884.659355,2461.201337,2809.100785,1192.215763,291.1304361,1054.288345
IL5,6.618252721,11.36906118,18.71157669,21.98442118,13.25903543,11.47899088,9.694581053,11.32827552
IL5RA,122.2890422,26.5887412,42.9451164,89.95026106,256.0574097,41.02366335,197.2344989,36.13968537
IL7,250.9247833,34.7070222,41.57938135,50.98976339,14.89186794,51.3943268,40.0906413,93.50347161
IL7R,277.7164299,19513.31337,15195.16858,1500.96995,742.6718185,163.3050166,126.0983758,5078.293455
IL9,60.05830259,31.36207011,43.06562332,77.64484332,24.3295572,15.74553195,16.73521702,22.74633599
IRF8,9506.386392,279.6879535,350.3493603,4220.249511,281.068165,2458.705658,218.3135972,1929.656915
ITK,468.9985735,9578.936337,6471.889098,7038.676314,380.4695205,124.1014103,192.2179775,115.0222464
KCNA3,306.2764477,465.479642,573.9051164,988.5673809,65.0351555,143.5528595,1214.683767,102.9419725
KCNG2,12.5310046,7.924164041,18.15238454,33.74981954,11.70521171,18.84293691,203.7216331,21.28655105
KIAA0226L,7209.224512,82.79229745,41.69784069,84.70717812,2046.296729,176.3964323,147.3808749,104.5999421
KIAA0754,9.870549848,80.9645004,23.11849958,301.3042723,7.870074424,44.79047534,4.818030863,7.819073969
KIR2DL1,7.406441697,12.79241876,8.01647279,814.2365574,12.34421311,5.116435124,4.493181638,4.751833847
KIR2DL4,331.7763894,125.3243228,122.2246008,2295.494013,282.8093,128.8246048,326.5656738,99.74347628
KIR2DS4,621.6999538,113.6054513,280.1613018,4190.375594,344.8539572,129.0849772,512.4557638,114.1247729
KIR3DL2,12.24576038,14.16687271,22.06039056,1675.208743,20.01964437,11.38893073,7.59573833,9.60888568
KIRREL,15.52894714,26.78347553,34.23347857,30.34766001,15.74318836,13.64075973,28.13135229,10.87526239
KLRB1,119.5727193,317.5656356,8818.269216,18534.11668,322.6159656,90.24623781,39.37347577,26.68511703
KLRC3,13.84066629,13.18858231,724.7758509,2148.134331,8.77366203,12.58558886,9.097003233,6.245979354
KLRC4,68.25016134,48.80110093,218.1751146,325.1631609,44.4640693,20.05492885,24.46628657,24.93153862
KLRD1,204.0068731,75.78362334,1670.271427,13474.07405,195.370024,81.02147756,244.5489843,53.17243141
KLRF1,153.1504496,21.90774996,851.1875307,16386.99835,121.9079756,100.1145382,112.8639054,41.2903796
KLRG1,1351.157456,467.4716087,3859.14824,2613.123689,605.3949976,305.4474128,482.7709118,270.2038954
KLRK1,670.2708554,353.8455751,8228.460511,14245.23626,246.4439838,78.91616578,77.84292347,44.14759366
KRT18P50,23.97041806,44.1209146,23.80795592,40.66486685,68.38796964,58.20626127,87.81654144,20.18111153
KYNU,296.2994306,41.3563524,45.94858696,136.7779563,100.1093538,858.7450615,97.42434599,3089.346164
LAG3,36.29565926,6.264629561,521.3214165,163.3582838,8.170942175,7.92284356,10.14786303,6.759088639
LAIR2,424.4791722,212.5228127,1078.390893,3234.360098,260.8513758,103.0030242,166.9553981,85.54718583
LAMP3,47.28278554,120.9265077,134.7841361,629.5357699,320.9232259,38.76231871,128.4317353,316.7767691
LAT,157.4129632,5669.605245,3224.978584,2984.82349,209.6546017,239.5833162,111.4231016,603.6863585
LCK,337.4400897,8948.349603,8763.864592,6412.724644,186.8691266,80.75884433,40.80982734,64.45522652
LEF1,30.90820518,2704.715795,1204.840659,231.0453365,31.2755148,12.54164279,56.48122719,11.51825528
LHCGR,154.6890469,24.46628657,9.897454754,47.78263365,82.91574196,11.47012114,59.39944184,31.7588928
LILRA2,20.88194891,27.39864055,20.16252339,140.1668212,2439.781118,1764.823942,13.23730918,852.0801094
LILRA3,7.153043448,28.11270143,9.02114446,32.4813662,117.4599802,880.456908,5.58378914,53.4640133
LILRA4,33.02123349,17.45746015,24.77824314,37.61946231,63.10838368,65.68769791,65.08699055,44.41590756
LILRB2,30.88657745,6.646385161,25.57422148,237.8098766,2905.942642,3344.118855,15.56608274,541.4074958
LIME1,23.92087663,995.0546469,1287.731562,228.9407132,79.53831265,78.16252525,1021.385341,41.8287759
LINC00597,15.98296208,60.43870697,6.841729202,200.7414049,20.71458679,23.18626902,7.214039616,11.37053999
LINC00921,675.1218227,40.64411705,132.8112012,186.7192076,287.709765,69.03803764,145.5963793,21.48566946
LOC100130100,19.84751256,19.12046512,23.05076042,25.06192282,17.23014635,16.13831431,7525.221652,13.76101418
LOC126987,135.5693196,106.3115117,72.45319298,162.9994529,91.27327826,68.19210687,195.6949202,49.24995457
LRMP,2106.83981,861.6605651,631.9125478,1682.210421,3231.634624,1048.681062,1042.751166,155.3040258
LST1,29.98420127,264.6015763,520.3780954,964.2815592,9953.015759,5975.189254,39.94821809,2191.478522
LTA,11.68110017,258.3876509,21.16573991,2905.051043,16.83523098,12.51621864,12.60267124,12.5287015
LTB,10351.64143,13247.62405,9829.724672,17872.0757,5458.249488,321.3564756,106.6290931,127.317149
LTC4S,61.1295924,77.11890893,132.3582101,260.8321427,114.1929024,91.87551209,66.32500458,110.0952748
LY86,6947.982466,398.8717851,382.951912,467.1915055,691.7851206,5218.063407,815.0088739,1832.781159
LY9,289.0732036,1851.721168,1310.964334,300.4785544,59.93806713,30.00087721,552.0344178,34.01455014
MAGEA11,21.99996581,9.272327825,20.72781035,29.88941415,18.05763943,5.93274616,33.69520426,8.165451989
MAK,20.11347878,13.44126834,8.152190939,26.42942975,1120.128556,24.81417634,15.05714204,11.76696799
MAN1A1,293.5258353,96.36432219,239.4182791,690.654785,662.1081563,205.5255231,4141.039248,541.5412754
MANEA,3.436589508,48.36415338,52.68877507,205.1448718,3.047541504,67.09972733,658.3410173,120.265675
MAP3K13,5.152513024,8.886630463,7.381955365,13.46870225,7.993696005,7.051783275,10.45807901,7.239320879
MAP4K1,48.65001463,2431.498593,1721.22046,1198.764252,35.18234699,317.9668785,201.4645711,25.60814698
MAP4K2,10.65044684,144.6964726,17.70603378,21.55826829,12.24076681,12.04202684,8.427360618,15.05384266
MAP9,10.29840785,96.15733766,93.40076641,81.347011,2.738399982,1.421006596,8.288872254,2.140728959
MARCH3,611.9846331,110.8989432,78.87501105,384.8283935,205.0752959,103.5658121,286.0949186,175.8754876
MARCO,9.029403736,38.56086836,14.45792523,29.84535197,14.64273507,236.7362055,14.46846851,2418.052513
MAST1,9.251047619,10.18494196,6.640168162,18.3594613,23.9863503,8.492607794,845.8491856,7.33322736
MBL2,59.05366978,21.37467901,2.661464134,20.48503367,21.75446848,4.939369175,15.69138202,9.464931333
MEFV,27.28348256,7.225818568,10.29578093,34.53161142,871.8164344,552.7124986,14.24242632,12.49592782
MEP1A,939.6261506,22.42983417,54.17625589,175.0392763,165.3704727,98.26125945,222.3862967,171.9329356
MGAM,8.043975587,4.929861418,3.964324624,362.4164922,5009.465768,159.713285,5.166817607,14.13313291
MICAL3,328.9820884,19.30656418,100.6010965,157.9597199,10.63927101,15.57018571,89.29505406,19.84503831
MMP12,746.9258791,52.70903607,79.27159307,183.1174397,296.4122687,95.85109514,163.9010445,243.058639
MMP25,136.2875659,232.4626329,211.5319494,607.2661777,4281.638501,446.4796965,196.2250897,119.3129296
MMP9,338.94428,359.6153524,286.9137339,972.3795466,6429.776491,335.4295326,357.9745698,38944.01868
MNDA,29.5032353,9.217386051,50.81863936,1091.692232,22598.07416,11447.56145,5.02270779,2609.874357
MROH7,23.05515036,29.60547378,28.67423007,43.94522043,35.65136128,31.92868262,330.0530055,30.49050205
MS4A1,18085.9446,52.22897356,343.9223112,370.7177609,274.6589928,128.6338935,396.3913895,31.97803261
MS4A2,151.2024037,99.13536849,108.6218788,162.460168,126.264012,52.17720971,119.1973269,70.5034722
MS4A3,121.2914634,8.750532337,80.86216165,783.7520308,174.6897078,23.55316735,60.99801415,7.818215887
MS4A6A,1102.971199,167.8644908,221.1962643,414.5323199,1136.619238,8814.800982,326.3520803,268.5081463
MSC,28.93411812,42.41248076,78.78518268,103.2884387,111.4753412,47.46789206,115.1532722,631.8453475
MXD1,22.77650595,255.8877786,67.17780431,264.5762304,2389.810861,250.0158171,25.96026018,83.19369257
MYB,365.4798555,590.5897003,647.9999569,851.2340537,505.0813817,300.7619354,123.9035186,95.31275979
MZB1,46.81934,70.2363913,42.83903749,47.92037828,29.79626914,24.85648896,20117.66469,22.27069193
NAALADL1,11.62316713,207.9599013,70.98305911,572.9774327,15.89251626,31.52382891,10.56154776,14.37732844
NCF2,153.4955828,225.0278308,62.34284219,652.2208823,17226.82018,12280.85608,194.190923,15650.12064
NCR3,152.0118385,250.1023415,1756.075472,4700.925331,223.2727212,56.94572009,42.58445228,30.83325447
NFE2,6.094544149,48.98562369,107.3563954,217.2341351,2938.86897,1517.644033,11.86713177,30.55010836
NIPSNAP3B,1577.975004,41.71079514,128.0373349,257.9657838,331.760106,89.57172242,349.550369,79.70267094
NKG7,6.994769751,106.5387015,8640.630717,28485.91406,13.31565465,34.65463899,7.726182177,4.93466715
NLRP3,22.14183418,18.45676256,15.30576169,133.498314,478.8774821,636.6292677,15.37842878,32.50574568
NMBR,507.384036,8.77366203,45.63830073,77.20829373,201.7522159,77.85728222,242.5274059,49.44515642
NME8,4.031081011,6.421545431,4.66238798,266.9637617,10.36459567,14.82529394,3.866557468,5.97286223
NOD2,6.932520098,8.568369563,8.398706067,344.3199843,689.3755544,1302.129171,224.3125249,91.56365214
NOX3,12.00966261,8.615516504,7.382208399,14.58222748,15.12937746,11.17305851,6.670735069,7.877966901
NPAS1,18.22767575,10.25273904,24.54202898,25.13590897,23.07570972,14.37797149,27.89933234,15.36265788
NPIPB15,1624.147916,11.1028997,315.43784,519.6543573,1079.514585,176.7823779,1335.65936,212.5601012
NPL,18.58723205,16.80025027,84.14120251,211.5418922,2221.125735,856.4061947,51.43557494,1653.078338
NR4A3,136.961868,117.4897219,83.36646929,224.1016901,289.5950348,91.30097224,133.9396044,198.7422467
NTN3,6.560415317,23.29056908,8.668709617,12.63126773,14.63118719,8.728208573,21.48427937,6.387053062
NTRK1,13.56995609,22.8422122,10.62433837,23.11963096,16.05784624,11.91460935,28.05481762,8.11603997
ORC1,23.68477152,40.53053139,48.78745757,227.6868061,15.70455066,42.26892867,30.47049066,50.27542876
OSM,2.05303015,2.307902038,3.823397028,174.9812675,188.2377246,4.071675747,2.05303015,3.540709893
P2RX1,161.7246112,168.4091537,180.7978777,271.5267575,1169.401245,686.8592062,36.61226829,198.6785267
P2RX5,9725.14216,670.8311858,784.9884834,1000.566091,35.46460502,175.5409499,2524.75311,33.05027296
P2RY10,436.5800269,340.8834245,319.1050423,444.4895724,350.0244998,20.95780349,408.3799473,11.36968834
P2RY13,9.195676707,7.357242825,7.470609935,90.74312302,4885.264485,2786.279688,8.020483187,120.6493256
P2RY14,1638.857158,63.19960659,154.8611784,429.8731949,1604.23718,51.7107481,30.69853755,7.681017154
P2RY2,11.65755142,11.66918119,14.97257129,26.74937945,20.46490608,172.1808803,9.903062667,86.58027686
PADI4,10.86384541,22.06014827,54.8131472,144.155456,834.1791302,765.8740271,16.99336407,15.82068937
PAQR5,23.55278029,25.79852882,14.17914437,29.62154241,21.35009578,14.23047428,15.54095466,301.5136307
PASK,513.8685117,1036.993881,1441.389436,450.9633722,260.1254538,146.7089795,674.8353905,114.1939024
PAX7,67.60022415,25.73025482,23.31147251,35.90542154,43.89458066,38.03678229,281.5200465,20.55062936
PBXIP1,399.906182,1070.73357,1520.324793,722.9467073,980.0231145,253.4748335,803.5855937,80.09674175
PCDHA5,5.122171371,25.92410763,15.43591938,21.60193522,12.67803161,10.28963858,11.42909979,10.55544651
PDCD1,103.8732743,130.6987203,153.8622347,250.9832063,277.5988266,153.2622842,105.4403669,114.2409952
PDCD1LG2,17.24705732,15.10593558,12.8049967,34.93141873,22.62515879,14.01790012,12.20918656,55.0450855
PDE6C,0.972464723,21.41944377,1.934003663,17.28657687,2.18143109,4.556478651,1.479085222,3.190692616
PDK1,32.80967907,518.4525497,231.2949243,70.88838768,43.65251141,25.63097887,1399.416902,126.8741645
PGLYRP1,18.90822468,9.789026033,9.957040446,129.7016334,1587.726613,13.97992365,20.11347878,13.38044445
PIK3IP1,2462.087898,5090.528151,5245.606657,1525.679835,545.6500777,647.7544918,728.3720212,249.271088
PKD2L2,9.70690203,52.06339581,18.90534167,18.90289291,62.5622821,13.39656756,24.81718933,9.864099442
PLA1A,35.62073897,16.45891984,16.1139255,37.98814872,26.03523647,59.35576681,15.15649598,26.2500019
PLA2G7,100.7324553,12.76669965,24.31875779,123.4050273,59.09237491,1290.202807,69.94065389,10066.60469
PLCH2,31.91347153,169.1927281,26.92691404,284.4701236,101.4466056,47.06577352,32.27097928,31.4082709
PLEKHF1,39.92144865,341.0076265,884.5112502,2496.040281,50.11176168,45.53332862,301.5187063,292.5202514
PLEKHG3,11.39071505,76.73435744,293.5247521,1173.282573,1603.250854,417.6498993,11.07886417,137.0428414
PMCH,12.39999002,12.96669349,7.056096164,17.81741149,13.42857679,9.49164333,16.56020185,8.822055734
PNOC,4198.527432,64.69325183,88.67789621,143.5040089,269.3613294,230.8474814,3031.838783,93.57509016
PPBP,112.7304414,65.62156196,61.67249965,55.40107964,564.5799005,80.46672814,166.6443042,3754.147483
PPFIBP1,68.77420162,45.86348711,40.76620059,31.45129023,12.05579356,24.45704984,17.04707726,36.42488944
PRF1,201.9573668,847.8104385,8182.518825,53329.12144,422.6697907,142.7487889,213.4124783,88.71604457
PRG2,98.84281244,107.0290453,126.6467707,153.5315239,59.65270386,117.086355,157.5298559,103.3752118
PRR5L,114.4648121,88.78052856,302.0175264,2187.349338,183.3709267,109.1297143,14.28013525,36.07946691
PSG2,1541.92252,109.5312437,157.1462452,284.5840379,553.4992818,170.0696655,423.0944463,156.9681652
PTGDR,84.74897834,59.43850829,549.7297474,3672.454415,79.20265559,36.25887091,34.61104034,25.25504861
PTGER2,47.37880726,258.841965,2260.804067,8753.128587,183.6977894,1154.310555,21.50099156,619.1628375
PTGIR,32.06615205,233.2462403,46.51032228,61.93017017,47.10622736,482.8617503,30.36307028,37.79124289
PTPRCAP,4113.169696,1887.920817,4378.93295,6908.330941,40.98388057,35.76573661,905.8167534,26.30209546
PTPRG,106.5825021,4.273621867,3.798829584,13.98945116,109.6278029,6.373268195,84.32615296,9.600273699
PVRIG,874.708657,2515.245009,3978.913368,8558.465492,357.6545327,99.88281165,303.2499758,68.65638518
QPCT,15.58990295,3.411622987,24.03521349,117.9175431,3236.166445,1499.926054,2273.276543,2646.756425
RAB27B,7.831610308,23.27195892,25.25617138,173.3761829,8.590150366,6.931516995,11.65755142,6.062575043
RALGPS2,1597.105013,40.25707294,57.02675161,87.10486503,109.4299419,44.85995177,112.819143,27.2457713
RASA3,10.56154776,156.4816454,270.9813064,278.1215979,19.42649153,93.34350756,13.14017301,21.36443032
RASGRP2,5911.213148,4016.523813,2427.952654,1620.300143,1260.173261,759.9791832,68.81156687,41.20902217
RASGRP3,458.3600431,28.79489939,16.2266408,34.58916368,15.89265608,11.43917669,3254.10232,735.0103013
RASSF4,22.67712362,29.25535072,22.98193781,374.723723,33.77387846,672.1035142,15.11794931,591.6261482
RCAN3,46.66611859,219.6437293,155.029818,32.24730046,5.269930927,41.68337282,41.29948278,54.98818208
REN,63.75570668,76.81339366,30.74953796,52.57530702,43.29342529,31.44891199,391.9641115,30.59695762
RENBP,53.60553688,37.11302941,45.59103269,54.78387782,77.08759041,215.0882638,23.15489547,433.0934113
REPS2,40.36292074,12.08950821,13.88756297,37.72389772,1345.638366,153.2877211,23.92087663,14.49580783
RGS1,180.1991847,215.6731441,646.7216655,402.5521565,111.3503483,64.44174947,742.0017818,147.1485549
RGS13,71.26574474,11.20330491,26.92097022,66.21493682,19.83442204,18.73599553,269.9126854,9.041316875
RNASE2,186.4718703,156.1334939,216.8731189,893.1299105,672.1905923,3614.28076,350.7677573,144.2292522
RNASE6,1799.683549,28.13135229,17.05134667,98.95558368,2002.128163,4038.448716,2281.114952,2527.65046
RPL10L,36.038732,328.0740952,321.3503467,190.2050574,13.6945175,95.70491339,311.314882,57.31550918
RPL3P7,76.85048537,4477.729529,1290.949662,311.7797236,142.5383492,109.4607889,1151.460639,25.67577369
RRP12,12.81515335,10.26293695,10.83222373,96.04193089,274.0937737,288.3451691,546.1354514,98.84973377
RRP9,9.544532505,116.4244851,92.36151715,239.894488,9.945088387,36.13230183,17.54854083,164.9509697
RSAD2,215.2283477,230.6806713,164.1021811,967.1518136,713.3593658,334.986335,215.5173489,78.8723585
RYR1,108.5578105,13.31038127,134.6786684,114.8457698,199.9238732,128.5919034,61.53204161,205.7970663
S100A12,190.663133,122.0464109,103.0892269,1308.835246,8781.768452,11149.65069,206.614297,143.0161359
S1PR5,7.997120003,8.45170015,41.04900098,763.3556373,9.352910216,6.788452669,7.65617701,9.800628668
SAMSN1,197.0884279,609.2761383,794.816235,4143.168141,1654.100485,1412.29406,574.9216874,645.6886884
SCN9A,7.11928632,20.4393522,5.599396915,21.83994851,15.23819177,6.128985193,8.439383107,6.720861612
SEC31B,64.80136266,539.2656032,423.4721951,279.2937911,40.56722012,136.5478618,101.2389769,33.18258928
SELL,11102.0298,9805.46284,7418.862396,7332.154067,13724.93946,7242.740165,376.9049927,103.9204555
SEPT5,10.89927471,56.7692406,13.1121548,41.90614421,25.73609401,16.50408571,52.73721382,14.40167057
SEPT8,27.7175438,35.00087493,31.02782537,94.25995299,21.77777366,15.62108755,37.65356333,27.18926965
SERGEF,15.69138202,264.2358173,63.60787074,105.7584588,16.74391215,20.42165917,11.09025115,24.06055832
SH2D1A,30.86641388,910.0374967,1249.210018,2140.710508,41.8750989,18.41801556,17.02062149,17.33796088
SIGLEC1,258.3004281,55.54431252,81.50052589,187.621726,245.9321054,279.3221994,98.52007343,116.4299735
SIK1,5471.704926,494.4265452,1219.200313,705.9477446,401.5465651,544.8091055,7279.249666,146.1531348
SIRPG,74.41451203,1078.535981,1310.139566,156.2297295,125.1446974,54.8626275,55.74523407,31.73696814
SIT1,759.1593175,1418.51616,1457.873439,222.8835089,286.5258188,99.63796028,424.4791722,121.9743848
SKA1,4.914356682,15.89364427,2.220631652,58.54785082,2.093797389,3.198489691,3.236183763,4.375489179
SKAP1,1378.742233,2670.874802,2273.257742,3550.818735,388.8474803,155.1060459,875.1463025,188.0291943
SLAMF1,762.0351121,449.8358705,496.4217166,229.7441002,260.858135,111.9089299,1019.767442,131.7093126
SLAMF8,156.6501475,72.69074036,107.6408152,265.5999031,120.6524521,166.4059352,79.43023238,2483.002598
SLC12A1,89.4899425,13.59723596,10.77936011,7.506480732,8.293088602,3.335133412,9.107287855,3.699265138
SLC12A8,7.225818568,11.19206299,14.91996119,28.21376625,13.16312363,11.98809147,52.06339581,466.0589582
SLC15A3,9.050871942,27.12597858,18.5710453,20.24412934,1431.042545,1682.54452,10.26293695,4564.069594
SLC2A6,112.56368,8.055918939,43.07557759,196.2029272,12.17469756,623.8936693,42.90224117,328.7462744
SLC7A10,66.78073716,19.66949919,33.20097043,56.21886734,50.97452513,34.30894984,110.6318514,52.92098872
SLCO5A1,118.7296898,55.91267865,30.06870751,122.6861866,131.4344977,40.69340961,82.29386042,42.48673066
SMPD3,70.72102235,148.9719357,70.12682543,244.2572524,246.5509419,35.63627466,328.7366695,44.17497653
SMPDL3B,2.724372492,5.877194227,3.73037929,8.771006018,6.39158455,4.661740608,6.771782908,4.125782205
SOCS1,27.14793524,64.4438491,160.8027185,1279.904449,31.69383195,20.71591309,16.85549775,82.36571476
SP140,881.125548,367.6750359,422.1251624,797.020008,218.1702966,107.9949811,1001.792706,76.35053504
SPAG4,16.39614273,79.5891519,60.34817877,59.18791066,22.84191822,16.94563165,3657.844908,34.0400967
SPIB,3945.300733,111.2439257,67.02484651,185.1800783,272.8204886,116.3915428,128.9672433,57.81514413
SPOCK2,1531.023729,2040.442671,3283.92381,1646.115837,594.0103963,263.011432,433.012581,175.9842183
SSX1,1.658857567,40.80982734,7.384988622,3.640455364,14.77955057,5.167103334,3.286119074,9.739377312
ST3GAL6,66.60162565,12.96669349,7.158395479,45.49709596,466.5209967,357.9772296,66.14136755,524.564052
ST6GALNAC4,264.3270269,297.0293513,408.1100167,467.305722,181.6890388,195.8463286,2093.524176,688.7351586
ST8SIA1,50.56172691,9.129359328,75.93922657,20.82507817,15.88264599,8.218778885,9.741848192,5.382915835
STAP1,3534.504408,432.5194514,112.0597302,735.3511555,48.56097434,21.15804952,983.2371048,25.9443561
STEAP4,4.42067119,10.49185361,4.832288844,26.02807297,800.5703388,111.873397,7.819769102,5.310285765
STXBP6,16.73521702,18.76887513,16.13910899,22.56628249,14.80593608,12.89610083,32.06615205,12.90257104
TARDBPP1,42.03948876,56.90002211,20.13104889,44.67285538,62.01117545,9.112054424,11.19206299,40.62396736
TBX21,504.1990666,162.9916872,1658.322072,7520.866945,542.1588248,273.2767975,450.3185771,315.8607585
TCF7,32.1556293,5181.114553,3170.404097,566.7116999,55.11585006,18.65570294,24.80221189,24.98661146
TCL1A,12117.94539,133.6927662,106.739179,183.2914637,261.7385971,161.4604075,493.5179123,108.830925
TEC,11.26237461,8.992612544,11.99089142,36.68144898,12.87726499,16.29861436,9.61033962,19.98621302
TEP1,13.00060521,13.17735831,98.35605225,272.9691694,11.99606546,16.10571842,6.805956619,8.991936007
TGM5,60.12655552,41.46606342,47.8969765,117.5302175,82.75554452,64.53380501,785.5941764,55.85317965
TLR2,81.54272739,135.7286165,120.5282543,278.5504156,5374.798483,4560.185304,115.9850691,793.699493
TLR7,49.81426014,58.36525286,7.997221294,42.68275623,20.0870008,570.6516022,37.62419139,34.35052469
TLR8,7.582193721,5.570829264,5.70074897,11.93284396,1719.870237,1522.070253,19.45168576,646.6061428
TMEM156,574.4981382,114.8275013,168.0820865,280.8422517,51.44861036,23.45170307,771.380008,26.25281018
TMEM255A,64.48080982,5.079112797,38.72072177,79.55853303,37.11078102,66.84987758,47.15884594,354.6259629
TNFAIP6,267.9179363,36.71555117,81.29435266,269.5925874,3460.952883,233.4391136,141.1803804,347.1638911
TNFRSF10C,44.84631996,25.78013421,27.03922751,57.64271512,3919.76984,237.9058901,27.82084,48.17879865
TNFRSF11A,50.02783296,6.818438323,9.855680429,154.6881147,67.7636041,17.83610862,28.03580356,37.89907656
TNFRSF13B,502.6927279,307.6962383,181.9551888,394.5733583,342.7765361,188.0078881,1292.53498,158.639318
TNFRSF17,22.5997525,4.347662735,13.81523144,21.4200807,9.35211403,10.1098504,7744.01596,10.59143865
TNFRSF4,15.01956589,22.20688826,18.71047795,893.5971967,28.18616394,17.76981387,142.8319114,20.73872674
TNFSF14,10.0823446,28.21199417,92.31649554,2412.918886,614.120037,35.07227527,9.555358782,936.6552461
TNIP3,14.12983303,64.72785062,70.50041584,30.12697813,15.74452103,14.52350675,12.33024148,241.1663751
TPSAB1,1102.29779,43.36581215,376.0368021,776.9607585,1033.132677,543.6290931,151.7313169,358.1005731
TRAC,572.5113556,14057.43026,13721.45552,1321.738371,790.0055576,208.9784165,215.8269579,252.2397003
TRAF4,194.7986362,35.38777983,27.41737791,125.1562348,48.24388624,28.30245079,103.831718,30.40539832
TRAT1,13.5847049,2327.160635,816.7413233,66.57193793,10.38229418,6.845897848,17.40314684,13.33976249
TRAV12-2,13.14017301,99.38436963,225.3780296,20.8652819,15.47264026,10.63253287,9.555358782,10.29206918
TRAV13-1,88.73958185,537.6097159,463.1984082,70.76692439,74.99855252,29.72104173,40.55965894,23.48775343
TRAV13-2,72.69074036,411.162234,369.2792078,99.99794362,88.04801861,56.85541485,68.66194527,51.02429694
TRAV21,119.891114,417.5047308,439.3576224,102.5128875,88.25003141,51.31601583,125.1327277,42.96072752
TRAV8-6,24.5564624,317.7910043,244.1129158,33.70508214,65.39316048,34.39428346,18.81035485,25.30927131
TRAV9-2,60.43870697,498.4569511,220.3744213,78.26312983,130.9175576,47.77691068,39.20610994,27.28669595
TRBC1,575.8478308,12460.73946,8923.922332,7333.099274,181.0122765,78.94320693,525.0492335,56.8335872
TRDC,88.17850315,282.0101621,3014.575466,22179.22046,162.1231973,61.01801703,101.0670278,30.12404697
TREM1,415.2301184,116.8363113,102.2864477,175.6148966,8433.289331,1775.188919,211.1048289,603.8863807
TREM2,17.00788201,14.88173325,16.18514962,28.49016607,24.6518745,24.23855513,19.32045331,2158.627387
TREML2,70.53816317,50.87816452,23.09902116,178.3473887,1082.741035,40.72889444,42.35560264,27.33242059
TRIB2,1848.219528,2278.453629,1138.062023,2357.298136,155.8993479,123.0323791,262.8037637,152.1388719
TRPM4,7.691250656,17.98120025,7.796755019,15.14620865,10.22097545,18.36114786,63.7178043,14.40413982
TRPM6,45.92245257,16.86720259,25.76719358,53.10366974,220.431397,35.69642216,64.55045854,27.7197468
TSHR,19.81562324,11.34522644,11.64652927,32.91247002,18.38429613,14.29339998,95.35040447,15.60070061
TTC38,24.85041048,118.0039289,374.209498,3556.605408,47.0570675,105.6462644,39.64729475,91.99909893
TXK,309.7698509,1384.385645,676.0594416,3580.095121,173.9732072,62.96991111,85.82317784,64.00962037
TYR,15.49172903,44.38209766,10.627147,123.1772016,150.834091,14.06800259,15.0813304,36.31423107
UBASH3A,10.12600478,2177.794994,876.3804334,14.57166059,10.09959562,6.105136566,8.087608443,4.993003471
UGT1A8,680.5299008,98.52007343,82.13823081,163.4521495,336.4203983,91.50678971,163.9010445,96.13395165
UGT2B17,29.46022982,5.049784849,3.976053906,11.22575112,8.791555748,7.244351309,309.8818349,6.408970503
UPK3A,15.1818271,13.15225266,10.97861145,20.84522939,18.54314925,215.8718015,17.258479,12.12418525
VILL,29.52223049,693.1658136,434.2235247,255.3807382,20.88408586,97.78124023,53.86489096,43.06693373
VNN1,22.95842907,29.07388553,12.26655159,89.66739765,894.8557203,1024.700138,16.71107549,924.7365315
VNN2,64.9845649,574.7325605,445.4839483,734.7467489,18515.3558,3300.115435,51.04583679,462.8123954
VNN3,30.92999926,58.33320422,13.07856517,66.61516271,2232.466996,187.5997533,10.57301826,28.65180995
VPREB3,3778.568055,38.11603592,89.69557529,241.0153166,157.9569892,136.159858,404.2572521,88.97247865
WNT5B,11.75096777,6.818438323,10.61879975,15.88761899,15.95349649,15.97840064,48.95771465,11.93775629
WNT7A,12.86019319,230.7618491,101.4088521,24.89030357,21.34233197,56.25300857,20.33283198,20.27568968
ZAP70,13.7050941,4287.536344,3230.539852,6553.94962,70.04945364,38.05970681,13.36812571,18.46666377
ZBP1,35.84871042,184.7781077,149.2911945,626.9897987,269.6190106,24.54237397,450.6459844,14.89516342
ZBTB10,152.6895498,109.5758377,99.88073058,228.9740873,20.31580867,62.01375558,95.56043531,65.65921306
ZBTB32,9.857216379,29.13250856,27.83511,28.73469305,12.27627866,10.52648555,12.93200847,10.28530289
ZFP36L2,923.602815,357.0079722,3227.833526,1178.119507,517.338976,1341.516598,485.6449165,297.4815667
ZNF135,94.28786122,96.20392388,64.5605419,230.1489914,1.926397343,3.860059178,11.40281159,8.519318271
ZNF165,6.421545431,33.67116463,3.190692616,11.92071445,5.357879252,2.66873461,74.30319945,2.372973625
ZNF204P,77.87689746,400.6631845,151.9597341,69.98787844,27.48554596,29.90974572,41.07506248,26.84363388
ZNF222,9.800664188,56.64251081,71.91125741,184.0871119,26.82559709,19.8606097,11.69136762,70.82485981
ZNF286A,737.8599039,5.598819437,218.2270364,424.7075885,441.3134689,11.04393742,73.88202193,13.50584518
ZNF324,28.21199417,348.190389,32.01125825,87.84342095,35.42469786,28.71444884,21.1733262,26.20331776
ZNF442,19.71319664,8.980486469,32.11029942,62.72251551,20.15752219,12.30022875,19.39158332,31.35256239
