"","aDC","Adipocytes","Astrocytes","B-cells","Basophils","CD4+ memory T-cells","CD4+ naive T-cells","CD4+ T-cells","CD4+ Tcm","CD4+ Tem","CD8+ naive T-cells","CD8+ T-cells","CD8+ Tcm","CD8+ Tem","cDC","Chondrocytes","Class-switched memory B-cells","CLP","CMP","DC","Endothelial cells","Eosinophils","Epithelial cells","Erythrocytes","Fibroblasts","GMP","Hepatocytes","HSC","iDC","Keratinocytes","ly Endothelial cells","Macrophages","Macrophages M1","Macrophages M2","Mast cells","Megakaryocytes","Melanocytes","Memory B-cells","MEP","Mesangial cells","Monocytes","MPP","MSC","mv Endothelial cells","Myocytes","naive B-cells","Neurons","Neutrophils","NK cells","NKT","Osteoblast","pDC","Pericytes","Plasma cells","Platelets","Preadipocytes","pro B-cells","Sebocytes","Skeletal muscle","Smooth muscle","Tgd cells","Th1 cells","Th2 cells","Tregs"
"aDC",1,0.40757182087526,0,0.039818748469309,5.61935926433151e-05,0,0,0,0,0,0,0,0,0,0,0,0,0,0,0,3.64054391869205e-05,0.036054887909299,0,0,0,0,0.0507053541009655,0.0178302563800778,0.5,0,0,0.5,0,0,0.0207522171917164,0,0.0010638918650909,0,0,0,0.5,0.000624722749967852,0.0115863359590978,0,0,0,0,0.0250967201283462,0,0.120888584678324,0,0,0,0,0,0,0,0,0.0308606561461019,0.0477209982074477,0,0,0,0
"Adipocytes",0,1,0,0,0,0,0,0,0,0,0,6.16974648872469e-06,0,0,0,0.00673785893520203,0,0,0,4.46747090376997e-07,0,0.000108412781760414,1.39985200566272e-07,0,0.00222329132027868,0,0.192902593327848,0,0,0,0,2.35340337655844e-08,0,0,8.34154857486667e-06,0,0.0119608460717208,0,0,0,6.60618085458574e-06,0,0.0375449336994101,0,0,0,0,0.00090744239448164,0,0.0212851929449293,0,0,0,0,0,0,0,0,0.0351138029290022,0.003130789853201,0,0,0,0
"Astrocytes",0,0.299942579092587,1,0,0,0,0,0,0,0,0,0,0,0,0,0.401352747040237,0,0,0,0.0006687708686213,0.101972712093601,7.57527550081751e-08,0.0439287095944019,0,0.473993564727227,0,0.000759329400969075,0.00055087919168111,0,0,0,0.00234512967917887,0,0,0,0,0.0614130430131179,0,0,0,0,0.000265847817223871,0.5,0,0,0,0,0.000245478869801165,0,0.129583140924845,0,0,0,0,0.0877985857803885,0,0,0,0.242412216173554,0.427225905227729,0,0,0,0
"B-cells",0,0,0,1,0.0427195903532895,0,0,0.0397574876348258,0,0,0,0.0329214669804413,0,0,0,0.000766016067093079,0,0,0,0.0149711930159697,0.000723768758116115,0.0283024691991796,0,0,0,0,0,0.348529308060052,0,0,0,0.0281061444674894,0,0,0.0222527222966145,0,0.00434156552494913,0,0,0,0.0161152054985255,0.255920056932465,0,0,0,0,0,0.0245249085464908,0.0267837658390847,0.00142297171784575,0,0,0,0,0.0740217677360058,0,0,0,0.00232467787136713,0,0,0,0,0
"Basophils",0,0.0921809114796967,0,0.160161812996536,1,0,0,0.0249778642768161,0,0,0,0.204887473919052,0,0,0,0,0,0,0,0.00767307043106781,0.000926279695340116,0.423710415127416,0,0,0,0,0.189398285624925,0.238676504635383,0,0,0,0.017489332960864,0,0,0.342812641596866,0,0.0340325276502236,0,0,0,0.5,0.128786485015058,0,0,0,0,0,0.5,0.438764489274842,0.282040301685644,0,0,0,0,0.0760711758391347,0,0,0,0.0563397534280321,0,0,0,0,0
"CD4+ memory T-cells",0,4.25197381050457e-05,0,0.0267418673168211,0.171327711101059,1,0,0,0,0,0,0.421802176254258,0,0,0,0,0,0,0,0.00748399712699827,4.55136351766786e-05,0.0419909877114615,0,0,0,0,0,0.0790153819074385,0,0,0,0.0032681251481359,0,0,0.00119780530169986,0,0.000167240352036894,0,0,0,0.00843842761914649,0.010235350746539,0,0,0,0,0,0.0131859788182668,0.196725956594449,0.0980471568407499,0,0,0,0,0.1172855082344,0,0,0,0,0,0,0,0,0
"CD4+ naive T-cells",0,1.28550910091567e-06,0,0.0995210867688439,0.245223567365723,0,1,0,0.440893431841464,0.271993480893623,0,0.5,0,0,0,7.59880980775028e-06,0,0,0,0.0252227681369348,0.000593682031063606,0.0515364683284858,0,0,0,0,0,0.100100227818459,0,0,0,0.00387167205698609,0,0,0.0223737787544058,0,0.00190492931326537,0,0,0,0.0453636973571184,0.026124928167666,0,0,0,0,0,0.017330844438588,0.321766090119502,0.0616228094201589,0,0,0,0,0.0899969621709191,0,0,0,0,0,0.175227320220491,0.0595567740024339,0.0600943721751187,0.5
"CD4+ T-cells",0,0.000766481321721867,0,0.129993206070304,0.362032990438581,0,0,1,0,0,0,0.5,0,0,0,0,0,0,0,0.0277048985159654,0.000549199466249925,0.130528049642279,0,0,0,0,0,0.143802364413669,0,0,0,0.00728727058122029,0,0,0.027935048612094,0,0.00119149332786126,0,0,0,0.0517983004169379,0.0161379522263206,0,0,0,0,0,0.0528770982242365,0.479894702603791,0.245772376608532,0,0,0,0,0.301006562708857,0,0,0,0.00264702103572282,0,0,0,0,0
"CD4+ Tcm",0,0.00145416082702032,0,0.0559732647091376,0.181242283590015,0,0.5,0,1,0.5,0,0.5,0,0,0,0,0,0,0,0.0348652361906649,0.00114398815632121,0.048508439684764,0,0,0,0,0,0.0913795324292733,0,0,0,0.00303246923556606,0,0,0.13509877390613,0,0.00514647697157723,0,0,0,0.0515777384744156,0.0330823084179897,0,0,0,0,0,0.00285748941490708,0.27568925311578,0.21195662605687,0,0,0,0,0.237446875777785,0,0,0,0.0164822002182825,0,0.460632682771026,0.177475524827483,0.20274259212143,0.5
"CD4+ Tem",0,0.00813471801049367,0,0.494564660859977,0.5,0,0.5,0,0.5,1,0,0.5,0,0,0,0,0,0,0,0.13178628248204,0.000583488980045958,0.204170244657426,0,0,0,0,0,0.272013743965277,0,0,0,0.0500917927210103,0,0,0.115499820778006,0,0.00776080372792024,0,0,0,0.139158745232049,0.093607885652617,0,0,0,0,0,0.0752023169282563,0.450150527641765,0.193655893268115,0,0,0,0,0.199342908650499,0,0,0,0.00635882878764657,0,0.5,0.170044197048753,0.210657128161155,0.5
"CD8+ naive T-cells",0,2.36766868809473e-05,0,0.0119894258712211,0.0158382692757161,0,0,0.0381640984422796,0,0,1,0,0.0693975079367134,0.0672183386636738,0,0,0,0,0,0,5.91908760643711e-06,0.00474136987141194,0.000677994296041308,0,0,0,0,0.00680437710324746,0,0,0,0,0,0,0.0105034206191491,0,0,0,0,0,0.00172523024613535,0.00311889328130754,0,0,0,0,0,0.00124218503044826,0.0381224324610805,0.0561683854141973,0,0,0,0,0.0611937991673644,0,0,0,0.0159861379863665,7.09273576166939e-06,0,0,0,0
"CD8+ T-cells",0,0.00366438357943251,0,0.0840497843784647,0.205340500774565,0,0,0.324314635154987,0,0,0,1,0,0,0,1.53612714883116e-05,0,0,0,0.00678319433794072,0.000496430803151046,0.0313642844589741,0,0,0,0,0.00143822342860978,0.0656541693217297,0,0,0,0.00456987760696548,0,0,0.00311570244661374,0,0.00609516333321419,0,0,0,0.0342309601507434,0.012440063732343,0,0,0,0,0,0.00965072736513507,0.367087473482459,0.147632413311912,0,0,0,0,0.254545968601869,0,0,0,0.0176875803070495,0,0,0,0,0
"CD8+ Tcm",0,0.00208463418045838,0,0.0634092942930881,0.274840016007035,0,0,0.292224104593578,0,0,0.5,0,1,0.5,0,0.000196193831732554,0,0,0,0.0120052791661565,9.61599452543101e-05,0.0795208562240005,0,0,0,0,0.00111160308857997,0.0692148802354137,0,0,0,0.0110799091490018,0,0,0.010082832269007,0,0.00543232276837895,0,0,0,0.0273555982136668,0.0215913702717407,0,0,0,0,0,0.0226463238258458,0.347316614924512,0.242012693253612,0,0,0,0,0.317654723532219,0,0,0,0,0,0,0,0,0
"CD8+ Tem",0,0.00131105329691549,0,0.0389923427860107,0.490898239771414,0,0,0.219796947643598,0,0,0.5,0,0.5,1,0,0,0,0,0,0.0015343778702721,0.00025300709570876,0.0825612122076214,0,0,0,0,0.0141383365639489,0.0832646270503613,0,0,0,0.0018499284836103,0,0,0.0381121900580337,0,0.00355300903917435,0,0,0,0.051628683068445,0.00430430787604274,0,0,0,0,0,0.011434930646238,0.5,0.313047642203608,0,0,0,0,0.37465219260979,0,0,0,0.0030605638859837,0,0,0,0,0
"cDC",0,0.0349877728974518,0,0.0464312792942042,0.0704404802679587,0,0,0.00838568201297088,0,0,0,0.0145115216014484,0,0,1,0.000359825912486273,0,0,0,0,0.00266295772415847,0.0698323317019955,0,0,6.80965243059578e-05,0,0.00749913198993754,0.00673646728169287,0,0,0,0.5,0,0,0.0307041518225944,0,0,0,0,0,0.313387266647885,0.0130973804789395,0,0,0,0,0,0.0587074409632522,0.0134363349345131,0,0,0.0610954692344126,0,0,0.20328341916727,0,0,0,0,0,0,0,0,0
"Chondrocytes",0,0.257111800409779,0.0417284371104982,0,0,0,0,1.13528213387144e-06,0,0,0,0,0,0,0,1,0,0,0,0.00038377155966865,0.00135586639037353,0,0.00150356439593023,0,0.191628520854831,0,0.00784654453889938,0.00113761897174298,0,0,0,2.16832003013152e-05,0,0,0.0121340156971133,0,0.0238289570860806,0,0,0,0,0.000125748036694576,0.235349956329217,0,0,0,0,0,0,0.0242376300160852,0,0,0,0,0.00407655317498569,0,0,0,0.0625840105016452,0.126272539088898,0,0,0,0
"Class-switched memory B-cells",0,0,0,0,0.0732971265825736,0,0,0.0791041435632067,0,0,0,0.0587517370649957,0,0,0,0.000601971707505677,1,0,0,0.030922890481292,0.00135385220105397,0.0889995521742535,0,0,0,0,0,0.112381085836558,0,0,0,0.0152049217129657,0,0,0.00227686554209094,0,0.00721893933704642,0.5,0,0,0.0235028342655395,0.0560279685468803,0,0,0,0.5,0,0.0367334649522522,0.0306768559402924,0.0138037744937353,0,0,0,0.245469179031534,0.0971640799406025,0,0.0998811965022512,0,0.00661536993593408,0,0,0,0,0
"CLP",0,0,0.000204540925386441,0,0,0,0,0.00166067529335579,0,0,0,5.53470717796172e-06,0,0,0,0,0,1,0.00932766758840247,0,0.000540121019340746,0,0.000654907817243487,0.013019330253074,0.00247737050892005,0.18880737531991,0,0,0,0,0,2.91006249177027e-05,0,0,0,0.000267413746698043,0,0,0.0609101497734166,0,0,0.133505257875977,0,0,0,0,0,0,0.00440040510756598,0,0,0,0,0,0,0,0,0,0,5.14404665549169e-05,0,0,0,0
"CMP",0,0.000276158906525432,0,0.000123184976854693,0.0524678827455842,0,0,0,0,0,0,0.0557523084010008,0,0,0,5.80130214782734e-07,0,0.139020573036004,1,0.00217958102780813,0.000337012540386589,0.117750911498459,0,0.143610277333778,1.29921039342787e-05,0.40627983786346,0,0,0,0,0,0.00118305305884024,0,0,0.117767871022734,0.000501863908259305,0,0,0.15563807190053,0,0.0307876750928746,0.25197567269229,8.27734062293121e-05,0,0,0,0,0.065492961922706,0,0.00813985751418357,0,0,0,0,0.0125607670855615,0,0,0,2.7390703629764e-05,0,0,0,0,0
"DC",0,0.0307495050268814,0,0.00254367495123036,0,0,0,8.85589028349334e-08,0,0,0,9.28391899276472e-05,0,0,0,5.66585743711051e-06,0,0,0,1,0.000105528360069555,0.0106423223296777,0,0,7.65083906462799e-10,0,0.00107101562571533,5.54178317772912e-05,0,0,0,0.155297497659977,0,0,0.000736172930204869,0,9.61308800431311e-05,0,0,0,0.020826443117654,4.0853230821346e-07,0.0047880257423413,0,0,0,0,0.00283133437508597,0,0.0101305451334105,0,0,0,0,0.025244385441837,0,0,0,0.000437235700690133,0.000192657324597552,0,0,0,0
"Endothelial cells",0,0.0358223966857648,0,0,0,0,0,1.7156588531837e-06,0,0,0,0,0,0,0,0,0,0,0,0.000916711191408513,1,0.000365306474443261,0.0300827267865968,0,0.00777621556319798,0,0.0300780473336013,0,0,0,0,0.0059121319349597,0,0,0.0168230511939091,0,0.0697563997963049,0,0,0,0.00168958462990234,2.81235896797726e-05,0.0225480590073395,0,0,0,0,0.00128224482205242,0,0.013041267057721,0,0,0,0,0.0558301691076053,0,0,0,0.00257243654962778,0.00934467895156882,0,0,0,0
"Eosinophils",0,0.000427847075023958,0,0.000140688461311489,0.136113108390484,0,0,0.00040763599924945,0,0,0,0.0150655261535068,0,0,0,0,0,0,0,0.0312858615990339,0.000397842044678302,1,7.5287965062182e-05,0,0,0,0,0.0131153875339503,0,0,0,0.00116515509037469,0,0,0.0836745823171939,0,0.000638045442209068,0,0,0,0.120379529219386,0.00510300827050807,0,0,0,0,0,0.384674373814868,0.00132776529151831,0.0924936412475096,0,0,0,0,0.0630963743752359,0,0,0,5.68179319105574e-05,0,0,0,0,0
"Epithelial cells",0,0.00383322606045187,0,0,0.058190173728298,0,0,0.0001466218898401,0,0,0,0.00194087360769118,0,0,0,0.00151431872454373,0,0,0,0.00244171241318357,0.00470841585845436,0.0112887823797643,1,0,0.00338902994740399,0,0.0374500239087287,0,0,0,0,0.00441801176927337,0,0,0.00422516204520694,0,0.00887965148087933,0,0,0,0.0179143613945646,0,0,0,0,0,0,0.0213362398952919,0,0,0,0,0,0,0.00440816540710471,0,0,0,0.000587044330874664,0,0,0,0,0
"Erythrocytes",0,0,0,0.000115937499183812,2.41707187480815e-05,0,0,0,0,0,0,0,0,0,0,0,0,0.000495369581713159,0.00122496079336678,0,7.42114184060421e-06,0.00012279756437985,0,1,0,2.05164746658778e-05,2.53049016586061e-05,0,0,0,0,6.46360479491038e-10,0,0,2.04455153960799e-06,0.0373417289756753,1.71413809446871e-06,0,0.00935056894300439,0,0.00396487125656547,0.00158405263031989,0,0,0,0,0,0.00018858573412364,0,0,0,0,0,0,0.0121553076492289,0,0,0,0.000472565923047397,0,0,0,0,0
"Fibroblasts",0,0.5,0.119726674710097,0,0,0,0,0,0,0,0,0,0,0,0,0.5,0,0,0,0.01300451986033,0.054698255322836,0,0.057244432760622,0,1,0,0.0679023200107604,0.020512691539003,0,0,0,0.0133099684945593,0,0,0.000590030086444252,0,0.147906662724551,0,0,0,0,0.00305421593159182,0.5,0,0,0,0,0,0,0,0,0,0,0,0,0,0,0,0.221836798027695,0.5,0,0,0,0
"GMP",0,0.00106661854153309,0,0.0129823988173789,0.449661035637185,0,0,9.06428918228407e-05,0,0,0,0.0695797243521222,0,0,0,0,0,0.5,0.5,0.0465630410806637,0.00106593671508803,0.323617100937219,0,0.5,0,1,0.0012331842802633,0,0,0,0,0.00844811236427512,0,0,0.138191824805444,0.0208226739032797,0,0,0.5,0,0.179996884933176,0.5,0,0,0,0,0,0.326270543224657,0.00392867140422292,0,0,0,0,0,0.139988787066821,0,0,0,0.00020633111062122,0,0,0,0,0
"Hepatocytes",0,0.00227552649481519,0,1.51937740142679e-07,0,0,0,2.42138137114736e-09,0,0,0,0,0,0,0,9.41396493454551e-06,0,0,0,3.22279168827406e-05,0,0.000306904171872809,0.0001592969211017,0,3.55396570522851e-05,0,1,1.12834380096549e-05,0,0,0,8.48212453491551e-05,0,0,0,0,0,0,0,0,1.43028481742133e-05,1.73239193152174e-06,1.08016297136254e-06,0,0,0,0,8.68256657721602e-05,0,0.00759375736623486,0,0,0,0,0.00381626107440987,0,0,0,9.94781131318626e-05,3.24666990587935e-06,0,0,0,0
"HSC",0,0.0738750687883479,0.0553895007541694,0,0,0,0,0,0,0,0,0,0,0,0,0.0816229622447567,0,0,0,0,0.009968764555569,0,0,0,0.0521619507558299,0,0.00751891090234705,1,0,0,0,0,0,0,2.72523499351492e-06,0,0,0,0,0,0,0.5,0.026734174962718,0,0,0,0,0,8.21200074280169e-05,0,0,0,0,0,0.0574424318343478,0,0,0,0.00262569165269567,0.0195885298223058,0,0,0,0
"iDC",0.5,0.326361999569166,0,0.0451898140310982,0,0,0,1.33083467933909e-05,0,0,0,0,0,0,0,0,0,0,0,0,0.00344914433007591,0.305869570002693,0.00124461556717729,0,6.26574681617165e-08,0,0.00523901167011887,0,1,0,0,0.5,0,0,0.00024464074438427,0,0.00308081133440519,0,0,0,0.258557887234061,0.00420873589963263,0.0844928227561561,0,0,0,0,0.0483363275913109,0,0,0,0,0,0,0.220455582690598,0,0,0,0.0146365625117637,0,0,0,0,0
"Keratinocytes",0,1.2961444560981e-05,0,0,0.0452139761518261,0,0,0,0,0,0,1.06178729788482e-05,0,0,0,0,0,0,0,5.33128548992407e-05,0.000179704803515276,0.00757470317983739,0,0,0.00366925267043061,0,7.08397857511817e-06,4.1255854717509e-06,0,1,0,0.00247212984166974,0,0,0.00239940624018677,0,0.00518282184167429,0,0,0,0.00605660145342578,8.57570127676367e-08,0,0,0,0,0,0.00187455864664364,8.02532752314398e-06,0.0230694974387813,0,0,0,0,0.0163684692534109,0,0,0.5,0,0.000462028021330997,0,0,0,0
"ly Endothelial cells",0,0.0165783058301823,8.15536285664842e-09,0,0,0,0,5.62001453965107e-05,0,0,0,0,0,0,0,0,0,0,0,8.15751443848119e-06,0,0,0.00607881231238976,0,0.00486735812469951,0,0.0429643644766659,0,0,0,1,0.000389916043838245,0,0,0.00801022492991146,0,0.0786101211216859,0,0,0,0.000648810278929668,1.75691294170789e-06,0.0141094029007553,0.5,0,0,0,8.10211056458578e-05,2.44330062485503e-06,0.0176653311086495,0,0,0,0,0.0282862852811132,0,0,0,0.00544648007178544,0.00461319509001243,0,0,0,0
"Macrophages",0,0.0740413274351079,0.000419255317676651,0.00132423298778565,0.0475067239609905,0,0,0,0,0,0,0.000539420240888292,0,0,0,0,0,0,0,0.169408854582255,0,0.0165094923103514,0,0,0,0,0.0169013294475032,0.00961607805520288,0,0,0,1,0,0,0.00323439445905112,0,0.00100334821151027,0,0,0,0.252545963195878,0.0038838681676204,0.0096752456816341,0,0,0,0,0.0287897351663012,0,0.0462127728276781,0,0,0,0,0.0323355160714353,0,0,0,0.00434558404153097,0.00252239535652082,0,0,0,0
"Macrophages M1",0,0.109088521580924,0.000613907440131079,0.00218773728747285,0.0290211435162751,0,0,0,0,0,0,0,0,0,0,0,0,0,0,0.254136708699559,0,0.00198040245681581,0,0,2.71558483875113e-06,0,0.0332968161041883,0.00125018399693902,0,0,0,0,1,0.470628859990442,0.0010051895652386,0,0.000359166253565858,0,0,0,0.186316769712282,3.16138174645893e-05,0.0204909999510933,0,0,0,0,0.00522460780458004,0,0.0575229694465855,0,0,0,0,0.0314857290750201,0,0,0,0.00441958032165257,0.0100372655675331,0,0,0,0
"Macrophages M2",0,0.148464901259387,0,0,0.0136414121514659,0,0,0,0,0,0,0,0,0,0,0,0,0,0,0.159190801787324,5.4261454919326e-07,0.00183089790871614,0.000976423580905601,0,0,0,0.0191539339432427,0.00187495159874008,0,0,0,0,0.435428289154539,1,0.00335025331895916,0,0.0104922036552817,0,0,0,0.101115305317439,0.00529978083037872,0.00584225317430647,0,0,0,0,0.001632337161493,2.21612937329609e-05,0.0626548554463304,0,0,0,0,0.0387268071822663,0,0,0,0.057634170701281,0,0,0,0,0
"Mast cells",0,0.00175590268656337,0,0.0124520701834689,0.01679517754513,0,0,0.00157327691474974,0,0,0,0.00261874172611223,0,0,0,0.000307852433013479,0,0,0,0.0103463023396718,0.000120002727297458,0.0186988759987581,0,0,0,0,0,0.0421523759019633,0,0,0,0.00217095023042945,0,0,1,0,0.00250896132228478,0,0,0,0.00290373087285196,0.0356767753224437,0,0,0,0,0,0.0044488843277976,0.00286279394896934,0.0162856548597345,0,0,0,0,0.032574286553446,0,0,0,0.000391692649044923,0,0,0,0,0
"Megakaryocytes",0,5.29210980934569e-05,9.67205933749066e-06,0.00209652744399934,0.0350426424527559,0,0,0,0,0,0,0,0,0,0,8.86617619963369e-05,0,0.000102860162130003,0,0,0.000183137709277097,0.036621602626208,0,0.0463152783487333,2.13219188572925e-07,7.99442343534691e-05,0.00156170708517381,0,0,0,0,0,0,0,0,1,0,0,0.00242933983809724,0,0.00198882283731019,0.00662728985134387,0,0,0,0,0,0.0228741503539783,0,0.0168126326114843,0,0,0,0,0.5,0,0,0,0,1.69605928207216e-05,0,0,0,0
"Melanocytes",0,0.000766715619118525,0.000151421650230237,0,3.15996042448165e-05,0,0,0,0,0,0,0,0,0,0,0,0,0,0,0.00392363408175895,2.52418047609012e-06,0.000891003742345745,0,0,7.01142405705098e-06,0,0,0.000225269411899436,0,0,0,0.0132482127989171,0,0,0.00118209398263293,0,1,0,0,0,0.00391192062248637,6.71040710206248e-06,0.000662504932396993,0,0,0,0,0.00528519717083321,2.39327834918377e-07,0.0132019618007233,0,0,0,0,0.0216634496364367,0,0,0,0,0.00015086252607964,0,0,0,0
"Memory B-cells",0,0,0,0,0.0450037447981625,0,0,0.0308199959308967,0,0,0,0.0277310252668103,0,0,0,0,0.5,0,0,0.00831965074875993,0.000111248285945131,0.0383628920090516,0,0,0,0,0.0126356483737689,0.231639816692879,0,0,0,0.0116529659329328,0,0,0.00112262693808324,0,0.000405469536488587,1,0,0,0.0127692398204493,0.11304913975621,0,0,0,0.5,0,0.00882329476718871,0.0105488284044318,0,0,0,0,0.336386687658245,0.215265546331647,0,0.315605438301786,0,0.00122223859873359,0,0,0,0,0
"MEP",0,0.00747863484463581,0.00104749605419746,0,0,0,0,0,0,0,0,0,0,0,0,0,0,0.189770098104591,0.312565522480238,0,0.00937564611684093,0,0.0138775250964878,0.45104261746029,0,0.264292598735831,0,0,0,0,0,0.00936241704921057,0,0,0.364113318215095,0.14310187199921,0,0,1,0,0.0100761280075519,0.255880432493143,0.0483994784311474,0,0,0,0,0,0,0,0,0,0,0,0,0,0,0,0.00297260207312057,0,0,0,0,0
"Mesangial cells",0,0.0326248079503603,0.0876940019088122,0,0,0,0,7.14305576138173e-06,0,0,0,2.12663264723416e-05,0,0,0,0.0436181008259734,0,0,0,0,0.0659454721050469,0.00271857538522821,0,0,0,0,0,0,0,0,0,0,0,0,0,0,0.00474738993716642,0,0,1,0.00149547101969697,0,0.187280456566057,0,0,0,0,0.00181746675332264,0.00290828236381582,0.042586215568016,0,0,0.108649563434405,0,0.0136207875515719,0,0,0,0.0465789054860223,0.0740617957086516,0,0,0,0
"Monocytes",0,0.0252057733055793,0,0.0277794275838643,0.347532737529977,0,0,0.000166990159235101,0,0,0,0.0413978478400414,0,0,0,0,0,0,0,0.0150565122158712,0.000409857629738152,0.228763236292715,0,0,0,0,0.0170256244754603,0.139832676517857,0,0,0,0.277578418524038,0,0,0.000257687894972668,0,0.000467861911607776,0,0,0,1,0.0521535960638485,0,0,0,0,0,0.5,0.00504013689366708,0.108844745751496,0,0,0,0,0.106228106322368,0,0,0,0.00158908311232966,0,0,0,0,0
"MPP",0,0.00388718393950243,1.74901863625098e-05,0.181602219460982,0.144135499491889,0,0,0.0081936880237019,0,0,0,0.0158103933790425,0,0,0,0,0,0,0,0.0138365358061543,0.000222133366607884,0.0484167821027767,0,0,0,0,0.000488794668074347,0.5,0,0,0,0.00856083994469366,0,0,0.0201449780992166,0,0,0,0,0,0.0318032762423047,1,0,0,0,0,0,0.0521113504369017,0.0143811891424472,0,0,0,0,0,0.134731108192708,0,0,0,0.0002104922921136,0,0,0,0,0
"MSC",0,0.466866300496941,0.5,0,0,0,0,0,0,0,0,0,0,0,0,0.0963920997028815,0,0,0,0,0.132722890526615,0.00413897614251222,0.136127914993452,0,0.5,0,0,0.00316397645801323,0,0,0,0.0833830112859125,0,0,0,0,0.422576820714868,0,0,0,0.0201934083151678,0.00017099532440911,1,0,0,0,0,0,0,0.5,0,0,0,0,0,0,0,0,0.423329853908045,0.5,0,0,0,0
"mv Endothelial cells",0,0.0332835255017048,0,0,0,0,0,9.611178750246e-06,0,0,0,0,0,0,0,0,0,0,0,0.00190543184588298,0,0,0.0180149990500516,0,0.00935789520620529,0,0.0616434502606745,0,0,0,0.5,0.00495931252735554,0,0,0.0306427867482899,0,0.102231999653298,0,0,0,0.00435006811847926,0.0002043802821618,0.0314603074139169,1,0,0,0,2.13878279269883e-06,0,0.0237961416474068,0,0,0,0,0.0669677245895984,0,0,0,0.0042529497746291,0.0204479356035881,0,0,0,0
"Myocytes",0,0.00663297522462185,0.00954860097213864,0,0.00125020533351121,0,0,0,0,0,0,0,0,0,0,0.0163314432317493,0,0,0,7.20340234980594e-05,0.0148416212539152,0.00539716115010211,0,0,0.00687240038457224,0,0,0.000312751320816098,0,0,0,0,0,0,0,0,0,0,0,0,4.83346319379672e-05,0.00027269427616201,0.00635733215055172,0,1,0,0,0.00235868466068308,0,0.0531379714390609,0.0259401707694935,0,0,0,0.0156547036059291,0,0,0,0,0.0117032194491105,0,0,0,0
"naive B-cells",0,0,2.86830822424617e-06,0,0.0033559692086751,0,0,0.00808807771109682,0,0,0,0.00276026258691746,0,0,0,0,0.467954091121151,0,0,0.00292102619408448,0.000316986637436613,0.00672500242831695,0,0,0,0,0,0.0773861409030506,0,0,0,8.04340828319129e-06,0,0,0,0,0.00126370225600234,0.5,0,0,0.00101096997735516,0.0463936526174771,0,0,0,1,0,0.00222706441516607,0.00358089794769725,0.00921595407713095,0,0,0,0.185511378708958,0.15318051689138,0,0.242263380752225,0,0.00123511566147952,0,0,0,0,0
"Neurons",0,7.40897801078708e-05,0,0.000661632134358742,0.00204676616390799,0,0,0.000250973003368217,0,0,0,0.000101588375087183,0,0,0,0,0,0,0,0,1.11314161536485e-05,1.64928386547025e-06,0,0,0,0,0.00247842990313519,0.00127708556072471,0,0,0,0.000342276329987514,0,0,4.05529199008041e-07,0,0.000367732930501552,0,0,0,0.000157428150271232,0.000476436012922432,0,0,0,0,1,0,0.000177394122146316,0.00103776282310032,0,0,0,0,0.0356742437695125,0,0,0,0.000765584463625914,1.55596729737653e-06,0,0,0,0
"Neutrophils",0,0.000102354796149349,0,0.0149599806919041,0.0542150249337797,0,0,5.06383765211807e-06,0,0,0,0.00736787179583851,0,0,0,0,0,0,0,0.000707021448346981,2.85426244270548e-05,0.350534861462452,0,0,0,0,0,0.00389621755083656,0,0,0,0.00256688363030703,0,0,0,0,3.71362765507917e-05,0,0,0,0.0751257480766197,0.0028954513222647,0,0,0,0,0,1,0.00136775195308365,0.03212062770324,0,0,0,0,0.0742845683748588,0,0,0,7.06034074889533e-06,0,0,0,0,0
"NK cells",0,0,0,0.038275821591798,0.5,0,0,0.0848425317250806,0,0,0,0.322971572264149,0,0,0,1.7235523487332e-05,0,0,0,0.00223132251944119,1.25606279007236e-05,0.0519059736780519,0,0,0,0,0.00332443068587995,0.0889758828276197,0,0,0,0.00216311211426651,0,0,0.0965590733174814,0,0.000219049395143729,0,0,0,0.0585315598035461,0.00303909780301928,0,0,0,0,0,0.0237957432846679,1,0.13578655667627,0,0,0,0,0.171131401452382,0,0,0,4.70581404671305e-05,0,0,0,0,0
"NKT",0,0.0733246772460809,0,0,0.0704378239576801,0,0,0,0,0,0,0.0071241342459568,0,0,0,0.000692721818483727,0,0,0,0.00803684201614833,0,0.290776957514781,0,0,0,0,0,0.0006283560294905,0,0,0,0.00915061342937614,0,0,0.00460925825632332,0,0.0958600772498365,0,0,0,0.241449755561521,0.000196307304289046,0,0,0,0,0,0.386674821091158,0.019798411738204,1,0,0,0,0,0.048659676617419,0,0,0,0.0886924706006069,0,0,0,0,0
"Osteoblast",0,0.189215968890347,0.238418314080579,0,0,0,0,0,0,0,0,0,0,0,0,0.45749527342989,0,0,0,0,0.0932582300259199,0,0.059315272108374,0,0.308586829581634,0,0,0.00491880693206232,0,0,0,0.00652294265721904,0,0,0,0,0.101563413183581,0,0,0,0,0.000705758565308871,0.488920537002898,0,0.296643522140872,0,0,0,0,0,1,0,0,0,0,0,0,0,0,0.289616207461479,0,0,0,0
"pDC",0,0.00016888406153904,0,0.028909289870465,0.0676565645101285,0,0,0.00106560695658605,0,0,0,0.0241250243094048,0,0,0.0216633478178441,0,0,0,0,0,7.40927014995658e-06,0.0127980165388438,0,0,0,0,0,0.13240404703155,0,0,0,0.00193436663329263,0,0,0.00593503098196867,0,0.000107063956661444,0,0,0,0.0282701755028287,0.0138502376415577,0,0,0,0,0,0,0.038185763595055,0.0181238148601118,0,1,0,0,0.0211826634296474,0,0,0,0.0102405743595425,0,0,0,0,0
"Pericytes",0,0.159342532821993,0.106887064417498,0,0,0,0,0.00213950792925191,0,0,0,0,0,0,0,0.0621829470009084,0,0,0,0,0.0839963953607767,0.0210711889159685,0.0107660152780451,0,0,0,0.417902664190797,0.000824556425089344,0,0,0,4.08738696510905e-05,0,0,0,0,0.117113456496048,0,0,0.0634642878392893,0.000693851238165403,0.00225559429365177,0.5,0,0,0,0,0,0,0,0,0,1,0,0,0,0,0,0.182594891723604,0.451724713232154,0,0,0,0
"Plasma cells",0,0,0.00221379666754387,0,0.0145350849421139,0,0,0.0114568545985361,0,0,0,0.0106224441992649,0,0,0,0,0.0772790427161448,0,0,8.88980655133817e-07,0,0.00900305684698828,0,0,0,0,0.0035740218245908,0.0128401407357191,0,0,0,0.000393153736431379,0,0,0.0383646099494679,0,6.93364022950146e-05,0.0878032073916632,0,0,0.000363450359361981,0.00257387424978463,0,0,0,0.0873575377073289,0,0.00559295091531002,0.0120587788803547,0,0,0,0,1,0,0,0.154204709215289,0,0.00258037205569354,0,0,0,0,0
"Platelets",0,0,0,0.00648771565480893,0.052886813272625,0,0,2.07259655514736e-06,0,0,0,0.00033149307404482,0,0,0,9.44814022784663e-05,0,0,0,0.0032115805044412,0.000175151511634378,0.0290336395203174,0,0,0,0,0.00422908429875071,0.043920662101759,0,0,0,0,0,0,0.00134955340949788,0,0.000286792994380894,0,0,0,0.00900711271157984,0.00562222406551005,0,0,0,0,0,0.0141451716218338,0,0.00664486160761892,0,0,0,0,1,0,0,0,0.00337936515687787,0,0,0,0,0
"Preadipocytes",0,0,0.0103993382212472,0,0.00994053478909775,0,0,0,0,0,0,0,0,0,0,0.258879381164752,0,0,0,0.0782867510062623,0.147797574562208,0,0.0770987034248152,0,0.42343389476573,0,0.105807851154872,0,0,0,0,0.0390382020250489,0,0,0.0304545577258615,0,0.141059429382136,0,0,0,0.0103981460785368,0,0.5,0,0,0,0,0,0,0.0443776497445083,0,0,0,0,0,1,0,0,0.354785189930051,0.383074836943713,0,0,0,0
"pro B-cells",0,0,7.24829551073621e-06,0,8.00201024437942e-05,0,0,0.000269575104720424,0,0,0,0.00110172823595725,0,0,0,0,0.0249136294113025,0,0,0.000208415820940009,1.21956709470633e-05,0.00128137465607494,0,0,0,0,0.00352143339698961,0.270616382479884,0,0,0,0.000193802931965795,0,0,0,0,0.000383719481377787,0.0376006962179767,0,0,0,0.155601004316327,0,0,0,0.0467442780501994,0,0.000420074989559806,0,0.238820729269255,0,0,0,0.0322525210397998,0,0,1,0,0.00387563954041182,0,0,0,0,0
"Sebocytes",0,2.38863749512486e-05,0,0,0.00580579742766634,0,0,0,0,0,0,2.58041046294447e-08,0,0,0,2.5844411088379e-05,0,0,0,1.17793843148649e-05,1.14901775965049e-05,0.000401442287760625,0,0,0.00177632155897402,0,0,0,0,0.5,0,0.000297306620296901,0,0,0.0014833807997896,0,0.0073794840778912,0,0,0,0.00305722699940289,0,0,0,0,0,0,0.00038597030126804,9.64154958048806e-07,0.00672865725219237,0,0,0,0,0.0158235804390934,0,0,1,0,0.0023003091915569,0,0,0,0
"Skeletal muscle",0,6.0359101652791e-06,0.000283772485259097,0,3.35935333235561e-09,0,0,0,0,0,0,0,0,0,0,2.21609357742901e-05,0,0,0,0,0.000357415539084194,3.47229167002023e-05,0,0,7.60802218619306e-05,0,0,0,0,0,0,1.53703099121917e-05,0,0,0,0,2.48947982908423e-07,0,0,0,8.37588734734626e-09,8.63604968217539e-09,0,0,0,0,0,7.47796481452066e-06,0,0.0503674241892975,0,0,0,0,0.0257445476856581,0,0,0,1,0.000816246538982316,0,0,0,0
"Smooth muscle",0,0.433690437129256,0.463647546395323,0,0,0,0,0,0,0,0,0,0,0,0,0.5,0,0,0,0.00238227919976289,0.318550042638046,0,0.125633997887783,0,0.5,0,0,0.0261273994281434,0,0,0,0.0406168812243601,0,0,0,0,0.104526817722027,0,0,0,0,0.0120838923399823,0.5,0,0,0,0,0,0,0,0,0,0,0,0,0,0,0,0.355273380469215,1,0,0,0,0
"Tgd cells",0,0,7.46204386776995e-05,0.0124986717593583,0.0802257606369822,0,0.160204130760416,0,0.0122043389577506,0.0221941235396791,0,0,0,0,0,0,0,0,0,0.000324211187298382,0,0.00917600705058387,0,0,0,0,0,0.0192040171986425,0,0,0,4.35278244961408e-05,0,0,0.0115361289566413,0,0.00190254044598746,0,0,0,0.00469698887697047,0.00159651442294669,0,0,0,0,0,0.000367506068331022,0.116342783272026,0.170374062845245,0,0,0,0,0.0701570071562193,0,0,0,0,0,1,0.5,0.5,0.104563587094521
"Th1 cells",0,0,0.000151950443414434,0,0.0405043352419233,0,0.023541371676989,0,7.46548030350437e-05,0.000753714671657965,0,0.0530697261304794,0,0,0,0,0,0,0,0,0.00352879190140756,0,1.47900763036556e-05,0,0,0,0,0.0299729616538062,0,0,0,0,0,0,0,0,0.00271901478691823,0,0,0,0,0.00339108359970177,2.6746717013782e-05,0,0,0,0,0,0.0651389384759058,0,0,0,0,0,0,0,0,0,0.0018919504202833,0,0.5,1,0.5,0.011093288089873
"Th2 cells",0,0,3.7993641420333e-05,0.0107995417086686,0.0704520152020631,0,0.14412995045891,0,0.00392233640742607,0.0307346746351663,0,0.113065563243325,0,0,0,0.00359834601585033,0,0,0,0,0.00441011398450439,0.0124564252864215,0,0,0.00260820849297382,0,0,0.0035062095120455,0,0,0,0,0,0,0.0827776445764331,0,0,0,0,0,7.77247372964528e-06,0,0,0,0,0,0,5.82323943061174e-05,0.0911743140816277,0.0520427623315575,0,0,0,0,0,0,0,0,0.00187205761633242,0,0.5,0.5,1,0.264124946948853
"Tregs",0,0.00402810084837222,0,0.0736138290860537,0.114722084167189,0,0.46955572829859,0,0.298068523035591,0.218411381820032,0,0.224161226870562,0,0,0,0,0,0,0,0.041794155284189,1.11539095759301e-05,0.0757096146452804,0,0,0,0,0,0.0440903050294085,0,0,0,0.000979956472789499,0,0,0.0360734525294408,0,0.0116921492317091,0,0,0,0.0486522044749057,0.00799585878148482,0,0,0,0,0,0.0325630988816755,0.153238788995106,0.0102326183657144,0,0,0,0,0.0822549127153979,0,0,0,0.00195308954714493,0,0.312629105594725,0.154519246980643,0.193699367838281,1
