AA_endothelial.cells_pearson,0.878
AA_fibroblasts_pearson,0.977
AA_macrophages_pearson,0.141
AA_memory.CD4.T.cells_pearson,0.279
AA_memory.CD8.T.cells_pearson,-0.493
AA_monocytes_pearson,0.774
AA_myeloid.dendritic.cells_pearson,0.708
AA_naive.B.cells_pearson,0.995
AA_naive.CD4.T.cells_pearson,0.749
AA_naive.CD8.T.cells_pearson,0.716
AA_neutrophils_pearson,0.99
AA_NK.cells_pearson,0.879
AA_regulatory.T.cells_pearson,0.948
AB_endothelial.cells_pearson,0.854
AB_fibroblasts_pearson,0.979
AB_macrophages_pearson,0.457
AB_memory.CD4.T.cells_pearson,0.211
AB_memory.CD8.T.cells_pearson,-0.381
AB_monocytes_pearson,0.889
AB_myeloid.dendritic.cells_pearson,0.522
AB_naive.B.cells_pearson,0.975
AB_naive.CD4.T.cells_pearson,0.541
AB_naive.CD8.T.cells_pearson,0.913
AB_neutrophils_pearson,0.989
AB_NK.cells_pearson,0.859
AB_regulatory.T.cells_pearson,0.92
AE_endothelial.cells_pearson,0.684
AE_fibroblasts_pearson,0.917
AE_macrophages_pearson,0.829
AE_memory.CD4.T.cells_pearson,0.562
AE_memory.CD8.T.cells_pearson,-0.209
AE_monocytes_pearson,0.766
AE_myeloid.dendritic.cells_pearson,0.171
AE_naive.B.cells_pearson,0.956
AE_naive.CD4.T.cells_pearson,0.668
AE_naive.CD8.T.cells_pearson,0.916
AE_neutrophils_pearson,0.958
AE_NK.cells_pearson,0.769
AE_regulatory.T.cells_pearson,0.422
AF_endothelial.cells_pearson,0.853
AF_fibroblasts_pearson,0.743
AF_macrophages_pearson,0.832
AF_memory.CD4.T.cells_pearson,0.568
AF_memory.CD8.T.cells_pearson,-0.482
AF_monocytes_pearson,0.541
AF_myeloid.dendritic.cells_pearson,-0.042
AF_naive.B.cells_pearson,0.938
AF_naive.CD4.T.cells_pearson,0.643
AF_naive.CD8.T.cells_pearson,0.838
AF_neutrophils_pearson,0.992
AF_NK.cells_pearson,0.846
AF_regulatory.T.cells_pearson,0.714
DS1_endothelial.cells_pearson,0.518
DS1_fibroblasts_pearson,0.543
DS1_macrophages_pearson,0.397
DS1_memory.CD4.T.cells_pearson,-0.271
DS1_memory.CD8.T.cells_pearson,-0.166
DS1_monocytes_pearson,0.698
DS1_myeloid.dendritic.cells_pearson,0.789
DS1_naive.B.cells_pearson,0.909
DS1_naive.CD4.T.cells_pearson,0
DS1_NK.cells_pearson,0.941
DS1_regulatory.T.cells_pearson,0.769
DS2_endothelial.cells_pearson,0.464
DS2_fibroblasts_pearson,0.565
DS2_macrophages_pearson,0.074
DS2_memory.CD4.T.cells_pearson,0.107
DS2_memory.CD8.T.cells_pearson,-0.051
DS2_monocytes_pearson,0.466
DS2_myeloid.dendritic.cells_pearson,0.534
DS2_naive.B.cells_pearson,0.913
DS2_naive.CD4.T.cells_pearson,0.516
DS2_NK.cells_pearson,0.832
DS2_regulatory.T.cells_pearson,0.782
DS3_endothelial.cells_pearson,0.814
DS3_fibroblasts_pearson,0.952
DS3_macrophages_pearson,0.317
DS3_memory.CD4.T.cells_pearson,0.441
DS3_memory.CD8.T.cells_pearson,0.546
DS3_monocytes_pearson,0.836
DS3_myeloid.dendritic.cells_pearson,0.766
DS3_naive.B.cells_pearson,0.979
DS3_naive.CD4.T.cells_pearson,0.695
DS3_NK.cells_pearson,0.984
DS3_regulatory.T.cells_pearson,0.786
DS4_endothelial.cells_pearson,0.662
DS4_fibroblasts_pearson,0.934
DS4_macrophages_pearson,0.587
DS4_memory.CD4.T.cells_pearson,0.189
DS4_memory.CD8.T.cells_pearson,-0.34
DS4_monocytes_pearson,0.897
DS4_myeloid.dendritic.cells_pearson,0.134
DS4_naive.B.cells_pearson,0.984
DS4_naive.CD4.T.cells_pearson,0.923
DS4_NK.cells_pearson,0.942
DS4_regulatory.T.cells_pearson,0.877
AA_endothelial.cells_spearman,0.693
AA_fibroblasts_spearman,0.91
AA_macrophages_spearman,0.101
AA_memory.CD4.T.cells_spearman,0.379
AA_memory.CD8.T.cells_spearman,-0.556
AA_monocytes_spearman,0.8
AA_myeloid.dendritic.cells_spearman,0.682
AA_naive.B.cells_spearman,0.988
AA_naive.CD4.T.cells_spearman,0.135
AA_naive.CD8.T.cells_spearman,0.448
AA_neutrophils_spearman,0.973
AA_NK.cells_spearman,0.722
AA_regulatory.T.cells_spearman,0.881
AB_endothelial.cells_spearman,0.851
AB_fibroblasts_spearman,0.955
AB_macrophages_spearman,0.463
AB_memory.CD4.T.cells_spearman,0.114
AB_memory.CD8.T.cells_spearman,-0.319
AB_monocytes_spearman,0.777
AB_myeloid.dendritic.cells_spearman,0.69
AB_naive.B.cells_spearman,0.921
AB_naive.CD4.T.cells_spearman,0.526
AB_naive.CD8.T.cells_spearman,0.895
AB_neutrophils_spearman,0.967
AB_NK.cells_spearman,0.879
AB_regulatory.T.cells_spearman,0.693
AE_endothelial.cells_spearman,0.5
AE_fibroblasts_spearman,0.897
AE_macrophages_spearman,0.727
AE_memory.CD4.T.cells_spearman,0.40
AE_memory.CD8.T.cells_spearman,-0.133
AE_monocytes_spearman,0.808
AE_myeloid.dendritic.cells_spearman,0.253
AE_naive.B.cells_spearman,0.841
AE_naive.CD4.T.cells_spearman,0.614
AE_naive.CD8.T.cells_spearman,0.868
AE_neutrophils_spearman,0.954
AE_NK.cells_spearman,0.775
AE_regulatory.T.cells_spearman,0.638
AF_endothelial.cells_spearman,0.813
AF_fibroblasts_spearman,0.705
AF_macrophages_spearman,0.659
AF_memory.CD4.T.cells_spearman,0.465
AF_memory.CD8.T.cells_spearman,-0.411
AF_monocytes_spearman,0.426
AF_myeloid.dendritic.cells_spearman,0.314
AF_naive.B.cells_spearman,0.922
AF_naive.CD4.T.cells_spearman,0.638
AF_naive.CD8.T.cells_spearman,0.688
AF_neutrophils_spearman,0.985
AF_NK.cells_spearman,0.754
AF_regulatory.T.cells_spearman,0.849
DS1_endothelial.cells_spearman,0.008
DS1_fibroblasts_spearman,0.524
DS1_macrophages_spearman,0.52
DS1_memory.CD4.T.cells_spearman,-0.057
DS1_memory.CD8.T.cells_spearman,0.068
DS1_monocytes_spearman,0.581
DS1_myeloid.dendritic.cells_spearman,0.517
DS1_naive.B.cells_spearman,0.617
DS1_naive.CD4.T.cells_spearman,0
DS1_NK.cells_spearman,0.858
DS1_regulatory.T.cells_spearman,0.45
DS2_endothelial.cells_spearman,0.343
DS2_fibroblasts_spearman,0.403
DS2_macrophages_spearman,0.299
DS2_memory.CD4.T.cells_spearman,-0.016
DS2_memory.CD8.T.cells_spearman,-0.018
DS2_monocytes_spearman,0.465
DS2_myeloid.dendritic.cells_spearman,0.555
DS2_naive.B.cells_spearman,0.702
DS2_naive.CD4.T.cells_spearman,0.484
DS2_NK.cells_spearman,0.609
DS2_regulatory.T.cells_spearman,0.638
DS3_endothelial.cells_spearman,0.794
DS3_fibroblasts_spearman,0.864
DS3_macrophages_spearman,0.151
DS3_memory.CD4.T.cells_spearman,0.536
DS3_memory.CD8.T.cells_spearman,0.212
DS3_monocytes_spearman,0.715
DS3_myeloid.dendritic.cells_spearman,0.48
DS3_naive.B.cells_spearman,0.776
DS3_naive.CD4.T.cells_spearman,0.495
DS3_NK.cells_spearman,0.825
DS3_regulatory.T.cells_spearman,0.586
DS4_endothelial.cells_spearman,0.434
DS4_fibroblasts_spearman,0.662
DS4_macrophages_spearman,0.321
DS4_memory.CD4.T.cells_spearman,0.019
DS4_memory.CD8.T.cells_spearman,-0.421
DS4_monocytes_spearman,0.641
DS4_myeloid.dendritic.cells_spearman,0.603
DS4_naive.B.cells_spearman,0.851
DS4_naive.CD4.T.cells_spearman,0.373
DS4_NK.cells_spearman,0.82
DS4_regulatory.T.cells_spearman,0.725
endothelial.cells_pearson,0.716
fibroblasts_pearson,0.826
macrophages_pearson,0.454
memory.CD4.T.cells_pearson,0.261
memory.CD8.T.cells_pearson,-0.197
monocytes_pearson,0.733
myeloid.dendritic.cells_pearson,0.448
naive.B.cells_pearson,0.956
naive.CD4.T.cells_pearson,0.592
naive.CD8.T.cells_pearson,0.846
neutrophils_pearson,0.982
NK.cells_pearson,0.881
regulatory.T.cells_pearson,0.777
endothelial.cells_spearman,0.554
fibroblasts_spearman,0.74
macrophages_spearman,0.405
memory.CD4.T.cells_spearman,0.231
memory.CD8.T.cells_spearman,-0.197
monocytes_spearman,0.652
myeloid.dendritic.cells_spearman,0.512
naive.B.cells_spearman,0.827
naive.CD4.T.cells_spearman,0.408
naive.CD8.T.cells_spearman,0.725
neutrophils_spearman,0.97
NK.cells_spearman,0.78
regulatory.T.cells_spearman,0.682
pearson,0.637
spearman,0.561