,CD8_Tcell,CD4_Tcell,B_cell,Macrophage,Dendritic,Neutrophil
MALAT1,7738,15103,12736,11727,8535,8595
FPR3,119,114,165,1597,6138,323
CTSC,646,220,34,529,5733,1006
MALAT1,6353,5805,5630,5976,6062,3983
ASAP1,567,218,121,3330,4527,4005
ARRDC4,153,217,262,2409,7647,444
C1orf162,622,2948,580,1275,6189,756
SRXN1,429,102,247,7543,3216,3871
ASAP1,395,343,159,4004,1796,3159
NOGENE,911,307,291,545,2861,640
TGFBI,137,331,103,417,2422,36
CYP1B1,70,92,185,6583,3056,155
SLC6A6,291,609,196,3319,2294,6621
FGL2,1421,938,163,1600,4165,5328
RAP2B,1904,265,167,1222,3566,751
APBB1IP,3080,2546,700,419,2322,8203
NOGENE,2278,2879,97,1383,1846,841
BLOC1S2,1071,1432,1247,2799,1489,2259
COTL1,1356,3387,491,2016,2009,6687
ARHGAP18,306,533,101,872,3008,139
KIAA1949,4035,3092,632,5010,1598,12696
ITGB2,881,2116,386,1843,1486,3655
LOC150166,954,1854,225,2838,4420,4858
PPT1,406,410,121,809,990,1518
NOGENE,454,51,203,5656,2878,5429
EMILIN2,125,66,185,3794,2515,270
FABP5,163,20,70,1118,2023,119
GGTA1,71,97,162,170,5858,129
GM2A,88,29,148,2650,4778,287
ACP5,34,33,85,383,1564,123
RAB10,582,1471,181,3283,1572,2720
GRB2,1178,1140,2260,2051,1010,5472
MALAT1,1090,2880,4886,16045,3604,8183
CD1A,57,129,232,125,7072,370
MAFB,307,697,153,5659,5422,334
LCP1,1250,1649,825,2406,2266,4580
CD1B,32,25,167,52,4996,145
NCF2,60,506,108,3258,1189,5409
AHRR,24,163,219,2735,2432,273
TALDO1,258,254,222,4800,1386,2215
PLDN,334,1132,450,818,2441,575
GLIPR2,825,595,102,3250,3072,6572
FERMT3,311,1868,247,4059,1141,2301
CD1E,39,10,39,33,4897,44
FGL2,267,233,66,628,3688,3138
MMP12,29,25,202,79,6452,243
LAPTM5,364,2113,4303,1971,2537,4456
ASAP1,185,267,310,2782,2181,1301
TNFSF13B,337,153,177,792,2032,5381
CSF1R,117,1005,153,1294,2794,300
YY1,1422,2843,525,1469,985,2848
GM2A,61,179,98,796,3941,151
LACTB,252,1816,273,2193,2427,481
HCST,3541,1334,92,1036,3548,791
RASSF4,226,31,35,1763,2630,107
GM2A,64,38,144,1614,5142,156
NOGENE,126,134,26,450,1332,45
CREG1,110,77,41,1907,1097,227
ARPC5,416,422,390,2131,639,2442
CECR1,199,185,490,734,1735,321
SLC26A11,1313,554,229,1693,4814,354
TNFSF13B,285,343,104,783,2738,7208
LIMS1,175,354,156,1306,1081,259
ACTR2,624,301,1093,1838,855,4407
RASAL2,10,56,130,784,1570,294
STK4,2676,1915,894,1057,544,5363
RNOGENESE6,87,44,783,164,1618,1675
PGD,58,42,150,2867,1744,1324
EFTUD2,592,1256,325,1571,1114,487
TXNRD1,103,96,66,2737,817,451
C9orf80,311,1499,250,916,1079,593
MFSD1,55,208,494,719,1068,1030
PPM1M,919,1649,209,684,919,1432
HMOX1,40,188,207,704,1853,225
LOC100131993,83,197,135,412,3087,606
CD1C,16,25,474,161,4311,204
ARHGAP9,1606,3073,676,941,3141,11396
CD52,2004,1141,2352,752,3907,903
CTSS,762,1640,1130,1876,1473,4093
DIRC2,62,164,151,1195,1933,521
C6orf62,783,670,1734,2594,1653,601
KDM2B,1027,525,711,672,1579,235
RAPGEF1,823,755,404,1645,1023,952
CAP1,1148,460,875,928,2479,3117
SLC7A11,11,22,90,2499,1695,84
MPEG1,377,1285,819,2319,4760,5498
RAC2,289,1401,2322,2721,2592,5144
NOGENE,66,78,113,103,2558,258
TMEM30A,599,309,482,2157,2405,1250
LPCAT2,60,180,96,104,1023,1686
MARCH1,32,103,712,274,1178,150
PTPRJ,893,643,317,2181,1592,4098
PTPRE,214,124,234,3348,1682,1331
GLIPR1,574,359,451,781,2080,1646
SGK3,257,280,165,4123,1282,86
NEK6,47,347,180,1235,3216,436
GLIPR1,598,206,183,786,964,1029
CTSB,60,63,144,1231,1970,122
RIT1,230,363,240,4501,2875,2829
HVCN1,555,419,2388,272,2453,2368
CYP1B1,14,12,66,1782,720,27
HCLS1,571,834,750,1011,643,4279
CYP1B1,24,6,165,2346,1229,131
PLA2G7,15,15,122,4691,2388,96
TARDBP,922,2209,379,1321,567,766
TREM2,10,8,16,21,2154,114
NFXL1,165,406,107,178,4905,426
ARL8B,171,1410,214,3091,1281,244
ARHGAP30,2654,2382,991,1917,1209,5461
SLC27A3,90,201,44,484,2563,79
ZCCHC2,370,931,184,1249,1636,888
CRIM1,189,201,181,4042,1940,46
PRAGMIN,955,519,150,261,1443,293
CCNY,961,827,161,406,1376,2369
LRRFIP1,930,2480,742,2372,2573,5242
AMICA1,1023,1325,26,602,3011,11034
CCL22,55,9,34,3080,4310,106
DENND4C,681,199,147,731,3359,165
PTPRC,999,120,1532,1813,1888,10221
CLEC10A,21,22,67,50,3926,76
PL-5283,496,353,281,1666,1952,850
ARHGAP9,1237,2457,559,340,3171,9419
CPPED1,192,517,213,772,1353,7498
CBL,423,496,452,1010,1089,866
ITGAM,516,694,66,1039,1813,1136
TMEM167A,518,1729,119,1655,1626,1054
RNF13,153,286,362,1604,1017,4409
DOK3,229,185,363,2862,2033,7436
LITAF,504,368,348,974,815,3618
BCL2L11,421,459,234,233,2414,1019
CD52,1344,803,2128,539,2925,330
CNOT6L,2466,688,582,484,1239,1235
ENO1,337,76,360,1510,1145,248
CLEC7A,24,204,130,480,983,2578
HAVCR2,118,2361,13,1514,2918,19
MARCH1,55,192,455,208,834,150
RAPGEF1,846,480,145,857,902,384
ALG2,218,1140,183,1322,528,158
CKLF,530,1387,138,1569,2428,4409
MALAT1,941,6932,643,2486,1472,1151
UBE2Z,1832,1551,229,2191,770,523
FPR3,8,28,149,281,1451,237
NOGENE,203,129,1374,104,3424,78
HLA-DPA1,140,239,374,83,2830,129
PPHLN1,1013,1295,558,1062,1040,1273
PQLC3,407,416,247,265,1188,145
NOGENE,100,537,76,7779,3046,166
CD44,653,594,160,1894,856,331
RAB8B,1115,4621,123,2516,851,2826
CBL,428,225,303,422,313,1288
RNF149,739,1194,100,2563,1377,5517
ANKRD13A,730,1476,1090,779,703,5738
LOC645638,33,3,64,615,1939,42
ACTR2,636,244,754,959,557,2823
LPXN,275,100,166,1530,1460,229
TM2D2,330,242,150,885,1498,282
NOGENE,267,942,588,812,845,2493
CHST11,359,629,239,2016,2268,699
PLDN,256,668,147,291,2092,153
BID,80,305,201,1206,1306,2267
FOXN2,1241,1255,417,1440,410,1168
SMCR8,679,1353,504,3036,1222,1010
DOCK8,822,1976,282,975,1640,3731
MREG,70,145,132,1095,2477,150
PIP4K2A,2750,1999,714,675,1099,1141
IL1RN,42,19,109,5258,3628,701
NOGENE,617,914,385,686,588,267
SRGAP2P1,111,1281,125,902,1106,620
CORO1C,73,152,105,1154,2330,731
STAB1,33,50,81,354,1302,100
TLR8,80,238,149,3660,1223,4900
WTAP,1193,1253,1207,5311,598,3915
CANX,282,659,89,717,861,379
CCNY,692,250,172,274,1642,2619
CDKN1A,118,193,161,2563,1659,67
M6PR,164,159,213,961,856,243
RASSF5,3551,2837,575,3465,1009,7451
NOGENE,1894,3145,1894,432,1822,1023
LIMS1,382,551,168,979,858,344
MNDA,78,103,83,1056,572,7689
UCP2,366,933,1675,2985,2461,1048
CSF2RB,139,251,179,882,1831,5441
GSN,3,6,16,177,2747,124
NOGENE,992,742,205,256,1167,214
RFWD2,235,900,112,1174,1105,3505
NUB1,866,1616,367,678,1485,970
HNRNPC,611,4398,473,804,624,2925
SLC25A40,194,1783,73,1402,2601,301
GM2A,8,11,58,504,2964,59
LOC150166,163,972,138,1317,1224,5221
CPM,41,88,110,1101,2674,165
HCK,41,542,176,1759,1032,4812
SLC7A11,35,36,127,1717,1017,43
SMAP2,1215,2045,1018,1105,1248,8662
TMEM138,228,256,222,2650,1481,159
PTPRC,339,1404,1429,1086,796,4200
KYNU,41,60,168,2489,842,65
MBP,1930,866,209,982,915,3313
IRF5,249,449,146,900,3855,147
LPCAT2,116,110,156,156,1027,517
PGK1,588,4611,245,1262,1273,1338
GLIPR1,522,282,632,644,1106,1788
CD209,70,36,189,125,1898,154
KPNB1,1504,2153,422,1758,1289,2893
ACTR2,609,500,333,1335,496,2001
CD44,746,256,139,1888,1318,252
RCBTB2,158,22,91,388,1110,827
LSP1,467,725,320,385,1523,3191
IGSF6,35,13,56,1384,819,2258
YWHAB,827,247,309,847,520,1578
CD86,69,161,243,248,1299,169
ZNFX1,641,600,227,812,780,1324
EVL,587,1136,506,221,2398,133
MMP9,71,24,167,7656,5003,2007
HLA-G,3185,536,1777,4843,1354,7452
AIF1,1275,1115,21,918,1709,3686
RRP1B,131,214,192,274,1026,73
NOGENE,839,189,244,289,869,1231
SLC15A3,16,121,205,1169,1867,608
CLEC4A,25,27,160,1073,1010,1203
TBL1XR1,343,424,466,891,775,1294
SAMD9L,539,1219,245,827,1655,590
ILF2,454,4541,271,963,409,140
RAB7B,54,86,133,282,2073,197
MS4A6A,36,49,180,691,1708,209
PAPD4,469,253,232,556,536,595
LY96,70,62,55,351,452,1049
H2AFY,230,603,148,1564,566,540
UHRF1BP1,336,944,219,465,750,253
UBE2J1,1036,892,641,1401,995,1950
HSP90B1,448,150,336,677,1160,100
CAPG,68,133,105,1594,2229,171
OSBPL8,77,398,920,1236,694,2680
NOGENE,756,558,2047,2557,714,1230
HNRNPD,969,3337,530,1222,568,1201
MAFB,53,901,7,2410,1990,7
CLEC4A,3,8,149,882,1462,816
AP2S1,151,80,171,531,658,179
HLA-DQB1,51,92,861,92,2789,92
MBNL1,681,2307,1545,587,1084,2288
PLEK,630,404,60,2550,595,1386
UBE2F,442,1868,96,373,724,860
GM2A,23,19,92,503,2277,77
CD1E,20,21,35,30,2162,97
IL10RA,382,1067,204,630,1055,133
BCL6,62,249,255,796,1035,4692
SLAMF8,25,17,49,930,1095,35
LST1,282,1219,188,478,812,3729
STK4,320,338,311,620,639,2144
NOGENE,2346,4368,968,419,1877,2462
GNS,147,266,133,891,736,150
SPCS3,264,702,235,2354,556,958
GM2A,34,59,64,516,2292,55
PTPRO,29,27,171,81,870,133
TFEC,75,25,101,1059,845,115
PLEK,1012,786,168,2451,822,2481
CCL13,67,52,137,47,1831,106
NOGENE,116,157,135,661,556,61
BMP2K,33,183,303,262,1302,185
G6PD,125,87,74,522,1146,666
NOGENEA50,626,714,202,830,779,818
NCEH1,26,34,74,390,3894,35
NIN,828,1454,392,333,596,2335
MPEG1,231,753,622,1347,2763,4219
NOP58,1052,2331,1075,1126,943,170
RBMS1,738,1288,202,1056,1253,2697
CCAR1,396,840,299,725,903,336
TMEM206,196,330,271,1953,909,162
HLA-DQA1,59,125,937,168,3211,104
GPR68,409,310,288,1982,1554,221
PICALM,139,104,115,413,951,512
CYBA,1131,644,1370,1398,1445,1478
QSER1,376,532,342,593,1658,210
WAS,728,823,285,1257,598,3031
NOGENE,317,203,202,453,836,1595
NOGENE,187,236,44,1879,1677,28
KPNB1,868,321,479,795,398,1815
CHST11,342,330,151,1244,1114,1519
MALAT1,1368,1922,3284,10168,1930,10108
FCER1A,35,333,36,56,3694,117
H6PD,376,272,321,412,1322,382
CD83,89,446,2112,2362,278,114
CSTA,57,156,46,1804,1496,1696
CAMK1D,270,548,493,229,809,4258
C5orf20,158,64,142,148,3265,92
NOGENE,560,263,242,3241,826,816
KCTD12,87,48,79,828,932,336
DTX3L,486,1054,368,748,689,2164
EDEM3,1068,478,204,1565,644,1420
MSL1,492,345,279,757,873,7445
ZNF697,67,395,233,1613,818,164
WHSC1L1,1084,1292,701,716,494,2334
NCKAP1L,175,292,140,423,1333,148
NOGENE,76,143,210,607,993,1679
FYB,633,3899,74,426,902,4417
TET2,194,586,167,860,910,1615
CCR1,48,15,154,1567,870,2949
TRAM1,393,1178,711,607,593,256
NOGENE,796,1517,158,2102,1161,272
PLBD1,55,70,210,772,887,2633
UHMK1,769,918,233,1048,616,464
CCL17,22,14,13,30,2350,44
CDC42SE2,7115,8717,757,2270,1716,4615
SSR3,295,834,110,410,828,113
TRIM25,1042,3195,354,2730,658,3082
MIF4GD,457,678,276,237,913,254
GLA,53,67,108,2214,402,137
MOBKL1B,35,281,398,805,249,739
AIF1,328,1012,18,572,1126,3186
PNPLA8,202,1050,164,1841,406,1069
PTPRC,878,321,962,819,617,3538
SLC38A6,29,42,108,630,564,92
CCDC88A,61,41,58,604,1203,30
SNOGENEP23,243,136,1009,491,962,1103
SLC16A6,308,107,107,3356,558,546
MALAT1,943,2198,2355,4276,691,3488
EVI2A,426,476,83,1002,886,1585
TFEC,19,24,108,601,544,112
RHOG,460,870,278,815,609,4720
PIK3R5,985,490,221,1760,915,2029
IQGAP1,507,433,246,895,638,2108
RNOGENESET2,527,2915,929,367,1452,4263
DNOGENEJC3,84,7,187,4126,218,777
RIT1,261,116,70,2002,782,1308
TM6SF1,78,20,238,207,361,211
SMNDC1,686,1738,235,941,342,1153
PREX1,1367,1320,419,988,415,8380
FGR,372,455,355,882,1075,1743
IKZF1,1283,728,1046,561,442,2012
FXYD5,385,186,1108,566,1290,527
ARRB2,300,426,110,524,667,2688
FBXO6,349,707,116,417,924,282
RRAGC,384,602,387,1651,364,749
PLAUR,156,181,120,2607,959,1367
TNFAIP8,1161,1616,1595,2815,960,242
NOGENE,493,777,375,1257,959,3960
ABHD2,162,218,69,328,2272,1135
NOGENE,281,77,178,303,620,1335
PDXK,144,126,156,1845,1449,411
DOCK8,561,829,312,671,1059,2710
PDXK,52,146,69,820,1469,256
NOGENEGA,92,41,59,127,671,75
GAS2L3,33,45,56,190,666,81
AIF1,207,885,17,761,1407,2783
ATP6V1A,102,80,145,1034,489,1003
OSBPL11,311,293,501,1194,863,1535
TMEM149,209,44,190,210,958,266
EVI2B,320,316,531,507,266,2881
ASAP1,44,61,171,613,884,464
RNF13,97,58,249,1173,699,1160
PTPN6,570,503,791,1041,358,2216
LRRFIP1,162,705,443,727,688,1814
ASAP1,141,245,128,696,875,452
CD84,249,245,229,192,964,69
CLECL1,75,111,131,319,636,154
SLFN5,3195,1107,224,1570,1180,548
RAPGEF6,554,956,394,662,639,1370
CD58,265,341,71,1067,374,674
PTPLB,301,56,418,298,1819,156
MOBKL2A,681,2609,514,2149,675,6970
ZNF746,209,241,156,786,771,3159
PLEKHB2,55,53,65,829,234,257
SUSD1,316,303,205,400,363,192
CISH,91,3619,173,633,1174,152
NOGENE,1900,5892,652,775,959,296
IGF2R,194,157,280,985,512,1982
LRRC8C,318,453,125,577,734,143
RGS18,104,248,134,134,1253,2597
C19orf28,54,453,226,591,953,243
MYO1F,658,1254,118,633,404,5865
SAMHD1,111,349,55,336,570,128
FAM49B,211,673,451,1012,856,842
DNOGENEJB14,992,598,234,1282,511,826
GAS2L3,12,23,12,401,504,21
CD40,158,40,501,888,1117,898
PRDM1,341,623,120,1127,765,1151
SH2B3,190,286,114,405,290,457
SNX2,202,85,1446,384,371,222
LST1,147,775,74,570,790,6051
DENND1B,166,59,87,228,1191,128
NRP1,15,6,73,1751,494,56
OBFC2A,268,1677,186,875,1009,1449
C13orf31,51,33,120,1776,1137,89
DCUN1D1,412,246,117,732,1220,1426
KYNU,66,53,129,2407,455,403
PPIF,62,50,71,2166,835,470
CLN8,54,98,195,662,617,185
CPVL,146,49,6,232,837,137
LAMP1,215,57,200,958,3044,397
LYN,249,1082,776,2442,704,3366
NOGENE,719,1181,335,294,265,359
CPSF2,553,650,132,519,450,199
JAK1,288,141,825,736,356,2186
MREG,82,74,48,722,657,105
CBL,305,266,156,1046,636,982
ADAP2,24,37,43,411,1006,80
GLIPR1,171,167,403,420,247,751
NOGENE,185,315,44,465,562,1213
PARVG,406,205,377,577,1035,1900
NOGENE,5,19,37,772,1002,617
NOGENE,503,348,97,215,794,125
MTDH,322,951,181,380,1348,70
TK2,147,163,58,226,702,359
MKI67IP,143,882,181,494,373,98
NOGENEGA,64,47,165,146,527,179
NOGENE,41,52,687,148,2827,46
ABI1,275,61,637,1082,270,759
PILRA,36,196,70,1447,433,1756
LNPEP,841,141,414,555,557,606
DAPP1,103,796,465,432,496,2371
TNFAIP8,573,786,1218,979,678,510
CDK6,401,1042,115,87,911,127
PRMT2,1484,898,483,434,779,1048
SYK,57,165,513,308,563,622
ERO1L,306,3486,105,1063,823,1133
SUB1,1304,1260,186,632,544,507
DNMT1,112,238,144,198,449,71
SFRS1,247,870,306,873,369,143
OSTM1,241,372,134,1004,828,508
LST1,270,928,92,448,901,5057
MOBKL1A,98,56,105,823,457,75
ALOX15,3,36,87,17,1560,197
ANP32A,500,217,553,558,294,1665
LST1,76,787,123,327,898,4610
EIF2C4,292,273,385,593,462,2897
SARNP,573,3949,144,885,387,440
ABCC1,110,216,52,747,654,280
TNFAIP2,116,100,340,1351,1197,3323
CLEC2B,408,685,555,541,413,3925
PION,188,176,1714,925,1010,171
SLC16A3,34,87,68,1083,1331,455
GLT25D1,149,127,270,434,839,124
CTSD,52,19,70,685,2540,190
IVNS1ABP,134,205,82,1032,975,508
ABL2,274,128,41,638,781,85
MTHFD2,262,173,133,498,372,84
MALAT1,897,245,762,8068,686,1270
NOGENE,10,59,122,221,1362,432
RNF144B,150,24,103,2070,1275,1105
AKIRIN1,624,598,265,891,529,1008
PRPF40A,268,278,535,577,586,204
KCNK6,65,72,110,262,511,205
UNC93B1,102,283,494,248,765,1030
SFRS2,842,311,1551,550,360,158
DSE,40,37,186,762,631,249
CNO,1168,785,515,496,476,586
DEDD2,924,1155,352,1612,459,4487
LRRC8C,533,142,161,671,1033,176
NOGENE,185,278,297,730,423,203
RNF213,2825,906,488,1259,759,1686
C22orf9,71,60,101,114,684,83
PTAFR,73,43,166,662,612,2132
NOGENE,512,312,186,505,551,2187
IL7R,2022,1002,147,1789,846,1133
INPP5D,346,325,566,148,580,1024
KYNU,52,19,138,2682,613,65
MBP,1161,809,269,817,770,3056
RASA2,1796,1648,570,992,463,1926
LPCAT2,83,104,143,66,709,499
HNRNPR,614,226,443,693,706,244
SYNCRIP,438,53,171,404,493,152
RCSD1,2124,1565,1251,648,823,3384
NOGENEGPA,82,31,187,120,968,59
GNB4,40,235,125,644,439,393
VASP,110,395,300,1447,1103,2028
DDOST,465,245,176,412,594,62
TFRC,134,2044,133,156,2134,164
DCAF13,370,1200,280,325,471,200
TIFA,444,4911,382,695,520,722
SAMSN1,201,341,98,1294,527,560
FLVCR2,38,67,59,218,187,43
TAP2,664,725,623,755,417,1234
MAP3K13,114,399,190,391,640,97
AP1S2,160,241,140,1269,325,685
LYN,160,1044,730,1292,575,1905
C12orf5,52,148,43,193,419,99
OAZ2,166,138,311,328,741,1532
NOGENE,73,94,147,220,706,189
LST1,82,679,114,310,551,3360
CFLAR,403,476,98,914,703,3404
CYTIP,642,266,315,910,967,632
RFTN1,331,352,359,776,929,90
KIAA1033,144,15,766,463,561,939
MBD2,248,551,524,529,332,799
NOGENEGK,85,85,316,542,394,1423
SNX9,393,2357,130,5735,778,27
CLN8,124,290,223,679,746,145
NUS1,389,674,179,950,1079,148
H2AFZ,756,637,307,823,666,714
NRBF2,212,575,85,664,297,3136
ATP2B1,132,368,468,929,1237,584
ETV6,123,578,161,338,889,506
NOGENEA50,384,274,295,362,445,341
ACER3,59,80,64,665,973,94
CD44,222,273,203,653,560,196
TANK,291,177,199,1654,375,853
NOGENE,1022,2188,312,1947,222,244
C19orf10,348,244,108,359,694,189
ZC3H15,372,686,307,438,206,383
IER5,631,1077,656,1943,411,547
IL1RN,70,18,157,4872,1712,584
BCL6,147,512,169,1027,743,2101
HERPUD2,1077,560,284,916,422,1297
SEPX1,136,156,7,282,692,4357
NOGENE,489,289,555,306,588,1713
HNRPLL,296,1649,85,550,720,201
CDK6,395,1054,294,261,477,91
CAB39,953,1140,221,845,645,1148
RBM8A,484,2360,372,873,190,600
LOC154092,9,2,13,32,829,14
ADAM12,35,13,123,66,1633,100
C5orf41,519,618,436,553,916,2534
HIPK2,73,433,246,1931,720,658
NSMAF,171,332,121,1783,364,571
KCTD20,440,810,223,670,403,646
GMFG,754,61,302,394,387,3701
NOGENE,702,413,238,163,222,95
ADPGK,214,165,242,867,477,353
DPYD,179,77,61,507,165,176
CLN8,128,107,155,296,252,5
GTF2A1,551,1547,142,1719,290,701
BLVRA,48,307,177,355,309,232
NOGENE,19,207,168,696,504,272
TPP1,218,147,356,397,611,153
CYBB,41,370,546,1330,1572,198
HMGB1,367,461,817,327,290,780
SUB1,1268,769,701,430,718,419
CCNYL1,62,112,112,365,596,101
IL13RA1,51,50,212,408,885,381
CTSZ,17,11,98,317,1036,194
MALAT1,614,3543,495,1695,1238,1117
NOGENE,145,307,100,1676,331,596
RASSF2,137,187,138,405,669,2505
NOGENE,672,2678,738,1643,1128,2115
DOCK2,73,244,248,213,339,552
PATL1,197,1714,407,859,367,521
C10orf54,885,1168,219,521,789,7471
CFLAR,576,486,159,951,590,2706
SERBP1,335,836,335,436,212,224
IER3,52,35,126,11370,1280,527
NOGENE,196,527,137,1609,856,70
PLAUR,33,197,70,3510,808,627
MBD4,195,374,1016,1374,683,1221
SLA,117,488,326,581,449,896
C1D,441,737,212,678,535,726
SLAMF8,88,68,175,408,656,197
EHD4,64,196,158,372,347,186
MTHFD1L,153,1744,110,140,326,48
CD58,190,75,72,1018,177,443
ZC3HAV1,1947,3852,560,484,385,721
SLC3A2,94,139,66,1143,369,109
PLD3,46,45,50,144,1187,124
UHMK1,966,454,144,1151,663,428
TGFB1,346,820,322,519,1357,814
NPL,20,64,18,158,1022,433
MS4A7,226,180,35,3196,1871,91
SFRS2IP,200,202,234,590,564,938
GRB2,128,174,288,398,183,670
NOGENE,802,346,191,523,336,87
GRSF1,129,120,114,173,454,61
SLC16A3,30,50,67,868,1227,776
MALAT1,317,1656,1617,886,599,579
EFHD2,1106,1188,104,409,255,1288
DENND1B,72,92,107,266,486,118
NOGENE,70,303,126,2018,1271,460
ITGAX,19,147,49,802,864,690
OGFRL1,35,122,179,1165,904,1177
SLAMF7,1307,528,147,7915,883,91
NOGENE,353,364,123,511,738,2948
RILPL2,328,992,155,2621,1149,2142
C10orf119,224,3029,174,782,376,980
LST1,266,644,85,457,693,3800
HECA,377,447,564,434,828,1434
NOGENE,80,666,220,743,404,425
AKAP13,748,391,387,1579,371,1066
CLIC2,2,2,7,165,1268,7
NOGENE,81,5,151,212,819,339
THOC4,435,2789,283,330,701,144
NOGENE,262,322,149,1774,198,595
SASH3,383,520,143,309,455,653
CWF19L1,380,124,363,369,422,231
BUB3,108,654,298,580,203,75
RAB8B,390,3337,312,1603,432,1048
LRRFIP1,298,359,334,282,1383,1603
NOGENE,3,18,79,1291,975,20
ERI1,76,493,118,229,956,90
IL2RG,560,345,946,933,441,1778
IQGAP1,316,16,237,937,458,2266
MTPAP,399,344,258,431,291,159
SEC14L1,41,169,168,370,420,1645
ERICH1,151,238,125,314,508,1220
LOC100190986,589,576,565,1084,669,112
NOGENE,437,207,226,422,279,370
CYTH4,207,147,182,275,319,1379
NECAP2,117,301,195,347,434,103
C9orf89,222,358,14,1207,565,1118
CD164,182,358,261,414,804,214
CTSL1,41,37,49,2133,1531,84
C17orf96,13,777,72,525,1018,77
UBE2F,222,909,83,319,441,365
NOGENE,62,8,19,251,1150,153
NOGENE,137,579,1033,1607,213,425
BLNK,112,75,1042,19,1198,99
CKLF,471,135,164,607,472,1796
IL13RA1,39,45,70,375,750,400
SAMD9L,309,487,161,297,1031,462
PI4K2A,58,127,221,268,374,136
GGNBP2,1095,396,532,976,287,1142
IFIT3,138,3009,164,2195,1433,4026
MS4A6A,83,168,64,211,979,159
SKAP2,120,215,211,210,555,1186
SELPLG,434,296,86,353,1340,3115
NOGENE,629,924,148,2516,853,1061
SNX9,97,3603,77,3306,559,75
CFLAR,426,637,167,1158,757,765
BRD2,234,348,506,3585,470,812
ENTPD1,84,20,138,59,422,700
IRF5,65,97,102,336,614,167
IKZF1,781,737,321,344,407,932
MLL3,831,235,227,837,437,1326
FAM129A,261,558,29,2066,528,3879
NOGENE,211,533,299,370,1153,102
CSF2RA,6,5,9,820,734,532
SLC15A4,872,1061,226,619,448,5285
MAFF,400,318,81,1795,1381,64
ADCY7,230,160,113,192,214,284
OSBPL8,119,59,240,525,150,1487
CFLAR,268,406,220,1020,499,3116
DPH3,156,978,66,703,282,400
NEAT1,56,458,219,8897,948,1037
SOD2,145,197,181,2393,1106,2012
CDC42,3910,2426,220,3180,617,5884
NFAM1,53,135,94,200,461,1920
RNF166,714,583,120,226,273,1554
NBPF10,1208,1051,675,2383,582,710
KBTBD8,64,71,122,1798,482,126
MTPAP,381,521,165,375,332,212
NSMAF,110,126,120,1356,283,239
NFKBID,65,514,318,641,449,315
CPPED1,166,211,31,215,583,4715
CISH,63,50,360,218,441,374
NOGENE,283,921,140,1498,646,2281
THOC4,266,727,122,357,439,177
CCR5,317,431,219,708,721,112
MAF,88,262,56,143,378,60
MTPAP,395,231,327,713,440,61
MTDH,89,124,189,150,238,84
BID,56,217,65,1068,486,1590
AKIRIN1,506,179,224,1013,476,566
NCK1,173,116,125,202,328,97
IL6R,331,959,160,1834,377,3376
ACER3,18,111,72,270,922,46
PICALM,164,95,82,307,541,1223
SSR1,239,342,247,536,317,234
SERBP1,182,172,457,265,279,214
IL17RA,120,436,211,507,458,997
SWAP70,43,71,940,288,400,93
CFLAR,372,390,181,995,624,915
FNDC3B,143,105,148,1717,956,1087
NUP62,163,101,180,415,421,24
LOC100132999,2600,4630,1337,391,541,831
RELT,140,433,373,570,806,530
IL27RA,196,267,95,115,642,8
SYNCRIP,158,153,159,176,248,82
RFX7,342,801,158,242,187,184
SSH2,620,441,464,558,629,3023
NOGENE,253,3207,55,57,517,121
KPNOGENE2,203,304,169,249,424,50
ORMDL1,576,975,478,164,632,162
NOGENE,97,350,298,383,476,1697
NETO2,90,80,215,218,493,180
WIPF1,404,100,247,204,329,723
WIPF1,415,440,432,181,322,1965
KCNJ2,33,67,140,2355,422,2433
GNS,64,90,98,452,462,183
TAOK1,536,275,137,1337,570,603
NCK1,109,67,57,144,287,193
ALPK1,34,783,49,148,408,2036
GIMAP2,1897,2422,121,205,250,709
IFI16,252,122,465,976,543,1512
MTF1,51,181,24,2597,414,522
LYN,194,673,426,891,307,2663
ARL4C,2182,682,96,68,922,272
TXNDC11,187,354,205,529,603,52
CD58,175,153,98,855,359,524
KRAS,398,201,144,640,389,1112
RIT1,37,18,50,1332,123,113
WDFY1,297,915,121,732,662,121
MSL1,673,858,163,244,589,4958
EIF2C2,511,1454,300,1175,373,1183
MGAT2,261,135,102,477,217,96
HMG20B,112,74,104,284,303,115
IGF2R,196,244,87,451,377,1882
DNOGENEJC1,617,1308,86,328,223,205
ATP6V1C1,71,33,79,349,415,197
CCL4,581,480,118,4890,894,256
OBFC2A,93,896,97,222,382,762
ZEB2,197,24,18,729,556,177
TMEM33,165,293,75,406,431,483
ROD1,395,391,146,707,404,3201
TPRG1,82,166,127,102,1826,45
STK17B,1405,651,865,1518,438,4329
CST7,1429,2016,71,222,1111,2100
IRF8,229,177,2225,348,936,90
GNPTAB,135,192,172,255,141,51
SLC15A4,509,405,340,813,375,2481
DAPP1,166,546,466,366,348,1321
USP3,88,470,345,287,287,420
ISY1,114,153,154,334,194,956
PPIF,74,67,75,2649,367,170
QPCT,21,11,51,654,547,772
SUPT16H,367,1971,564,295,605,50
BAT2L2,571,700,189,1439,484,267
DOCK10,216,320,204,439,299,7
CYB5R4,43,48,164,374,402,245
SLC7A11,29,41,174,1706,413,154
GLS,305,2028,187,632,310,259
AGPS,215,358,82,323,466,65
USP16,206,209,244,447,636,160
CD86,33,51,84,121,483,87
ARHGAP9,203,965,234,167,807,4276
EPB41,428,2104,848,384,599,2592
SPI1,12,106,92,129,545,1376
TSEN15,406,219,256,246,290,171
XAF1,555,735,276,1109,755,377
ARPC5L,863,1539,207,230,321,191
ATP13A3,109,124,95,720,426,70
TRPV2,366,258,33,401,604,37
BID,62,123,30,418,513,401
RAB9A,107,151,58,508,380,136
MRPS10,204,262,218,1746,371,159
ITPRIPL2,60,76,131,2192,617,138
FCGR2C,88,47,279,1201,923,2231
LOC344887,94,112,306,551,559,174
CYBB,65,87,102,1038,1278,120
IFNGR1,405,240,128,272,539,976
HSP90B1,237,134,81,982,657,32
CFLAR,107,177,124,622,564,1037
SRGAP2,150,236,103,333,339,489
SSH1,168,140,118,476,282,255
TLR4,31,98,79,380,627,1314
MTDH,153,158,329,173,181,63
NOGENE,535,822,427,765,289,9782
NOGENE,459,1126,846,360,706,510
NT5C3,950,1172,1112,370,356,2014
JMJD1C,287,98,435,586,139,4153
SPRED1,72,36,60,472,1018,48
FGD3,958,2763,439,721,228,4582
SFRS2IP,302,130,115,499,354,538
SLCO3A1,205,405,223,249,262,952
BANP,528,540,500,2894,288,1189
DDX21,573,118,445,217,1024,138
EIF5A,876,665,1129,760,1028,164
IVNS1ABP,89,38,68,632,454,409
RAC2,403,552,676,1250,829,2243
TNIP1,79,288,197,2518,418,1049
C14orf106,180,673,268,156,321,294
RGS19,196,344,321,232,260,1208
N4BP1,85,36,56,846,375,967
ATG7,107,88,104,823,523,486
CDK6,316,1585,178,180,485,219
CMC1,2940,616,95,357,527,66
TIMP2,6,34,13,129,1116,905
CR1,195,327,508,181,1829,3294
XPO6,280,138,260,285,332,3031
NOGENE,1290,1251,1049,1078,283,594
POLE3,88,227,188,130,261,129
IRF2,282,258,355,233,559,504
NOGENE,532,2016,1046,365,480,197
GRINOGENE,74,16,154,737,570,310
C14orf109,21,29,62,624,677,33
MAN2A1,234,202,275,93,481,195
CXorf38,320,715,240,333,163,679
CD44,148,305,388,1119,153,202
NOGENE,342,707,129,136,557,83
CSK,202,137,1287,360,246,986
ZC3H7A,532,310,191,280,364,568
NOGENE,65,208,85,886,450,257
TRERF1,184,98,160,115,309,475
GCA,29,32,96,477,214,3046
ARPC5L,746,1243,211,419,323,220
LOC338758,213,582,433,3404,604,2637
CCR1,49,58,13,1240,531,1617
MAPKAP1,129,130,206,205,320,136
DCUN1D1,223,221,110,630,547,410
NOGENE,707,518,197,249,413,285
TCIRG1,71,431,142,4235,1023,833
RNF141,125,197,487,77,676,4606
UBE2G1,418,830,258,352,104,517
ZNF217,210,105,113,368,430,955
IL1RN,61,66,82,3814,1114,512
FYB,487,373,44,223,837,3053
C17orf58,45,921,54,212,278,213
TGOLN2,169,87,72,544,247,270
NOGENE,103,4085,246,95,258,532
ST8SIA4,259,81,157,244,753,2031
PSMD11,167,155,113,1029,317,263
CD40,33,46,301,465,563,39
UBE2G1,175,101,92,165,204,280
NOGENE,772,631,245,756,293,11038
NOGENE,1178,1124,357,960,476,785
RIT1,29,173,24,641,193,283
STX11,129,253,125,1342,372,1780
PARP9,475,1629,165,432,291,1505
ATG16L2,245,313,423,620,486,4005
SOAT1,51,25,48,315,329,89
ZBTB1,1044,503,646,274,234,122
NMI,456,412,143,333,335,1201
C1orf38,482,631,100,548,291,2393
C3orf38,349,419,234,368,90,176
PAK2,320,140,230,214,344,579
NMT1,138,111,197,189,133,78
TNFAIP3,3631,3095,213,1813,435,526
RIT1,100,73,111,998,421,686
KPNOGENE2,110,216,100,334,156,71
TMED9,155,313,297,910,371,231
ANKRD44,485,610,918,144,487,1640
HMHA1,1006,257,757,459,707,1494
C19orf10,96,214,92,313,378,86
PAK2,191,76,219,297,312,336
GPSM3,245,310,584,639,287,2363
ARF6,289,593,557,256,225,377
MBNL1,414,619,662,239,385,455
AMPD3,86,165,151,1213,550,240
SMC1A,190,243,94,177,190,134
UBXN4,338,82,330,497,243,695
C9orf72,88,142,149,813,422,1144
SKAP2,67,121,302,117,313,440
NOGENE,432,296,159,381,559,226
RAB11FIP1,95,200,192,209,137,1813
NOGENE,76,113,84,2180,739,102
CSF2RA,11,33,24,457,635,139
TIFAB,78,86,130,84,939,120
ARL4C,1761,1100,96,53,885,181
C12orf35,2100,1059,621,1986,324,8825
PPP1R2,217,524,390,388,157,255
SLC44A1,193,603,220,354,1283,185
MGAT2,174,39,123,307,271,109
FLOT2,357,77,273,283,380,2252
ARL6IP6,474,1486,120,872,415,825
SLC11A2,99,66,178,1260,231,140
ELF1,797,227,577,342,250,1434
BACH1,95,204,349,1241,423,1579
ENTPD1,76,16,106,59,432,303
SRRM2,180,890,565,1575,336,584
ACAP2,103,17,437,326,356,1149
USP15,247,162,181,355,611,3220
VPS37C,21,51,65,900,343,277
DNTTIP2,169,195,195,1644,285,169
TAF1D,656,1912,673,377,750,382
UBE2J1,539,370,242,557,243,669
DOCK5,113,209,225,1165,240,2578
RNF213,444,1292,689,778,410,1037
NFKB1,172,271,217,850,408,306
WTAP,397,143,495,784,310,205
NCF4,53,191,246,187,144,5009
GMFB,27,29,79,345,219,103
CD274,47,261,80,1248,462,236
HK3,6,189,11,460,900,496
FNDC3B,111,54,162,1110,1034,937
DHX33,312,646,127,228,147,214
NOGENE,621,428,613,253,768,968
CFLAR,162,297,138,440,422,1940
CLEC5A,43,21,200,3275,780,125
PTP4A2,319,1061,309,488,191,854
TRIM38,204,28,1007,315,126,671
LOC374443,1838,948,622,5467,364,459
RPN1,181,79,233,294,349,183
SART3,329,293,259,376,235,195
FCGR2B,76,17,373,475,708,259
STXBP2,57,225,131,436,494,954
MLEC,57,47,54,248,479,137
SLC31A2,62,138,14,568,277,1145
G2E3,174,359,250,555,416,356
NR3C1,195,76,175,977,152,982
C19orf28,64,66,54,317,420,9
NOGENE,415,405,170,749,519,149
HLX,45,10,107,642,434,693
IL27RA,189,72,73,140,244,127
LY9,986,1652,517,141,811,311
PARVG,415,405,287,279,582,809
C6orf173,115,1746,55,351,237,39
CDK5RAP2,338,384,98,2667,377,143
SHKBP1,277,445,174,1448,293,2928
C14orf118,168,169,197,742,353,151
NOGENEA25,125,255,277,271,213,157
TBL1XR1,285,264,152,270,208,551
MFNG,418,45,158,133,423,344
HAUS1,388,1429,188,266,220,75
PREX1,927,568,164,475,198,3386
USP15,88,190,206,261,80,1797
USO1,79,72,211,317,224,179
RHBDD1,191,646,46,171,206,25
FBXO33,526,506,230,169,595,904
COL4A3BP,80,131,128,837,669,827
C17orf49,204,2322,420,1255,252,676
AKNOGENE,2397,1193,483,251,552,2893
CCT2,263,424,376,338,265,149
DERL1,316,190,141,380,212,145
NOGENE,736,649,155,128,205,264
NUP153,158,75,213,291,233,445
WNT5A,19,19,178,1392,171,127
HMGB2,614,152,1016,286,369,1618
SLC36A4,95,215,330,729,269,43
C10orf54,553,1073,162,267,791,4789
FMNL2,57,292,139,523,737,97
NOGENEDK,119,195,126,460,238,2177
CSGALNOGENECT2,98,34,97,437,392,241
NOGENEIP,83,127,140,254,879,557
SAMD9L,196,243,79,455,834,703
CFLAR,336,588,262,1058,204,3538
THRAP3,560,327,333,857,672,1514
C1orf38,472,624,152,590,210,2007
WDR1,183,31,188,296,385,249
CREB5,33,34,115,248,540,1550
NPC1,143,106,148,976,742,110
MOBKL1B,77,78,131,350,149,181
CCNYL1,42,81,167,275,215,88
ICOSLG,43,13,303,649,434,38
IFNOGENER2,132,62,97,106,513,483
PDIA4,147,64,115,173,328,149
SOD2,35,115,117,9213,639,4022
PITPNOGENE,46,49,58,340,145,664
PRRG4,49,120,116,130,326,1440
RICTOR,642,782,248,701,363,3401
MKI67IP,558,406,136,199,358,122
TMPO,776,4351,419,489,296,298
PRPF40A,167,334,586,452,184,300
IKZF1,343,903,484,185,97,149
KLHL28,158,288,126,697,201,86
GMIP,59,149,152,393,140,831
NOGENE,117,289,183,292,369,1858
S100A9,380,572,92,4533,1589,6683
PRPF38B,754,983,749,407,261,690
CREB1,472,256,327,485,337,1662
CD86,71,12,194,62,427,198
KTELC1,281,211,161,122,318,337
ANKRD28,264,184,44,492,791,203
CTSS,129,368,170,256,369,903
NOGENE,163,242,72,1187,511,128
ARHGAP25,221,141,226,126,278,2095
FAM53C,99,43,159,147,125,1739
TLR2,46,106,46,2079,316,712
MEGF9,117,125,118,843,271,2228
RBM22,223,556,229,779,160,670
RBBP4,116,196,154,164,203,182
SYK,87,148,518,571,427,997
WBSCR22,112,139,114,109,174,78
DUT,425,300,402,222,210,150
MBD6,320,221,106,681,541,3165
NOGENEDK,130,161,272,309,232,2104
C5orf41,155,157,199,320,525,525
FNIP1,187,190,205,765,284,1050
KLHL6,118,1785,95,497,526,183
XPO6,291,484,135,247,212,1288
ATL3,87,566,171,474,189,118
CMPK2,275,1247,150,7904,282,283
ROD1,247,153,249,272,363,559
C3orf38,293,392,108,237,214,67
ATP13A3,75,88,209,2598,541,70
PHC2,106,278,212,365,252,2281
LOC728855,2451,1439,83,578,496,637
SLFN5,502,181,143,610,413,83
TM7SF4,12,70,123,207,881,131
BAT4,448,402,234,1664,124,581
ATXN1,237,77,105,856,178,125
XPO5,188,929,5,359,247,53
CXCR4,2544,3816,3627,620,761,3132
MITD1,613,2110,137,573,245,279
AIFM2,91,39,21,346,850,17
NOGENE,242,1288,259,735,139,857
RNF213,426,502,196,307,261,487
COMMD2,142,63,162,505,551,190
FAM101B,1548,650,243,569,176,3188
CSNK1G1,295,307,132,514,233,419
AKT1S1,82,111,91,184,396,94
DENR,94,291,218,294,131,362
SPOPL,95,144,202,454,195,1391
PRAM1,7,78,3,298,1709,845
NOGENE,150,221,143,1154,260,223
PVRL2,35,100,74,118,234,99
DFNOGENE5,49,20,174,1073,583,77
LRCH4,669,399,365,651,273,950
RBM17,353,741,225,225,430,218
SPATS2,98,251,165,103,372,94
GPATCH4,389,125,186,193,223,105
C3orf59,106,482,124,1417,413,136
RNF125,740,1258,72,84,256,72
CXCR4,5533,1482,5757,539,469,3254
IL4R,115,443,1841,344,126,624
MDM2,140,750,54,581,668,514
NBN,94,59,89,998,169,536
RALB,150,213,91,234,143,2510
NOGENE,457,180,60,11919,423,34
NINJ1,77,103,5,837,307,1825
NOGENE,178,141,612,522,826,113
NOGENE,88,96,679,184,403,236
NOGENE,168,552,486,579,388,86
RASGRP3,10,6,588,124,395,9
RPS27L,154,95,119,653,355,111
SEC62,358,191,768,679,444,673
EDEM1,115,40,252,159,222,77
SLC38A10,154,66,210,256,267,162
BAZ1A,49,31,115,336,194,462
DHX36,626,686,200,697,231,126
ANP32E,150,348,365,121,224,312
CYP1B1,4,1,18,838,420,22
C1QBP,249,408,159,324,217,92
MAP3K4,72,144,90,1101,511,109
STIP1,129,13,111,245,172,71
DEF6,484,884,172,224,313,917
LEPROTL1,1111,740,209,95,137,350
RAP2C,117,265,301,506,145,500
NOGENE,197,748,231,641,324,251
BOD1L,238,202,658,616,396,3956
NR4A3,12,5,65,329,381,56
RYBP,65,103,190,523,115,808
CXorf40A,94,127,351,97,88,98
UBN1,129,124,102,260,212,1418
NOGENE,236,368,140,298,741,364
PA2G4,257,234,78,395,126,88
ST8SIA4,348,455,64,257,476,2492
CXCR4,4827,1923,5706,594,565,3702
NCOA3,283,15,445,432,227,320
ARAP1,36,296,109,344,262,662
SYNRG,189,350,68,179,311,46
FNDC3B,40,65,93,1418,595,286
LUC7L2,204,684,120,293,426,66
NOGENE,203,206,130,827,280,660
NOGENE,272,559,128,71,248,179
RNF19B,221,147,283,650,311,450
C17orf62,222,90,173,388,294,437
NOGENE,90,214,51,909,280,1979
PLEKHA2,184,616,439,185,231,832
ITPRIPL2,76,109,148,653,315,100
PCNOGENE,245,149,93,222,308,86
C5AR1,58,594,143,1936,543,3129
CUL1,77,182,171,162,138,50
CSF1,31,47,132,3594,465,82
AMPD2,317,447,157,391,222,3526
NOGENE,369,315,188,437,243,450
FCGR2A,18,147,96,902,604,3843
SYNCRIP,161,101,93,122,121,88
SLC25A16,207,1175,1525,268,127,2757
CD53,228,115,498,207,406,732
SWAP70,38,31,672,186,348,90
NCF4,29,90,167,257,247,3757
CBX5,264,1652,48,163,388,88
TYMP,55,63,80,372,217,587
GSPT1,161,307,249,199,328,97
CSF2RA,54,19,44,311,478,137
DDX39,75,131,737,744,276,76
AKIRIN1,195,351,194,189,168,409
SFRS2,206,341,371,171,233,282
IDS,158,454,154,226,116,1223
TBXAS1,60,218,127,262,207,898
CDC42SE1,294,465,239,289,130,2281
NOGENE,101,2014,850,494,226,1506
PIAS1,423,76,320,244,81,1351
TDP1,50,146,190,161,538,70
MCOLN2,574,278,325,2433,477,113
KDM5A,118,78,187,435,211,741
STK10,600,459,272,520,205,474
SYNRG,362,268,325,151,157,213
TRIM38,73,204,506,195,156,596
CEP78,216,151,202,132,119,140
RUFY3,265,334,194,211,149,114
FAM119A,91,165,293,404,404,249
BAT2L2,144,443,329,588,218,501
CFLAR,177,38,143,322,290,653
CKLF,121,57,97,375,407,1415
NOGENE,132,162,79,5212,439,84
CCDC88B,434,364,418,758,395,1046
TAGAP,1643,539,1315,305,329,5372
LASS6,59,286,110,304,171,94
OXNOGENED1,1422,1391,188,180,98,275
ARHGAP25,347,274,378,133,374,2552
KPNB1,82,71,96,187,130,437
NOGENE,143,70,471,3325,382,311
MS4A6A,64,37,186,221,535,206
NLRC5,2596,2171,577,489,315,501
STAT5A,92,141,320,170,195,351
IL16,329,596,167,175,143,643
STIP1,47,65,131,309,401,8
PIK3CD,817,846,479,476,390,1874
IL8,50,356,197,55758,516,7533
SNRPA1,299,174,556,116,287,42
ST8SIA4,167,163,48,179,312,1572
KDM4B,169,223,391,166,205,1291
WTAP,136,213,311,942,165,177
MED23,292,107,241,356,127,142
PXN,386,178,271,175,232,910
RNF213,423,242,152,283,219,302
NOGENE,217,553,215,301,210,1520
RIPK2,138,351,141,1216,76,293
CD40,28,36,173,295,352,71
ZC3HAV1,541,659,136,459,217,128
YRDC,565,477,107,1069,411,115
PAPOLA,307,167,962,317,76,247
C21orf91,318,464,454,626,461,1277
PHF19,167,2214,147,248,165,68
PTEN,191,61,268,168,124,1749
DUSP5,148,749,98,1130,241,192
NOGENE,140,66,163,1615,453,298
NOGENE,215,147,116,129,483,789
TAP1,182,15,180,529,331,879
C15orf29,282,457,114,595,400,3679
CEP170,79,72,171,1105,350,51
TBL1X,57,76,61,282,483,1321
PPAPDC1B,127,270,1261,263,270,176
MARCH7,334,131,401,195,195,855
IRF4,163,106,159,130,381,207
PDK1,555,2284,130,128,185,407
KIF2A,219,253,94,68,129,65
GPR157,51,358,110,330,154,348
UBE2G1,176,146,236,127,227,120
TRAFD1,91,95,186,161,191,268
NOGENE,41,1548,75,137,176,76
IKBIP,85,847,46,106,132,1191
EAF1,71,199,149,1703,290,90
FNBP1,221,224,325,556,302,622
GPR109B,56,180,129,1206,778,5100
OSBPL8,330,194,217,1598,306,2536
PTPN7,156,157,114,214,201,39
BPTF,260,69,192,199,229,348
WIPF1,1230,1335,268,192,154,1442
SPOCD1,10,33,104,72,1131,12
KDM6B,306,89,227,2456,291,3019
C16orf87,122,489,59,187,242,127
TGS1,218,425,162,282,206,283
RAB30,115,201,436,145,309,368
SLC2A3,483,588,202,1198,523,1198
MCM6,294,58,57,66,107,70
TBC1D10C,2536,2608,795,196,881,2153
YPEL3,1516,811,496,488,295,7128
KBTBD2,664,343,311,351,233,875
NUMB,71,45,80,317,132,834
CNOT10,146,297,162,124,193,117
RNF19B,93,147,63,532,237,269
TGFA,44,10,290,317,158,447
FMNL1,271,619,164,311,322,1994
ADAM19,130,210,272,104,593,179
SP4,738,340,215,313,199,676
NBN,66,130,150,3818,257,857
SLC43A3,134,137,222,1297,181,219
PTPN22,524,867,168,64,229,53
ZFYVE16,54,40,71,771,264,250
RASSF4,37,70,19,271,361,15
DYNC1H1,380,136,27,428,644,34
CXorf40B,89,99,132,96,60,72
MARCKS,14,163,189,1833,471,529
NOGENE,70,162,228,162,114,1398
TNFRSF1B,167,813,142,4237,264,1050
TXNDC15,219,72,147,203,54,160
CASP8,304,231,334,124,159,689
CRLF3,411,1133,229,471,123,671
ATG16L2,101,20,92,294,312,6209
MRTO4,263,140,189,163,344,192
CORO1A,876,401,980,642,396,3691
KCNJ2,34,77,219,609,146,1716
GNOGENES,780,623,376,465,313,370
RC3H1,409,562,220,720,331,614
SLC45A4,130,182,201,110,146,1294
ELF4,141,142,83,243,226,550
NOGENEA25,168,317,216,85,547,73
TMED8,175,1112,289,613,78,334
DOCK5,63,153,64,854,214,2225
RNF213,163,229,218,1062,205,633
CELF2,233,41,184,102,173,672
SDF2L1,139,51,89,165,167,88
FAM55C,105,323,186,166,174,210
FSCN1,14,14,1,121,590,42
NOGENE,119,133,217,296,335,87
CYSLTR1,230,349,182,134,202,1416
EMR2,51,209,152,500,225,2679
CD44,102,416,165,1728,218,88
NOGENE,600,728,225,205,202,239
BANP,276,196,229,1675,197,1172
LCP2,140,347,71,489,203,908
MAP3K4,223,125,241,1224,459,6
TOR3A,166,201,298,178,93,175
USP10,203,220,163,126,363,2855
TMEM209,216,171,223,181,125,34
NOGENE,105,67,302,733,263,244
CLEC4E,78,126,210,8747,451,5540
EED,136,121,156,223,83,45
TRAFD1,212,250,87,201,183,327
TANK,123,41,228,637,201,323
MANEA,124,212,129,110,165,59
NOGENEMPT,22,109,80,1911,543,3992
NOGENE,146,152,192,143,285,3700
ATM,575,441,263,75,233,185
SERPINB9,644,422,705,6385,190,406
EXOSC3,171,1498,63,330,147,79
TMC8,3086,7460,901,254,578,512
FRAT2,79,68,103,170,94,1849
LOC641298,170,272,295,422,286,395
RAB24,292,338,365,730,310,3255
EIF4E3,492,1018,205,175,140,2678
NOGENE,374,281,23,935,381,764
EIF5B,142,123,161,595,285,68
SSR1,105,208,143,124,145,119
GRSF1,115,47,120,58,207,75
NOGENE,422,447,84,631,363,1113
EME1,206,689,108,444,314,63
RNF144B,61,47,19,976,247,155
LOC595101,187,242,279,224,221,255
EIF5A,353,144,307,929,239,330
TMC6,573,137,261,114,499,397
PAPD4,119,212,137,343,226,135
NOGENE,312,745,312,321,191,619
NOGENE,250,1174,163,763,284,159
SQSTM1,172,136,150,3280,125,220
STK40,261,214,91,842,297,1571
DIP2A,897,763,144,317,98,343
SNX11,69,59,76,348,178,329
ASXL1,200,465,229,209,267,70
CBX3,192,155,278,197,108,108
CHORDC1,136,83,144,435,187,146
TMEM64,387,553,144,110,357,13
CYTH1,236,80,165,347,127,309
OTUD1,284,359,123,429,249,277
RAB8B,76,95,137,267,140,125
NOGENE,67,105,357,110,373,144
GLCCI1,1061,504,666,74,143,831
NOGENE,33,59,103,66,150,77
MBOAT7,52,175,29,348,162,2343
PTPN1,74,356,279,328,91,296
NRBF2,56,31,43,164,122,382
GNOGENE15,35,85,116,845,223,93
LYST,143,160,204,1082,175,2325
PHF19,102,2690,122,566,162,98
RALA,135,22,102,421,99,141
PTTG1,351,158,310,130,151,429
UBE2D1,80,10,59,555,197,865
NOGENE,288,80,738,149,221,840
FLJ10357,38,31,265,211,305,1014
PRDM2,203,109,646,92,169,180
STK17A,990,144,812,635,139,184
LYST,103,65,305,257,101,1840
BHLHE41,22,31,103,800,863,44
CYLD,269,138,436,171,200,471
NOGENE,96,657,1030,497,360,923
PILRA,12,34,73,1403,233,1101
ZNF600,313,146,97,208,206,70
ZCCHC6,287,240,171,233,91,831
FCGR2C,6,13,160,742,571,2309
POLR1B,189,423,118,99,285,52
RIOK1,168,121,117,181,79,131
STT3A,154,65,63,152,163,139
UBE2J1,342,189,246,309,200,557
NOGENE,123,105,301,267,80,300
SP110,580,633,338,169,163,3079
MYO1G,1377,978,425,1163,151,296
PPM1F,43,56,153,317,446,646
NOGENE,719,1048,273,110,246,763
NKTR,276,572,711,659,354,382
TRAF1,254,253,141,1030,267,110
UPP1,87,65,16,1207,609,138
IL6R,252,79,100,2472,249,1735
CD48,993,2113,1601,2723,269,677
ISG20L2,211,193,169,94,80,365
CFLAR,116,98,97,308,116,836
ARHGAP15,315,363,223,137,101,1356
CKAP4,249,59,137,979,552,960
STAT1,206,169,101,281,326,492
SLC2A3,329,478,312,1599,359,1679
BIN2,416,710,235,163,235,414
C9orf98,75,65,47,1144,200,40
NOGENE,823,1408,117,189,288,253
NCOA3,142,79,273,292,159,134
STK10,130,249,140,515,156,1081
PNO1,81,44,71,180,114,230
NOGENE,14,170,13,545,238,2116
NDFIP2,164,5870,157,134,178,150
GRAMD1A,586,306,227,1435,154,1038
NOGENE,205,631,327,352,207,320
UBE2J1,289,220,146,182,92,165
NDNL2,1733,991,283,137,168,110
TTYH2,226,97,132,408,354,206
NR4A3,42,55,109,132,223,99
TLR4,29,11,52,209,241,844
SNX11,80,52,167,104,109,422
SLAMF7,298,60,231,7391,56,171
LYAR,786,438,76,259,218,177
TNFAIP3,2563,3912,132,1347,96,239
CDC25B,497,370,150,85,85,179
NOGENE,65,198,58,311,654,47
NGLY1,70,95,346,132,124,91
STK38,572,335,447,152,121,630
EGLN3,26,219,24,20,715,9
UBE2F,201,238,47,190,279,71
LCP2,102,164,67,586,250,784
TBC1D13,79,158,85,201,106,52
DNOGENEJB1,1367,75,335,184,52,355
PLXNC1,76,166,172,543,356,2906
RIF1,43,228,235,436,119,327
GPR65,115,516,140,133,320,404
ZC3H12C,48,138,44,1652,288,176
PSMB2,119,259,734,841,251,1615
SEC14L1,34,82,66,144,146,2718
KDM5D,102,1237,428,301,693,426
CBLB,280,241,167,75,183,134
ST6GALNOGENEC4,55,166,140,170,145,23
NOGENE,333,117,149,223,191,46
TSEN54,1664,1231,219,126,297,289
NOGENE,230,127,177,329,178,519
LOC283663,121,127,2745,564,171,243
NUPL1,87,860,112,450,267,262
EIF2S3,566,1339,726,193,329,92
STK10,134,194,326,353,103,1638
EDEM2,63,69,197,153,244,151
MCM5,101,165,277,146,155,252
NDE1,126,737,113,460,162,411
TRMT6,281,379,180,251,165,100
HAUS5,150,393,994,132,82,734
BUB3,345,365,151,145,81,57
NRP2,146,89,253,383,217,94
GIMAP5,418,731,197,149,200,398
C10orf78,511,696,146,661,81,212
FLI1,228,418,593,91,136,217
LILRB1,593,343,276,3666,624,99
LRP10,95,157,162,430,118,1997
ST3GAL1,248,333,46,917,189,206
FYB,269,87,41,163,248,1128
LAT2,132,171,611,609,177,2243
NUDT21,110,93,131,237,103,135
SOD2,67,12,59,2400,426,417
NOGENE,266,252,97,175,106,685
NOGENE,148,165,260,4740,175,251
C11orf21,790,341,213,198,208,106
SNORA28,538,522,260,538,181,840
SEL1L3,264,311,1297,98,374,157
FLJ10357,39,7,43,190,200,560
GJB2,6,174,176,3649,363,86
MARCKS,30,22,181,787,306,219
RASSF4,18,100,10,184,220,16
MSC,22,49,46,378,189,64
RICTOR,200,420,113,334,166,1132
SCO2,63,125,93,661,116,275
IL1B,69,72,430,30051,200,751
LDLRAP1,702,1156,143,187,296,231
RUNX3,1345,2284,300,191,249,236
MX2,91,290,193,412,182,1036
KIAA2018,319,346,373,773,153,485
NOGENE,275,103,364,391,305,47
CD80,53,75,216,378,236,547
DOCK5,6,56,9,942,244,2044
H2AFX,96,131,75,123,111,156
RELB,22,71,81,170,227,207
SLC31A1,20,6,73,200,260,57
NOGENE,153,292,325,149,60,897
TSEN34,104,39,70,176,177,1796
TCF7,1460,2650,348,236,132,528
ARNTL2,11,13,17,416,496,17
DNOGENEJC5B,111,397,188,435,265,123
PAICS,194,98,110,47,142,165
NOGENE,52,129,227,923,148,38
CASP3,66,103,28,160,103,188
NOGENE,832,2513,1518,429,152,2362
REL,95,108,611,351,195,232
DAPP1,20,171,222,475,156,750
TNFRSF18,122,716,144,581,107,318
PNO1,88,145,745,510,147,3722
STAG2,285,102,324,206,257,1084
ITPKB,733,5099,230,77,314,201
FAS,145,169,119,111,246,712
C19orf22,243,191,157,212,120,3392
SEPT6,548,350,113,66,259,201
GPATCH4,258,93,148,177,198,53
NOGENE,170,141,160,163,156,449
RUNX3,524,1715,106,141,126,102
NOGENE,589,1525,169,639,214,580
DDHD1,93,281,160,48,178,122
NOGENE,54,177,116,506,173,1175
LY75,207,304,295,55,108,606
NBN,104,117,181,1086,167,523
NOGENE,968,600,812,305,172,1191
SP110,192,261,627,386,127,2339
JUN,606,144,438,1176,138,30
NOGENE,332,189,645,401,244,386
LILRA6,75,232,110,451,325,1953
SH3BP5,528,593,585,1087,390,313
ZWINT,103,81,274,39,91,120
MMP19,5,9,16,1079,416,27
NOGENE,122,1114,218,78,184,56
NOGENE,595,912,420,40,171,129
SIGLEC1,67,68,174,106,282,139
CCDC109B,234,1107,318,311,190,203
NOGENE,520,532,460,512,68,391
TRAM1,163,123,226,143,237,75
CREB5,88,117,326,229,133,1388
SP110,241,360,268,159,77,788
CTBS,82,69,227,144,174,856
SLC7A5,76,234,69,100,395,46
FNDC3B,55,163,175,525,431,206
RPA3,67,20,123,155,159,139
CBR3,59,85,57,49,248,11
NOGENE,76,67,215,180,91,769
CASP1,124,206,117,775,115,420
WNT5A,34,104,76,1041,220,76
CPOX,20,65,62,119,168,93
FDX1,73,128,60,132,369,48
YME1L1,808,740,259,294,78,222
SGPP2,168,126,118,2431,466,72
DERL1,133,159,213,156,118,48
ZNF394,799,405,637,109,110,395
BCL2A1,164,344,109,2120,731,1257
HIPK1,176,365,53,297,113,427
MMP25,39,57,94,62,325,1963
FBXO18,196,343,278,65,314,120
FEN1,157,40,123,154,58,37
NOGENE,1019,1398,200,593,223,2026
NOGENE,74,50,201,925,73,274
GPR183,154,630,241,654,356,147
SP110,271,283,520,166,85,1284
HSP90B1,110,98,155,490,161,156
SAMD9,197,408,94,302,61,677
FAM101B,1513,2295,270,457,210,5353
SERPINB9,427,716,418,1280,67,204
SUN2,413,532,245,212,253,133
NOGENE,335,846,387,363,250,884
NUB1,137,208,121,236,380,107
PTGER2,414,649,48,513,101,105
FAM49A,130,114,137,400,227,382
DYRK2,388,653,154,62,138,84
NOGENE,34,456,343,303,106,181
SFMBT2,67,270,102,222,231,101
LILRB2,99,441,103,850,174,2400
NOGENE,226,384,521,364,91,565
PARP8,248,323,130,81,176,904
MPPE1,234,112,413,54,58,1278
ICAM3,882,656,390,191,346,3754
UFM1,147,194,161,444,202,117
TRADD,185,497,127,69,70,193
HAUS6,168,373,139,145,183,148
KDM6B,84,100,138,373,139,973
NRIP3,31,54,219,1023,211,207
NIPBL,411,255,227,669,131,873
IFIT2,105,2376,88,898,385,2113
NIP7,173,83,131,192,160,95
GBP1,220,187,80,954,163,698
NDFIP2,137,4020,76,184,116,165
DDX60L,313,244,109,1011,283,839
TRAF1,65,56,100,353,201,121
GPR84,135,40,37,3949,139,136
GTPBP4,59,5,138,174,91,83
NOGENE,67,285,302,77,439,67
ARL4C,1034,920,142,31,359,290
TMC6,297,314,263,81,311,267
USP1,208,174,295,185,137,272
NLRP12,188,76,141,309,241,1375
SLC43A3,26,71,68,943,183,73
ERN1,336,38,157,195,122,345
TMEM71,381,921,180,202,453,4779
CHEK1,64,1789,206,155,96,188
LILRB1,150,200,216,711,276,263
SLAMF7,231,139,23,4139,178,21
ZNRF1,271,1160,99,201,166,257
CHST12,160,315,149,150,137,283
MRTO4,147,127,104,98,83,69
CASP2,146,326,1190,185,116,4719
CDV3,99,157,111,132,117,169
NOGENE,14,209,35,452,213,1824
GLIS3,139,281,237,1604,282,394
NOGENE,26,12,80,8762,240,232
NOGENE,137,172,595,76,271,50
OAS3,146,232,215,349,278,174
NOGENE,4476,6256,941,317,254,1026
SLC7A1,85,50,88,154,149,224
NOGENE,17,654,227,1850,304,462
NOGENE,121,231,77,1630,206,546
NCOA3,127,187,261,199,93,157
SLC2A6,25,118,113,1050,171,43
FAM54A,54,749,160,108,123,191
PPP1R2,183,247,157,85,94,218
CENPH,44,1462,115,17,139,56
PELI1,164,552,735,630,257,2258
DGKA,563,1410,287,82,84,124
DNOGENEH3,42,342,895,386,110,2993
JAK3,1337,1014,679,643,206,1696
FANCD2,142,1049,168,173,202,99
CD37,398,244,4771,213,273,2250
PELI1,327,510,690,495,133,4614
MYLIP,2637,5629,320,243,263,4358
SGPP2,65,176,231,2036,385,376
TLR1,6,35,43,163,192,821
TRAM2,193,63,136,37,80,180
DDX17,124,310,597,339,323,581
LOC283663,127,108,4041,1263,333,160
SPRED2,22,15,83,151,78,87
GPR132,448,180,185,725,208,378
FYB,27,97,9,180,192,1026
PTEN,28,147,66,103,54,536
NOGENE,267,213,47,156,123,34
UBE2S,192,150,212,481,213,227
ZFP36L2,1680,593,394,50,166,440
TLR10,88,351,480,79,124,293
GTPBP4,49,71,127,158,117,79
NOGENE,191,162,425,329,93,794
ALG5,80,144,126,157,114,205
MGEA5,277,619,533,166,56,282
TRMT6,60,122,84,171,184,64
PMAIP1,1036,1012,1144,1018,93,654
RARA,50,64,52,111,116,1001
SELPLG,74,52,90,84,270,1248
SMEK1,412,741,600,125,109,116
ARHGAP26,79,69,182,397,82,289
CTLA4,189,1388,148,111,195,223
NOGENE,214,612,153,543,184,3039
PLAUR,29,99,133,381,142,149
FAM129C,180,255,2246,244,197,394
MPZL3,141,896,99,120,137,1459
IRAK2,103,371,174,2168,88,162
CDA,5,48,14,120,321,2113
IFI35,96,47,34,207,100,119
NOGENE,130,232,144,1534,76,1195
TCF3,75,56,501,156,245,74
NUP214,41,146,251,152,59,913
SGOL2,109,1020,80,220,114,84
RDX,35,60,289,881,85,296
MAN1A1,86,4,133,60,127,198
NOGENE,179,732,652,461,244,928
SEL1L3,372,120,797,64,184,160
NOGENE,39,118,58,653,210,67
QRSL1,51,121,377,39,51,30
BANK1,221,264,1393,218,221,176
ATM,402,142,337,45,173,48
SF1,348,1251,848,456,142,365
GIMAP6,1669,247,160,178,231,344
ATM,228,501,394,83,153,195
FLJ32255,503,1185,155,153,102,316
ZDHHC18,56,126,54,168,102,855
DERL3,819,128,254,238,314,178
MX1,135,49,126,641,309,64
MTF1,91,28,67,414,93,205
CCRL2,32,29,7,1236,114,44
TRAF3IP3,1030,960,808,113,205,71
NOGENE,797,4280,2063,348,127,4904
PRDM15,180,278,134,263,129,148
LRMP,108,21,407,52,185,1054
SOS1,72,229,182,123,108,53
MED30,332,410,200,477,194,684
CMTM2,57,257,142,124,101,8609
NOGENE,768,1282,319,224,132,791
TGFBR1,39,152,210,253,237,239
RRM1,63,33,93,73,67,145
SMC4,196,28,118,44,146,137
SKA2,142,588,93,126,84,66
SLC25A37,193,42,265,4832,169,3656
NCOA3,167,40,342,384,139,130
FCRL3,2663,847,5613,128,110,118
GTPBP3,74,163,379,224,148,1616
NOGENE,123,504,385,341,83,317
EIF2AK3,117,119,1204,131,92,151
OAS2,139,164,183,162,140,311
PHF19,210,907,139,233,68,84
NOGENE,38,99,62,570,130,136
DKC1,109,43,171,55,97,74
NOGENE,405,499,134,813,138,567
DTL,127,1230,281,177,48,189
NOGENE,50,127,136,412,176,367
ITGAL,1035,1154,82,175,111,434
NOGENE,161,408,330,377,94,84
FIGNL1,134,2690,178,583,21,227
LILRB3,13,153,16,532,181,2122
SNRPA1,367,1535,589,152,81,138
BHLHE40,157,295,22,370,246,154
LILRA2,66,283,72,682,401,3938
LTB4R,141,248,83,640,167,1737
MGC39372,381,322,282,1090,62,258
NOGENE,176,464,206,236,194,2008
RECK,328,81,1938,522,103,10431
NOGENE,85,67,220,256,153,212
RPIA,133,139,168,80,147,224
IRG1,197,344,208,4922,127,273
ST8SIA4,40,36,147,67,193,287
CDC5L,88,164,1009,419,55,6001
BIRC3,128,40,576,173,244,71
NOGENE,93,104,768,665,147,1281
MAP3K8,237,150,371,1212,184,1259
IFIH1,45,38,127,183,104,148
TCF19,211,1792,216,138,47,167
TLE3,98,87,149,122,79,585
IFIT3,11,7,132,483,114,667
LOC374443,238,275,186,1329,128,55
LILRA2,51,127,140,447,271,4289
SP140L,53,95,511,83,73,135
NOGENE,15,54,580,480,202,3835
CDK5RAP2,56,19,130,777,100,87
RASA3,846,866,312,316,292,368
NOGENE,99,353,136,2545,126,260
GIMAP7,910,954,13,150,228,449
TNF,47,72,107,931,157,90
NOGENE,335,213,194,219,105,88
NOGENE,142,139,93,111,65,1737
KLF6,240,1767,646,303,179,1187
UGCG,51,73,115,850,126,241
SNX15,103,123,439,147,113,1320
IL1B,68,60,255,21808,102,995
NOGENE,93,103,550,424,122,2474
IL8,23,143,101,15273,151,2205
FSCN1,22,16,16,82,197,74
IFI44,101,133,84,319,129,64
MEI1,359,711,140,1447,148,155
HBEGF,4,7,30,1774,518,30
SYNE2,1003,253,181,220,131,57
CEP152,134,530,116,199,152,73
SPATS2,53,288,47,54,74,14
SIGLEC1,3,4,15,54,351,24
NOGENE,776,1241,229,531,177,281
PFKFB3,44,86,67,1544,78,258
LOC645744,305,260,135,110,105,132
SMCHD1,192,367,680,122,66,2078
DPEP2,70,139,331,122,190,1500
FAM113B,1008,398,176,179,237,158
NOGENE,267,344,466,505,138,497
ERI1,61,119,51,67,271,47
NOGENE,26,38,16,183,33,822
FCRL5,199,319,4624,376,194,263
RBL2,470,531,292,100,53,333
ABTB1,412,627,247,265,177,6321
MEX3C,267,66,422,70,27,55
CPPED1,18,61,48,51,212,978
LRRFIP1,162,207,112,460,233,577
SLC11A1,69,87,110,957,170,1495
HSPA6,71,276,167,227,275,2429
TMIGD2,691,794,181,271,106,84
NOGENE,119,101,291,1704,213,404
SMC2,57,10,128,30,51,68
SMC4,219,44,49,69,118,229
STAMBPL1,566,2924,65,110,62,212
PRICKLE1,66,148,216,434,102,1460
EXOSC3,65,448,27,219,112,38
C5orf39,976,1491,130,94,175,204
BANP,55,92,124,894,80,665
NOGENE,718,1397,150,71,162,5842
LOC100288387,169,95,319,178,131,126
EZR,281,59,784,93,129,119
NOGENE,185,727,378,1915,155,222
MCM2,91,103,182,79,37,221
FYN,214,746,261,126,95,313
NOGENE,301,698,638,314,73,888
LDLRAP1,512,761,45,92,178,149
NOGENE,157,1314,1321,449,151,2549
NOGENE,143,62,230,580,65,177
SGOL2,121,1761,58,80,25,146
N4BP2L1,84,53,122,69,109,124
MARCKS,46,5,146,1340,172,1760
PIK3IP1,628,2045,646,118,68,183
NOGENEV1,173,85,114,403,118,307
UBE2C,68,105,145,97,77,286
EOMES,2347,227,132,89,95,113
NOGENE,68,337,96,621,165,306
PATL2,1008,635,108,179,91,169
TCF3,87,179,555,105,84,52
CDK6,63,313,60,37,127,15
TRD@,168,86,267,68,94,225
KLF6,177,1190,410,354,163,832
NUSAP1,97,37,137,42,59,119
ASF1B,62,34,343,90,77,515
CHST15,65,193,84,718,200,1499
GIMAP4,801,221,134,80,153,822
IRF7,121,132,198,581,97,385
TMPO,119,72,123,106,30,95
FEN1,112,103,58,63,103,155
C4orf46,52,626,77,99,108,162
PTPN4,450,350,105,65,97,114
NOGENE,95,580,237,344,111,575
EGLN1,197,102,196,64,85,198
TCTN2,89,169,1048,392,80,6729
CKS2,107,23,122,102,103,42
IFI6,195,88,48,767,104,59
DENND2D,950,406,175,146,366,12
WHAMM,194,1168,264,263,227,27
LZTFL1,154,306,23,147,149,144
STK4,168,103,130,168,87,366
NOGENE,991,1844,387,121,222,1944
AURKA,78,32,268,64,47,45
BCL11A,171,132,1026,621,112,208
CDT1,52,2786,179,195,134,267
WNT10A,62,168,157,114,140,74
NOGENE,163,215,141,1216,149,184
LOC285628,54,36,23,1220,276,39
MPPE1,112,117,292,14,81,788
PAICS,42,194,31,63,83,41
NOGENE,56,360,1261,329,165,5418
GPRC5D,117,31,280,85,62,339
NOGENE,36,665,137,85,150,410
NOGENE,501,591,166,184,184,193
C3orf34,34,320,27,109,111,1216
MCL1,111,85,217,304,83,602
PIM1,146,104,84,1054,256,628
ARHGAP22,18,26,44,143,88,20
FAIM3,974,951,1965,171,98,477
NOGENE,516,396,259,18,292,248
LFNG,747,317,83,531,341,858
RFC4,59,81,86,64,85,76
C21orf45,95,994,87,111,43,59
CYSLTR1,89,233,280,61,121,965
TCF3,204,45,454,77,91,97
NOGENE,279,298,49,551,156,165
PDCD1LG2,7,22,9,25,416,10
NOGENE,178,2776,153,138,122,6109
ANKRD28,87,126,69,221,142,76
SEC24A,56,44,92,112,93,124
TRIB1,80,61,49,316,226,102
BCL11B,4280,6439,259,164,241,634
SLC25A37,77,151,115,945,46,1623
NOGENE,375,433,211,596,74,152
DUSP2,2104,1438,96,469,51,52
NOGENEDK,68,51,155,119,134,1273
HSPA13,116,80,135,316,118,84
CD97,150,438,92,266,121,1614
SIAH2,64,268,325,262,124,172
MCM7,100,162,150,67,66,107
STAT4,372,304,273,190,71,101
C6orf129,457,963,34,302,218,48
RASAL3,1516,2664,515,430,138,1106
RUNX2,1184,622,207,980,85,1366
TMEFF2,175,96,1426,8084,65,1790
MMP14,13,7,95,1207,172,75
ZNRF1,132,987,99,225,126,39
FCGR3B,247,357,166,75,77,9164
RACGAP1,105,11,103,44,59,36
TAF4B,97,463,130,62,133,130
CTBS,94,127,102,166,76,401
PIM2,231,140,251,200,57,412
IL2RB,844,1398,354,73,79,500
LILRB2,22,296,68,841,230,1584
FCRL5,102,29,835,81,87,236
CLEC2D,507,142,241,464,103,131
IFIT2,66,81,125,358,129,1506
BATF3,58,124,160,91,150,173
FRAT1,126,18,143,104,38,497
GNG2,2625,1397,464,622,62,2309
NDE1,152,142,270,222,134,1108
TNFAIP6,16,52,143,3915,87,1364
L3MBTL4,33,117,139,130,72,144
CHST2,77,229,74,490,66,47
MKI67,26,54,184,71,52,198
C14orf145,80,36,208,159,143,53
UBE2J1,32,30,145,107,58,48
MLF1IP,17,40,92,92,56,36
WDR4,181,484,15,143,196,7
CXCR2,27,42,5,46,66,4285
NOGENE,26,74,126,174,86,181
HERC5,54,57,208,216,70,315
KLRG1,649,690,297,68,12,218
NOGENE,340,881,618,599,133,1114
CCR7,824,2341,612,2320,76,325
LOC728855,510,114,302,220,103,349
HDGFRP3,85,459,225,152,66,162
ZNF467,33,72,189,87,129,774
NOGENE,44,809,148,405,205,122
NOGENE,140,456,683,357,123,1025
SPDYE1,85,35,221,214,51,1655
FSD1L,71,119,136,820,66,135
LILRA2,27,76,79,422,223,1261
BMP8B,96,115,181,91,87,119
NOGENE,719,853,119,79,37,159
NOGENE,93,517,138,66,138,124
CCNB2,120,47,106,41,36,82
NOGENE,1446,1998,200,86,107,906
RAB37,988,1061,267,174,53,2359
CD6,772,581,266,94,148,256
CTLA4,47,910,91,108,135,132
LCP2,135,297,160,379,78,511
CDK6,110,278,92,42,135,63
P2RY8,1703,4375,1113,234,151,1175
TRD@,684,958,113,80,156,138
CCND2,32,97,12,36,154,27
GBP5,468,3275,186,268,134,1078
PRKCH,235,476,103,166,113,125
SMCHD1,191,47,344,50,51,1594
KIF2C,51,18,203,39,60,338
POU2F2,109,84,218,580,144,157
CCND2,125,210,158,49,155,213
SEMA4D,175,261,231,205,55,874
GLCCI1,918,255,217,76,75,329
NOGENE,1317,5616,2083,559,59,1070
FPR1,73,98,94,1602,102,5624
LOC439949,541,828,263,173,40,164
OAS1,77,19,107,99,179,133
ANP32E,56,101,88,42,67,158
NOGENE,694,1435,119,101,104,105
BTN3A2,223,455,108,85,32,611
FAM26F,342,1694,1948,263,115,1728
GLCCI1,121,129,195,185,48,16
TBX21,664,593,169,241,68,138
HSPA6,26,85,77,84,90,1132
MYLIP,2203,4630,610,185,145,2959
NOGENE,554,64,115,96,61,73
FCRLA,172,239,622,175,97,145
SLC25A37,186,211,167,4499,115,4700
PIK3IP1,1233,804,705,105,86,144
NOGENE,55,84,187,675,58,238
EAF2,122,115,1043,91,64,40
RGS1,1449,1699,656,73,215,273
VCAN,56,15,122,1920,109,307
PLXNC1,33,91,85,254,140,1009
SMCHD1,252,15,391,73,26,1292
OSM,192,430,125,1888,70,408
FBXO5,144,2005,42,112,182,33
TNFRSF4,11,101,81,385,169,58
CHST12,235,213,146,20,110,84
TMPO,142,317,132,53,39,125
BACH2,1852,1533,1874,82,43,123
EPC1,346,1425,231,132,76,168
NOGENE,76,204,205,115,143,208
S1PR4,242,117,115,52,138,679
KIAA0101,468,33,210,46,126,106
CLC,24,312,169,49,313,10281
VCAN,19,10,179,1759,141,146
YPEL3,336,356,280,107,127,1166
NOGENE,1322,2384,82,99,81,85
GBP1,224,73,41,466,109,286
ITGB8,27,32,126,2182,220,60
PPBP,33,44,116,3966,301,496
NOGENE,1247,2613,121,103,107,384
NOGENE,79,29,372,112,62,1877
BATF,119,170,133,211,84,197
HELLS,143,743,140,92,63,283
NOGENE,687,447,151,619,43,153
TAGAP,213,243,534,208,45,592
SEL1L3,120,70,266,137,142,133
TRAF3IP3,370,82,238,133,66,95
IFIT1,67,51,11,348,267,458
APOBEC3G,699,424,174,114,57,120
CCL5,2976,5044,61,1619,89,143
NOGENE,2272,1308,136,49,89,421
CCR2,183,56,199,194,146,206
C15orf39,61,101,231,127,54,1091
DUSP6,4,128,12,1401,365,1128
CD2,1052,917,203,125,78,209
CTLA4,92,2877,119,44,134,84
C5orf56,698,309,268,299,184,522
PTGDR,181,174,99,98,72,120
NOGENE,75,825,151,465,198,32
RASGRP4,17,137,110,148,166,2072
RSAD2,115,1048,157,9223,133,189
TNFSF8,307,768,170,109,125,153
CD300A,442,559,97,357,207,1726
MCL1,66,42,147,246,28,301
CLEC2D,1629,2283,538,535,111,133
STK17B,609,625,266,189,37,616
MS4A1,54,34,785,131,93,128
PLD1,93,71,181,973,120,9
SRC,5,3,16,768,129,20
TRIM59,379,446,81,114,43,21
PRKCH,808,805,144,149,42,184
ATAD2,126,1408,68,52,59,48
ATAD2,125,861,55,42,37,10
RRM2,318,97,217,119,63,181
NOGENE,184,184,101,84,31,1209
SH2D2A,71,245,173,102,70,194
NOGENE,97,110,208,118,110,158
NOGENE,197,513,168,256,125,252
NOGENE,124,333,78,205,103,125
ABTB2,42,28,235,128,12,99
KIAA0125,57,13,377,55,58,269
MPPE1,30,145,164,87,148,732
MCM7,66,102,291,76,107,221
NOGENE,215,1517,725,572,113,1354
MIR155HG,86,2803,129,4130,122,76
NOGENE,336,194,258,39,161,613
HS3ST3B1,233,169,53,3367,116,111
TMC8,333,886,276,93,149,126
TRAFD1,72,70,84,28,127,209
NLRC3,1547,2081,411,139,141,358
PRKCQ,178,378,263,81,66,270
C7orf29,142,82,210,103,93,204
RALGPS2,118,306,2280,26,130,252
FAM26F,299,852,452,194,112,306
CXCL9,65,51,170,104,26,149
PLXNC1,34,86,8,210,105,966
C14orf138,109,89,558,62,88,265
TNFRSF18,98,751,126,365,117,106
RNOGENESE2,274,46,110,135,88,2408
NOGENE,548,693,494,90,113,213
TNFAIP6,38,20,135,6810,68,1771
CD6,221,575,136,96,100,150
LTB,3123,1174,1695,90,57,1578
NOGENE,153,73,57,1539,100,77
SYTL3,610,2988,79,103,150,999
NOGENE,53,1215,1601,134,151,6017
SLAMF1,72,53,89,358,84,170
NOGENE,125,215,167,54,53,112
RP6-213H19.1,140,268,325,505,26,239
ITGA4,310,430,545,129,61,324
CHST7,23,209,10,169,126,320
NOGENE,209,573,306,419,93,902
HBEGF,18,47,74,1291,167,42
TREM1,24,67,129,2570,81,2218
TMPO,236,195,214,58,51,212
AIM2,205,120,225,195,35,82
CD3E,753,1075,218,62,67,254
TMEM154,113,84,208,136,45,4661
SAMD3,2782,1171,149,131,80,194
CXCL10,76,59,217,67,45,165
GNG7,39,9,166,29,61,230
CCDC88C,1062,1460,467,100,41,72
MS4A1,672,454,4118,121,70,192
MCTP2,83,97,245,69,68,975
NOGENE,379,291,349,112,68,1846
THBS1,99,32,130,2661,73,239
KTELC1,108,0,37,51,158,11
PASK,301,244,192,168,50,308
RASGRP1,347,642,218,699,41,83
NCRNOGENE00158,69,244,168,1255,56,78
CD8A,983,80,261,81,64,113
PPOX,83,19,147,74,42,94
MYLIP,1539,1294,290,70,48,556
MYLIP,743,248,1037,123,64,692
SOCS1,187,113,67,369,43,25
GMPPB,23,54,77,224,92,41
SLC25A37,52,4,136,212,22,1121
SCD5,67,324,2060,144,32,5204
TRAC,716,2275,122,69,76,288
NLRP7,106,211,170,78,26,94
CCNB1,78,15,135,75,56,119
NOGENE,400,151,200,52,55,63
YPEL1,317,148,58,44,41,124
FAM65B,484,633,1209,156,40,3914
CRTAM,416,84,88,80,61,84
CHI3L1,6,32,5,647,228,3146
IL19,86,122,171,3294,55,277
NOGENE,63,205,2058,898,75,441
KLHL14,132,63,311,84,51,102
C7orf40,951,2159,32,353,84,27
ICAM2,358,464,325,64,35,114
IL2RA,24,64,82,482,49,188
NEURL3,82,461,62,685,25,143
CD3D,1279,776,76,128,88,609
NUSAP1,101,104,8,119,49,68
CCL19,26,54,70,957,100,68
DGKA,180,831,84,33,39,53
IRF1,1504,907,616,544,120,1578
TYMS,384,111,223,69,97,188
NOGENE,6,45,604,160,103,2734
FAM46C,943,290,576,66,62,90
TBC1D13,111,19,26,69,81,9
NOGENE,728,393,508,71,132,243
NOGENE,149,268,369,75,76,652
NOGENE,702,2265,716,526,92,109
FCRL1,146,65,1853,62,62,151
IL1A,51,51,179,4737,56,194
NOGENE,143,316,121,135,21,136
NOGENE,1165,2300,130,41,97,1011
CD27,933,2274,147,65,27,199
C13orf18,49,15,984,175,38,533
NOGENE,8928,3174,85,116,35,3886
CD1D,12,18,45,183,118,90
RSAD2,33,66,62,2740,41,83
NOGENE,15,110,180,61,91,139
MELK,59,46,74,49,21,88
NOGENE,682,634,340,135,75,135
TSC22D3,901,687,1148,93,36,800
S100A12,46,41,145,968,25,3311
IGL@,448,63,222,111,59,62
FCRL2,69,14,599,36,26,100
NOGENE,63,63,861,65,46,40
SELL,535,2637,1324,514,43,6016
PELI1,263,544,1149,456,84,3012
UHRF1,140,3203,51,18,84,169
CD6,604,752,32,30,59,35
TTYH2,23,6,31,45,98,107
BCL11A,60,30,783,148,35,251
TRIM69,214,441,245,67,71,98
KLRK1,686,1361,332,58,62,84
FPR2,28,22,125,615,71,2764
CHAC2,145,257,90,94,95,126
NOGENE,41,112,89,168,140,57
NOGENE,684,1383,1151,626,50,134
NOGENE,51,80,164,43,56,556
PDE4B,389,386,630,641,41,619
TCL1A,117,104,2168,60,40,93
TCL1A,113,105,2255,53,40,37
CD79A,121,168,2827,53,68,111
ELL2,11,12,14,113,60,35
NOGENE,25,13,60,94,63,170
NOGENE,503,655,2479,99,32,117
MS4A1,119,345,1560,74,78,574
CENPK,545,1295,83,30,52,13
ITGA4,220,338,232,59,38,45
NOGENE,86,82,235,71,39,108
KIR2DL4,68,64,152,94,13,133
BCL11B,611,1412,71,63,58,174
DEFA4,1214,41,170,58,44,150
NCR3,248,286,393,42,39,359
PTX3,12,17,74,1188,157,111
ITK,484,2071,215,135,35,191
IL15,23,171,105,584,32,137
KIR2DS1,145,264,103,68,64,143
PMAIP1,265,236,361,257,48,139
MS4A1,278,158,3345,53,39,331
CSF3R,31,42,93,307,70,5224
UBE2T,99,2501,22,42,33,12
IL6,21,6,227,4773,51,109
NOGENE,587,541,308,98,95,1494
PHACTR1,23,31,107,571,34,153
NOGENE,65,228,368,262,32,673
AMPD1,51,27,162,97,39,92
IL17F,90,93,135,77,66,122
NOGENE,1086,1213,319,221,94,325
PVRIG,882,375,148,58,15,140
TNFRSF9,61,68,115,436,23,40
YPEL1,135,181,113,37,47,129
TPX2,65,12,309,23,50,292
CCNOGENE2,127,45,178,67,52,274
CD19,43,59,481,60,33,99
KLRD1,1506,650,105,56,50,151
CAMK4,313,295,82,51,40,63
IL23A,51,66,136,1246,47,93
KIR2DL5A,147,164,141,33,53,73
ZNF367,179,1451,72,44,31,76
NOGENE,1974,2541,604,155,54,303
ALOX5,15,54,218,74,137,1335
CDK1,71,22,149,74,17,100
CDCA2,91,905,69,193,79,12
FAM46C,871,859,542,36,29,108
TIGIT,758,198,143,46,61,68
FCN1,22,348,69,1867,34,2058
NOGENE,78,13,57,274,76,321
CPNE5,496,148,762,123,47,110
JAK1,238,339,185,135,102,346
NOGENE,44,286,164,49,73,64
PI3,48,12,140,1844,30,1619
RASGRP2,279,675,966,57,12,320
ZBED2,43,60,251,52,47,248
CTLA4,89,113,73,73,49,79
LOC440934,56,60,43,905,69,136
IDO1,86,111,188,4708,59,313
MMP14,3,2,8,1027,94,10
S1PR5,1616,540,39,19,102,24
GNG2,354,798,350,296,52,484
FCRL1,125,139,1904,73,34,93
PRF1,2382,3215,158,81,37,431
NOGENE,171,59,108,1135,36,131
BACH2,331,191,516,46,54,94
GPR15,22,26,169,37,43,73
INHBA,3,10,14,3953,60,7
ITGA4,273,201,376,54,47,83
NOGENE,144,165,2136,131,61,80
CCNOGENE2,36,24,84,40,25,62
CRLF2,8,6,65,157,58,135
MAD2L1,162,30,105,32,26,89
CCL5,1742,4971,9,808,126,122
CD8B,940,38,151,79,55,144
IFNG,38,51,103,36,36,137
LCK,635,708,127,55,51,307
DEPDC1,319,592,106,80,52,101
CCL8,97,24,161,122,67,141
NOGENE,312,1030,34,84,16,256
NOGENE,92,26,621,71,57,158
CCR3,25,11,99,42,27,926
CD69,1398,639,2523,41,88,132
KLRB1,2448,2644,141,47,47,239
NOGENE,37,53,290,100,55,139
FKBP11,241,249,61,32,21,34
GZMA,1059,1693,126,39,37,127
NCOA3,149,105,451,136,47,43
ADAM8,94,159,194,235,51,1624
RHOH,759,474,745,228,48,108
TNFRSF10C,12,33,121,38,30,3074
IL18RAP,148,282,65,27,36,828
NOGENE,1585,541,724,15,24,9
CXCR6,64,39,131,63,18,128
GZMK,612,1280,168,47,38,113
EIF1,560,1184,2581,82,53,327
KIR2DL3,170,197,238,114,41,74
MCM10,23,387,121,31,38,80
FASLG,31,25,141,115,23,136
CD5,504,670,243,55,39,88
PYHIN1,1247,168,122,53,60,149
IL12B,9,13,104,1763,46,123
P2RX5,110,59,1973,38,71,19
NUF2,70,2226,91,99,51,54
SLC25A37,138,235,101,2729,59,5528
APOBEC3A,24,121,56,206,20,1449
PNOC,86,22,264,70,26,146
KIF14,57,693,102,122,62,142
MEFV,50,74,562,123,49,1213
NFE2,60,66,17,165,112,1966
FCAR,9,33,108,1616,31,404
GPR114,306,204,150,172,67,196
LEF1,1341,3218,141,36,69,117
CD79B,87,117,1454,60,28,68
CDK1,76,21,92,88,34,106
NOGENE,30,72,49,109,55,1045
LAG3,155,162,136,71,40,38
CXCL3,16,11,42,3525,47,67
GIMAP6,589,90,40,78,62,93
NCR3,90,146,325,27,67,94
SERPINB2,29,24,131,3480,32,94
CCNB1,42,832,64,24,55,101
NOGENE,81,125,1546,81,59,169
MS4A1,186,235,3201,38,52,289
NOGENE,22,82,893,195,33,7677
CD160,392,355,127,32,44,138
GBP5,1126,2742,41,244,44,725
KIR3DL3,111,223,49,42,42,33
NFATC2,979,814,35,34,21,18
NOGENE,207,220,22,348,25,45
CCL24,25,32,74,4386,34,48
FPR2,29,19,131,617,100,1367
IKZF2,583,296,75,11,71,29
KIR3DL1,174,188,221,37,21,248
TNFRSF10C,62,225,8,91,25,5599
NOGENE,435,600,108,33,33,71
LRRN3,543,406,144,8,32,88
CXCL1,24,19,101,7731,18,526
NOGENEV1,20,2,21,621,58,12
PRC1,42,35,88,39,27,99
FASLG,89,27,165,37,35,131
NOGENE,7,7,123,12,26,63
VPREB3,31,6,705,71,34,83
BACH2,62,584,345,16,12,116
P2RY13,1,18,106,61,97,2509
LCK,1362,855,91,166,53,223
DTL,22,2,120,85,21,59
HELLS,44,408,89,77,38,128
HPSE,40,123,166,1742,39,410
MGC29506,467,199,171,16,45,61
POU2AF1,375,216,1282,22,21,58
SPIB,51,41,850,124,37,115
FSD1L,18,5,50,1225,47,4
IL1F9,34,26,111,2589,28,69
KIR3DS1,90,118,88,32,33,103
KLRF1,972,1209,76,26,31,89
RGS1,236,202,105,31,43,93
CXCR6,52,79,45,93,35,26
HMMR,65,6,31,20,32,73
NCR3,131,454,529,14,32,133
KLRD1,1654,669,129,30,25,97
LILRA1,7,224,93,284,31,638
MAP4K1,314,706,161,7,49,27
XCL1,395,210,32,50,35,44
ISG20,576,511,478,696,35,1487
KIR2DS5,147,247,41,18,17,34
KRT23,34,24,126,32,28,2275
LOC285957,115,628,109,154,28,52
FCRLA,50,24,644,77,39,49
CD96,340,100,104,14,44,107
GNLY,2510,4211,153,41,23,237
NOGENE,8,53,716,38,21,2177
FCRLA,41,13,581,93,21,78
NOGENE,2333,2374,449,50,80,1047
SEPT1,813,219,210,16,59,180
NOGENE,103,121,113,347,39,24
FGFBP2,4796,886,65,51,34,147
VCAN,15,7,23,635,58,22
OSBPL10,36,26,437,23,24,45
STAP1,34,63,772,38,33,40
CXCL5,9,12,91,2424,11,86
FAIM3,626,832,1617,135,16,239
CD247,490,1675,18,29,17,275
NOGENE,63,1402,472,73,39,5202
GLT1D1,4,88,24,267,27,4635
PTGS2,18,9,80,2396,16,549
USP18,60,59,32,46,42,24
EREG,10,22,94,999,33,52
NOGENE,132,299,93,17,12,83
RORA,581,337,47,36,24,138
BANK1,62,64,1380,35,27,46
BTLA,67,370,527,139,33,70
CSF2,10,12,16,1770,35,14
IL9,31,41,136,32,40,52
NOGENE,46,11,71,26,22,84
MYO1G,544,2068,429,1017,11,433
SH3GL3,36,176,1045,61,32,2478
NOGENE,1370,877,44,44,25,251
CARD11,366,532,400,13,8,38
TMEM156,93,259,199,79,45,45
HLA-DOB,64,39,950,74,32,27
IL22,21,175,50,86,45,94
KLF12,587,512,33,229,9,44
RGL4,110,414,116,110,49,829
NOGENE,1651,1032,108,25,30,65
GPR171,88,90,76,20,47,67
ABTB1,131,387,23,116,18,4324
C13orf18,23,38,979,95,24,337
KIR2DL2,115,167,145,9,18,25
CAMP,4,377,24,10,18,231
ACAP1,409,104,261,11,13,677
APOBEC3B,144,22,116,81,13,41
IL3RA,5,7,20,1365,17,68
MANSC1,2,51,127,72,10,662
NOGENE,37,35,88,1272,48,3328
BTN3A2,225,161,132,80,25,210
TNFRSF10C,9,3,20,32,27,2155
ITGB7,151,262,205,55,41,91
C1orf228,579,1230,196,90,7,224
CD244,218,249,46,62,27,73
CD8B,693,56,12,18,32,25
VCAN,12,3,49,403,23,83
TOP2A,89,46,20,28,31,54
TRD@,937,506,40,60,10,36
CX3CR1,2498,1472,128,217,25,275
EBI3,6,10,8,1946,35,19
CD7,389,621,25,51,8,45
CD7,209,936,44,24,28,43
CDK1,62,16,62,28,11,39
VCAN,5,3,15,534,28,20
CTSW,2044,1791,11,12,11,160
DUSP4,30,140,46,223,13,17
NOGENE,10,5,22,97,16,2525
MYBL1,315,1002,71,14,50,31
PTGDR,218,73,74,22,27,63
RRM2,180,24,100,9,34,89
GZMB,1154,1294,79,105,13,77
PTPRCAP,1051,590,1092,142,12,243
ZAP70,415,1026,33,22,20,45
FAM65B,255,778,574,112,23,1442
GPR18,392,202,836,36,20,123
LIF,4,13,24,201,5,18
SLC25A37,48,57,37,703,26,1768
NOGENE,1330,333,655,178,35,232
PI3,9,21,69,1978,21,1421
PROK2,96,19,25,119,32,5834
TOP2A,51,43,10,54,25,6
CDCA5,4,2178,7,7,5,6
FFAR2,4,7,8,34,13,2014
FCRL5,34,5,739,64,17,60
TLR10,27,140,531,149,14,173
TNIP3,90,2,79,805,16,20
ZBP1,286,227,117,36,9,352
CDKN2D,109,236,149,112,19,1107
GNLY,2419,3543,68,13,8,218
RASGRP2,468,845,784,73,14,435
CD3G,227,556,18,12,3,23
CXCL11,11,5,60,17,8,37
PID1,16,23,86,1604,18,32
IL2RA,23,26,73,459,31,8
VNN2,118,115,165,474,19,1824
C1orf228,378,901,146,37,9,89
ATP8B2,3083,2060,165,173,6,137
IFI44L,90,26,74,77,20,51
CD38,306,118,166,179,4,120
CXCL11,26,19,94,16,15,83
DUSP4,9,139,31,153,22,9
TNFRSF17,286,98,143,9,20,29
BLK,86,53,269,17,9,6
EMR3,32,64,60,211,17,886
GZMM,366,261,58,79,19,134
NOGENE,141,316,19,8,6,57
CXCR1,17,10,44,85,4,2676
TRAT1,290,474,10,69,19,57
CD300A,230,295,2,106,26,823
IL24,23,36,134,2292,12,81
NOGENE,34,103,166,18,6,1275
MGC29506,223,97,65,4,3,15
CCL20,10,2,28,4318,6,12
GZMH,2609,3271,11,12,9,25
MXD1,63,60,83,129,4,923
LTA,55,17,13,20,6,14
SERPINB7,4,9,18,2666,6,33
CLIC3,311,251,26,7,5,6
IL32,1485,981,5,12,5,153
CCL1,1,2,7,2926,9,5
KIR2DS2,120,164,13,13,2,9
MMP1,1,15,59,1777,14,33
TFPI2,1,1,15,2333,3,25
ASPM,57,2,75,3,6,53
NOGENE,309,134,86,9,10,46
CXCL5,2,3,40,8015,9,14
ICOS,50,41,9,5,4,12
ISG20,460,303,771,416,3,1437
CFP,18,156,3,336,3,1055
NOGENE,378,203,15,15,3,17
NKG7,2272,3842,33,113,2,404
