CD4+ memory T-cells_FANTOM_1,AAMP,ACTL6A,ADSL,AKT2,ANXA7,ARL2,ATF1,BTF3,CCNC,CD2,CD5,CD6,CD28,CDK9,CETN3,CCR4,COX7C,CSNK1A1,CSNK2A2,CTBP1,CTLA4,DAD1,DDX3X,DR1,GPR183,EIF4G2,ERH,ESD,FNTA,GABPA,GLUD1,HDAC1,HINT1,HMOX2,HNRNPH3,HNRNPU,DNAJB1,EIF3E,ITK,JAK3,KIF22,KTN1,LDHB,SH2D1A,SMAD2,MAGOH,NCL,NDUFS5,PFN1,PLP2,POLD2,PPID,PPP1CB,PPP1CC,PPP2R5D,PPP6C,PTPN11,RAD21,RANBP1,RBM3,RGS1,RPL4,RPL5,RPL8,RPL13,RPS3,RPS6,RPS19,SLAMF1,SOD1,SP3,SRP9,SURF2,THOP1,TPP2,TPT1,TSN,TSSC1,UBE2D2,UBE2D3,UBE2N,UQCRC2,CNBP,DAP3,FXR1,UXT,PKP4,API5,PRPF18,DENR,STK16,RUVBL1,SSNA1,PABPC4,SUCLG1,GALR2,DPM1,NAE1,EIF2B5,FUBP3,BUB3,WDR46,ATG5,PSMF1,BAG3,PREPL,TTC37,SAFB2,CEP57,MATR3,RANBP9,ARPC4,BCAS2,DNAJA2,MAEA,PPIH,PFDN6,HMGN4,EIF3M,ANP32B,TBL3,USP39,PTGES3,CLPX,PAPOLA,SUB1,DBF4,C11orf58,HNRNPA0,COPS5,CPSF6,NUPL2,PDCD10,CBX3,U2AF2,RRP1B,MRPS27,SMC5,METAP1,RPL13A,CD2AP,EID1,ATXN10,RPL36,AHCTF1,ZZZ3,PPA2,SERP1,MMADHC,PRPF19,MRPS18B,METTL5,ICOS,TRA2A,UBIAD1,GPR132,UBQLN2,GLOD4,FCF1,COPS4,RSL24D1,CDC40,EIF3L,RWDD1,TRMT112,CMPK1,ETAA1,GATAD2A,MRPL20,SMU1,IMP3,LIN7C,CDV3,CDKN2AIP,AMBRA1,OSGEP,INTS8,KBTBD4,EXOC2,PCID2,ZC3H15,UNC45A,NKRF,PCNP,THAP11,ZDHHC6,MRPL11,ACD,MRPL44,MRPS34,DDX50,SPAG16,CBLL1,RPF1,THOC7,GRPEL1,ISCA1,DOHH,C12orf29,ATPIF1
CD4+ memory T-cells_FANTOM_2,CD6,CD28,GPR183,EIF3E,ITK,PKP4,PREPL,DNAJA2,PTGES3,CD2AP,ICOS,,,,,,,,,,,,,,,,,,,,,,,,,,,,,,,,,,,,,,,,,,,,,,,,,,,,,,,,,,,,,,,,,,,,,,,,,,,,,,,,,,,,,,,,,,,,,,,,,,,,,,,,,,,,,,,,,,,,,,,,,,,,,,,,,,,,,,,,,,,,,,,,,,,,,,,,,,,,,,,,,,,,,,,,,,,,,,,,,,,,,,,,,,,,,
CD4+ memory T-cells_FANTOM_3,ADSL,SLC25A6,ANXA7,ATF1,BTF3,CD5,CD6,CD28,CCR4,COX7C,CSNK2A2,CTBP1,DAD1,DDX3X,DR1,GPR183,EEF2,EIF4G2,ESD,FNTA,GLUD1,HDAC1,HINT1,HNRNPH3,DNAJB1,EIF3E,ITK,KARS,KIF22,KTN1,LDHB,SH2D1A,SMAD2,NDUFS5,PFN1,PLP2,PPP1CB,PPP1CC,PPP2R5D,PPP6C,RAD21,RBM3,RNF6,RPL5,RPL8,RPS3,RPS6,RPS19,SLAMF1,SOD1,SP3,SRP9,SURF2,TSN,UBE2D2,UBE2D3,CNBP,DAP3,FXR1,UXT,PKP4,PRPF18,DENR,RUVBL1,SSNA1,PABPC4,NAE1,FUBP3,BUB3,WDR46,ATG5,PSMF1,BAG3,PREPL,TTC37,CEP57,MATR3,THRAP3,ARPC4,BCAS2,DNAJA2,HMGN4,EIF3M,ANP32B,FARS2,USP39,PTGES3,PAPOLA,SUB1,C11orf58,HNRNPA0,CBX3,RBM34,RRP1B,SMC5,METAP1,RPL13A,CD2AP,EID1,RPL36,ZZZ3,TINF2,SERP1,PRPF19,ICOS,TRA2A,UBIAD1,GPR132,UBQLN2,GLOD4,FCF1,RSL24D1,CDC40,EIF3L,RWDD1,TRMT112,CMPK1,ETAA1,GATAD2A,SLC25A38,IMP3,CDV3,CDKN2AIP,AMBRA1,EXOC2,PCID2,UNC45A,NKRF,PCNP,THAP11,ZDHHC6,MRPL11,MRPS34,DDX50,CBLL1,RPF1,THOC7,ISCA1,C12orf29,,,,,,,,,,,,,,,,,,,,,,,,,,,,,,,,,,,,,,,,,,,,,,,,,,,,,,,,,,,,,
CD4+ memory T-cells_IRIS_1,CD3G,CD28,CD40LG,CCR4,CTLA4,GPR15,LIMS1,RBL2,DLEC1,CXCR6,PDCD10,TRAT1,ARHGAP15,,,,,,,,,,,,,,,,,,,,,,,,,,,,,,,,,,,,,,,,,,,,,,,,,,,,,,,,,,,,,,,,,,,,,,,,,,,,,,,,,,,,,,,,,,,,,,,,,,,,,,,,,,,,,,,,,,,,,,,,,,,,,,,,,,,,,,,,,,,,,,,,,,,,,,,,,,,,,,,,,,,,,,,,,,,,,,,,,,,,,,,,,,,
CD4+ memory T-cells_IRIS_2,CD28,CD40LG,CCR4,CTLA4,GPR15,GZMA,GZMK,HMGB2,PDCD1,RBL2,CD226,GPR171,TRAT1,UBASH3A,ARHGAP15,,,,,,,,,,,,,,,,,,,,,,,,,,,,,,,,,,,,,,,,,,,,,,,,,,,,,,,,,,,,,,,,,,,,,,,,,,,,,,,,,,,,,,,,,,,,,,,,,,,,,,,,,,,,,,,,,,,,,,,,,,,,,,,,,,,,,,,,,,,,,,,,,,,,,,,,,,,,,,,,,,,,,,,,,,,,,,,,,,,,,,,,,
CD4+ memory T-cells_IRIS_3,ADSL,CD28,CD40LG,CCR4,CTLA4,GZMA,GZMK,HMGB2,LIMS1,MEN1,PTPN4,ZNF236,DLEC1,CD96,HMGN4,SEC23IP,ICOS,TRAT1,AURKAIP1,ARHGAP15,RNF34,,,,,,,,,,,,,,,,,,,,,,,,,,,,,,,,,,,,,,,,,,,,,,,,,,,,,,,,,,,,,,,,,,,,,,,,,,,,,,,,,,,,,,,,,,,,,,,,,,,,,,,,,,,,,,,,,,,,,,,,,,,,,,,,,,,,,,,,,,,,,,,,,,,,,,,,,,,,,,,,,,,,,,,,,,,,,,,,,,,
CD4+ naive T-cells_FANTOM_1,CD3E,CD6,CD7,CCR7,DSC1,JAK3,PLCL1,PLCG1,ZAP70,CABIN1,PLXDC1,GPSM3,ANKRD55,LIMD2,CHMP7,,,,,,,,,,,,,,,,,,,,,,,,,,,,,,,,,,,,,,,,,,,,,,,,,,,,,,,,,,,,,,,,,,,,,,,,,,,,,,,,,,,,,,,,,,,,,,,,,,,,,,,,,,,,,,,,,,,,,,,,,,,,,,,,,,,,,,,,,,,,,,,,,,,,,,,,,,,,,,,,,,,,,,,,,,,,,,,,,,,,,,,,,
CD4+ naive T-cells_FANTOM_2,APBB1,CD3E,CD6,CD7,CD27,TNFSF8,CCR7,DSC1,GRK6,GZMM,PRMT2,IDUA,INSL3,ITK,JAK3,NUMA1,PHF1,PLCL1,PLCG1,RXRB,SELPLG,ZAP70,ZNF76,CUBN,PIP4K2B,NCK2,CDK10,TNK1,ACAP1,TSPAN32,ARFRP1,SEP-01,MSL3,WDR6,MLXIP,LEPROTL1,CABIN1,SH2B1,IPCEF1,KLHL3,SIT1,TRAT1,CRLF3,RAPGEF6,FAM193B,SIRPG,PACS1,PLXDC1,RNPEPL1,CREBZF,GPSM3,ANKRD55,NDFIP1,LIMD2,OBSCN,CHMP7,,,,,,,,,,,,,,,,,,,,,,,,,,,,,,,,,,,,,,,,,,,,,,,,,,,,,,,,,,,,,,,,,,,,,,,,,,,,,,,,,,,,,,,,,,,,,,,,,,,,,,,,,,,,,,,,,,,,,,,,,,,,,,,,,,,,,,,,,,,,,,,,
CD4+ naive T-cells_FANTOM_3,CD27,CLC,CTSW,DNAJB1,RBL2,HAUS3,ANKRD55,ZNF394,CHMP7,,,,,,,,,,,,,,,,,,,,,,,,,,,,,,,,,,,,,,,,,,,,,,,,,,,,,,,,,,,,,,,,,,,,,,,,,,,,,,,,,,,,,,,,,,,,,,,,,,,,,,,,,,,,,,,,,,,,,,,,,,,,,,,,,,,,,,,,,,,,,,,,,,,,,,,,,,,,,,,,,,,,,,,,,,,,,,,,,,,,,,,,,,,,,,,
CD4+ naive T-cells_HPCA_1,CD6,CCR7,DSC1,GLG1,LY9,MAK,PLCL1,RBL2,RBMS1,ATXN7,CUL1,MTRF1,BMS1,CEPT1,AAK1,SORCS3,CLUAP1,IPCEF1,ICOS,COQ6,PHF20L1,POP5,RAPGEF6,NUDT9,UBASH3A,GIN1,SETD5,KDM3A,PLXDC1,NAA16,ANKRD55,TRAF3IP3,NDFIP1,CHMP7,TMEM30B,,,,,,,,,,,,,,,,,,,,,,,,,,,,,,,,,,,,,,,,,,,,,,,,,,,,,,,,,,,,,,,,,,,,,,,,,,,,,,,,,,,,,,,,,,,,,,,,,,,,,,,,,,,,,,,,,,,,,,,,,,,,,,,,,,,,,,,,,,,,,,,,,,,,,,,,,,,,,,,,,,,,,
CD4+ naive T-cells_HPCA_2,CCR7,FKTN,IL16,KRT2,NPAT,RBMS1,VPS52,MTRF1,CEPT1,SORCS3,UTP20,PHF20L1,POP5,RAPGEF6,RNF216,TUG1,PLXDC1,ANKRD55,TRAF3IP3,CHMP7,,,,,,,,,,,,,,,,,,,,,,,,,,,,,,,,,,,,,,,,,,,,,,,,,,,,,,,,,,,,,,,,,,,,,,,,,,,,,,,,,,,,,,,,,,,,,,,,,,,,,,,,,,,,,,,,,,,,,,,,,,,,,,,,,,,,,,,,,,,,,,,,,,,,,,,,,,,,,,,,,,,,,,,,,,,,,,,,,,,,
CD4+ naive T-cells_HPCA_3,CD6,CCR7,FKTN,IL16,KRT2,NPAT,PLCL1,RBMS1,VPS52,MTRF1,CEPT1,AAK1,SORCS3,UTP20,PHF20L1,POP5,RAPGEF6,GIN1,TUG1,PLXDC1,NOL9,ANKRD55,TRAF3IP3,CHMP7,,,,,,,,,,,,,,,,,,,,,,,,,,,,,,,,,,,,,,,,,,,,,,,,,,,,,,,,,,,,,,,,,,,,,,,,,,,,,,,,,,,,,,,,,,,,,,,,,,,,,,,,,,,,,,,,,,,,,,,,,,,,,,,,,,,,,,,,,,,,,,,,,,,,,,,,,,,,,,,,,,,,,,,,,,,,,,,,
CD4+ naive T-cells_IRIS_1,CD3G,CD4,CD5,CD7,HMOX2,NPAT,RPA3,RPLP2,RPL14,SNPH,TBC1D5,RAB3GAP1,MLH3,SIRPG,PARP11,MKL1,GIMAP6,,,,,,,,,,,,,,,,,,,,,,,,,,,,,,,,,,,,,,,,,,,,,,,,,,,,,,,,,,,,,,,,,,,,,,,,,,,,,,,,,,,,,,,,,,,,,,,,,,,,,,,,,,,,,,,,,,,,,,,,,,,,,,,,,,,,,,,,,,,,,,,,,,,,,,,,,,,,,,,,,,,,,,,,,,,,,,,,,,,,,,,
CD4+ naive T-cells_IRIS_2,CD4,CD5,CD7,CD40LG,INPP4A,NPAT,TRAF1,TBC1D5,SIRPG,PARP11,MKL1,GIMAP6,,,,,,,,,,,,,,,,,,,,,,,,,,,,,,,,,,,,,,,,,,,,,,,,,,,,,,,,,,,,,,,,,,,,,,,,,,,,,,,,,,,,,,,,,,,,,,,,,,,,,,,,,,,,,,,,,,,,,,,,,,,,,,,,,,,,,,,,,,,,,,,,,,,,,,,,,,,,,,,,,,,,,,,,,,,,,,,,,,,,,,,,,,,,
CD4+ naive T-cells_IRIS_3,CD2,CD3G,CD247,CD4,CD5,CD7,CD27,CD40LG,CCR7,HMOX2,PRMT2,INPP4A,NPAT,RPA3,RPL38,RPLP2,RPS6,TRAF1,RPL14,ZNF264,SNPH,TBC1D5,ZBTB40,PRMT3,USP16,NUP50,RAB3GAP1,ZNF609,RPRD2,LEPROTL1,MLH3,TRAT1,FCF1,SIRPG,PARP11,PLXDC1,MKL1,COPS7B,DDX31,KRI1,DDX50,ACBD4,SLTM,RPAP2,WDR82,ZNF780B,GIMAP6,,,,,,,,,,,,,,,,,,,,,,,,,,,,,,,,,,,,,,,,,,,,,,,,,,,,,,,,,,,,,,,,,,,,,,,,,,,,,,,,,,,,,,,,,,,,,,,,,,,,,,,,,,,,,,,,,,,,,,,,,,,,,,,,,,,,,,,,,,,,,,,,,,,,,,,,,
CD4+ naive T-cells_NOVERSHTERN_1,CASP8,CD3E,CD4,CD27,CD28,CD40LG,CDK1,CCR7,CTLA4,HMOX2,LAIR2,PLCL1,RBL2,SUPV3L1,TPP2,GRAP2,SNPH,ZBTB40,ZNF263,USP16,CD226,CA5B,ZNF609,FNBP4,NUDCD3,LEPROTL1,STAP1,SIT1,ICOS,TRAT1,PHF20L1,TEX264,SIRPG,POLR3E,PLXDC1,MKL1,DPEP2,COPS7B,GIMAP6,,,,,,,,,,,,,,,,,,,,,,,,,,,,,,,,,,,,,,,,,,,,,,,,,,,,,,,,,,,,,,,,,,,,,,,,,,,,,,,,,,,,,,,,,,,,,,,,,,,,,,,,,,,,,,,,,,,,,,,,,,,,,,,,,,,,,,,,,,,,,,,,,,,,,,,,,,,,,,,,,
CD4+ naive T-cells_NOVERSHTERN_2,APBB1,PRMT2,TATDN2,DIDO1,REV1,RNF216,PLXDC1,NDFIP1,CHMP7,,,,,,,,,,,,,,,,,,,,,,,,,,,,,,,,,,,,,,,,,,,,,,,,,,,,,,,,,,,,,,,,,,,,,,,,,,,,,,,,,,,,,,,,,,,,,,,,,,,,,,,,,,,,,,,,,,,,,,,,,,,,,,,,,,,,,,,,,,,,,,,,,,,,,,,,,,,,,,,,,,,,,,,,,,,,,,,,,,,,,,,,,,,,,,,
CD4+ naive T-cells_NOVERSHTERN_3,CD3E,CD6,CD7,CCR7,DSC1,JAK3,PLCL1,PLCG1,ZAP70,CABIN1,PLXDC1,GPSM3,ANKRD55,LIMD2,CHMP7,,,,,,,,,,,,,,,,,,,,,,,,,,,,,,,,,,,,,,,,,,,,,,,,,,,,,,,,,,,,,,,,,,,,,,,,,,,,,,,,,,,,,,,,,,,,,,,,,,,,,,,,,,,,,,,,,,,,,,,,,,,,,,,,,,,,,,,,,,,,,,,,,,,,,,,,,,,,,,,,,,,,,,,,,,,,,,,,,,,,,,,,,
CD8+ naive T-cells_HPCA_1,AMBN,CD8A,CD8B,CCR8,COX4I1,EEF1D,GPR15,HTR1B,SMCP,MYL1,NDUFA1,NDUFA4,NDUFS5,NKTR,OMG,PSG11,SKI,SON,TPP2,SHFM1,HIST1H3A,HIST1H4F,RNMT,BUD31,GPR52,ZNHIT3,RNF7,JOSD1,SLC17A4,BCAS2,RPP38,CGRRF1,RRH,SMR3B,JMJD6,RRP8,CA14,NGDN,C19orf53,SETD2,IL21R,MED31,SS18L2,LUZP4,CDK5RAP1,FXYD7,GDAP2,CCDC87,CWF19L1,DDX24,USP36,PCIF1,MS4A5,HAUS3,LIN28A,BTNL8,SLC35E1,MOGAT2,TNKS2,KIAA1109,GJB4,HIGD2A,,,,,,,,,,,,,,,,,,,,,,,,,,,,,,,,,,,,,,,,,,,,,,,,,,,,,,,,,,,,,,,,,,,,,,,,,,,,,,,,,,,,,,,,,,,,,,,,,,,,,,,,,,,,,,,,,,,,,,,,,,,,,,,,,,,,,,,,,,
CD8+ naive T-cells_HPCA_2,CD8A,CD8B,EEF1D,GPR15,MYL1,NDUFA4,NDUFS5,PSG11,SKI,SON,HIST1H3A,BUD31,GPR52,ZNHIT3,CGRRF1,RRP8,NGDN,C19orf53,SETD2,MED31,SS18L2,CDK5RAP1,DDX24,PCIF1,MS4A5,HAUS3,LIN28A,TNKS2,,,,,,,,,,,,,,,,,,,,,,,,,,,,,,,,,,,,,,,,,,,,,,,,,,,,,,,,,,,,,,,,,,,,,,,,,,,,,,,,,,,,,,,,,,,,,,,,,,,,,,,,,,,,,,,,,,,,,,,,,,,,,,,,,,,,,,,,,,,,,,,,,,,,,,,,,,,,,,,,,,,,,,,,,,,,
CD8+ naive T-cells_HPCA_3,CD8A,CD8B,EEF1D,GPR15,KRT1,MYL1,NDUFA4,NDUFS5,PSG11,RFX2,SKI,HIST1H3A,CILP,GPR52,SLC17A4,JMJD6,CA14,NGDN,C19orf53,SETD2,IL21R,MED31,FXYD7,DDX24,MS4A5,HAUS3,LIN28A,TNKS2,GJB4,,,,,,,,,,,,,,,,,,,,,,,,,,,,,,,,,,,,,,,,,,,,,,,,,,,,,,,,,,,,,,,,,,,,,,,,,,,,,,,,,,,,,,,,,,,,,,,,,,,,,,,,,,,,,,,,,,,,,,,,,,,,,,,,,,,,,,,,,,,,,,,,,,,,,,,,,,,,,,,,,,,,,,,,,,,
Endothelial cells_BLUEPRINT_1,ACVRL1,TIE1,VWF,HYAL2,ARHGEF15,ROBO4,MMRN2,FAM124B,,,,,,,,,,,,,,,,,,,,,,,,,,,,,,,,,,,,,,,,,,,,,,,,,,,,,,,,,,,,,,,,,,,,,,,,,,,,,,,,,,,,,,,,,,,,,,,,,,,,,,,,,,,,,,,,,,,,,,,,,,,,,,,,,,,,,,,,,,,,,,,,,,,,,,,,,,,,,,,,,,,,,,,,,,,,,,,,,,,,,,,,,,,,,,,,
Endothelial cells_BLUEPRINT_2,ACVRL1,TIE1,VWF,HYAL2,ARHGEF15,ROBO4,MMRN2,FAM124B,,,,,,,,,,,,,,,,,,,,,,,,,,,,,,,,,,,,,,,,,,,,,,,,,,,,,,,,,,,,,,,,,,,,,,,,,,,,,,,,,,,,,,,,,,,,,,,,,,,,,,,,,,,,,,,,,,,,,,,,,,,,,,,,,,,,,,,,,,,,,,,,,,,,,,,,,,,,,,,,,,,,,,,,,,,,,,,,,,,,,,,,,,,,,,,,
Endothelial cells_BLUEPRINT_3,ACVRL1,ADSS,AP2A2,ANGPT2,ANXA2,ANXA3,RHOC,BMX,PTTG1IP,CANX,CAV1,CCT6A,CD9,CDC27,AP2S1,CLTA,DAD1,DDX10,EIF4G2,ERG,FOXC2,FLT1,FLT4,GJA4,GNB1,GOT2,GPR4,HSPA4,HTR2B,KDR,TNPO1,MNAT1,MYL6,NEDD8,NNAT,NOTCH4,PNP,PDE3A,PIK3C2A,PLS3,PPP2R2A,PSMB7,PSMD1,PSMD2,PSMD10,RALA,RANGAP1,RARS,RCN2,S100A6,MAPK12,SELE,SH3GL1,SLC16A1,SNTB2,SSBP1,TARBP2,TEK,TIE1,TJP1,CLDN5,TPD52L2,HSP90B1,UFD1L,VWF,FXR1,SCARF1,DYNLL1,HYAL2,CDC123,EIF2B2,MTMR2,BCL10,TNFSF18,ITGB1BP1,TAOK2,EI24,GDF3,FEZ2,PPM1F,SAE1,KIF20A,ACTR1A,PDIA6,TXNDC9,PCGF3,TIMM17A,CARM1,SEMA6B,IPO7,PITRM1,ARPC1A,IGF2BP3,YKT6,LYVE1,COPS6,PWP1,CDC37,FAM107A,ECD,TUSC2,ARHGEF15,MMRN1,NCBP2,CD93,ATF6,TTLL5,STAB1,ARL2BP,MTCH1,TMEM184B,CLEC1A,BFAR,PCDH12,SPTBN5,EMCN,BTBD1,SOX18,ROBO4,TMED9,DEF8,RASIP1,TMEM39B,LRRC59,NPLOC4,CISD1,KLHL9,ANO2,MRPL17,SPATS2,CXorf36,MMRN2,FAM124B,EDC3,MYCT1,NETO2,PLVAP,DCTN5,G6PC3,MYL12B,KANK3,,,,,,,,,,,,,,,,,,,,,,,,,,,,,,,,,,,,,,,,,,,,,,,,,,,,,,,,,,,
Endothelial cells_ENCODE_1,ACVRL1,ANGPT2,ANXA2,RHOC,BMX,PTTG1IP,CAV1,CLTA,DAD1,ERG,FOXC2,GPR4,KDR,MYL6,PIK3C2A,PLS3,PSMD10,RALA,MAPK12,SLC16A1,TEK,TIE1,CLDN5,VWF,HYAL2,FEZ2,ACTR1A,TXNDC9,PCGF3,COPS6,PWP1,FAM107A,ECD,ARHGEF15,MMRN1,CD93,TTLL5,MTCH1,CLEC1A,PCDH12,EMCN,SOX18,ROBO4,RASIP1,LRRC59,MRPL17,CXorf36,MMRN2,MYCT1,PLVAP,KANK3,,,,,,,,,,,,,,,,,,,,,,,,,,,,,,,,,,,,,,,,,,,,,,,,,,,,,,,,,,,,,,,,,,,,,,,,,,,,,,,,,,,,,,,,,,,,,,,,,,,,,,,,,,,,,,,,,,,,,,,,,,,,,,,,,,,,,,,,,,,,,,,,,,,,,
Endothelial cells_ENCODE_2,ACVRL1,ANGPT2,ANXA2,RHOC,BMX,PTTG1IP,CAV1,CLTA,ERG,GPR4,KDR,PLS3,PSMD10,RALA,MAPK12,SLC16A1,TIE1,CLDN5,VWF,HYAL2,ACTR1A,PCGF3,COPS6,PWP1,FAM107A,ARHGEF15,MMRN1,CD93,TTLL5,MTCH1,CLEC1A,PCDH12,EMCN,SOX18,ROBO4,RASIP1,MRPL17,CXorf36,MMRN2,MYCT1,PLVAP,KANK3,,,,,,,,,,,,,,,,,,,,,,,,,,,,,,,,,,,,,,,,,,,,,,,,,,,,,,,,,,,,,,,,,,,,,,,,,,,,,,,,,,,,,,,,,,,,,,,,,,,,,,,,,,,,,,,,,,,,,,,,,,,,,,,,,,,,,,,,,,,,,,,,,,,,,,,,,,,,,,
Endothelial cells_ENCODE_3,ACVRL1,ANGPT2,RHOC,BMX,CLTA,GPR4,KDR,PLS3,PSMD10,RALA,MAPK12,TIE1,VWF,HYAL2,ACTR1A,ARHGEF15,CLEC1A,EMCN,SOX18,ROBO4,RASIP1,CXorf36,MMRN2,MYCT1,KANK3,,,,,,,,,,,,,,,,,,,,,,,,,,,,,,,,,,,,,,,,,,,,,,,,,,,,,,,,,,,,,,,,,,,,,,,,,,,,,,,,,,,,,,,,,,,,,,,,,,,,,,,,,,,,,,,,,,,,,,,,,,,,,,,,,,,,,,,,,,,,,,,,,,,,,,,,,,,,,,,,,,,,,,,,,,,,,,,
Endothelial cells_FANTOM_1,ACVRL1,ANGPT2,KDR,TIE1,HYAL2,ARHGEF15,EMCN,ROBO4,MMRN2,MYCT1,,,,,,,,,,,,,,,,,,,,,,,,,,,,,,,,,,,,,,,,,,,,,,,,,,,,,,,,,,,,,,,,,,,,,,,,,,,,,,,,,,,,,,,,,,,,,,,,,,,,,,,,,,,,,,,,,,,,,,,,,,,,,,,,,,,,,,,,,,,,,,,,,,,,,,,,,,,,,,,,,,,,,,,,,,,,,,,,,,,,,,,,,,,,,,
Endothelial cells_FANTOM_2,ACVRL1,ANGPT2,BMX,KDR,TIE1,HYAL2,ARHGEF15,EMCN,ROBO4,MMRN2,MYCT1,,,,,,,,,,,,,,,,,,,,,,,,,,,,,,,,,,,,,,,,,,,,,,,,,,,,,,,,,,,,,,,,,,,,,,,,,,,,,,,,,,,,,,,,,,,,,,,,,,,,,,,,,,,,,,,,,,,,,,,,,,,,,,,,,,,,,,,,,,,,,,,,,,,,,,,,,,,,,,,,,,,,,,,,,,,,,,,,,,,,,,,,,,,,,
Endothelial cells_FANTOM_3,ACVRL1,ANGPT2,ANXA3,ART4,BMX,CAV1,ERG,FLT1,GJA4,GPR4,HTR2B,KDR,KRT19,TACSTD2,PDE3A,RALA,MAPK12,SELE,SNTB2,TIE1,CLDN5,VWF,HYAL2,EIF2B2,TNFSF18,GDF3,IGF2BP3,ARHGEF15,MMRN1,CD93,CLEC1A,EMCN,SOX18,ROBO4,RASIP1,CXorf36,MMRN2,FAM124B,MYCT1,KANK3,,,,,,,,,,,,,,,,,,,,,,,,,,,,,,,,,,,,,,,,,,,,,,,,,,,,,,,,,,,,,,,,,,,,,,,,,,,,,,,,,,,,,,,,,,,,,,,,,,,,,,,,,,,,,,,,,,,,,,,,,,,,,,,,,,,,,,,,,,,,,,,,,,,,,,,,,,,,,,,,
Endothelial cells_HPCA_1,ANGPT2,BMX,KDR,TIE1,CLDN5,VWF,MMRN1,CD93,STAB1,EMCN,ROBO4,GIMAP4,,,,,,,,,,,,,,,,,,,,,,,,,,,,,,,,,,,,,,,,,,,,,,,,,,,,,,,,,,,,,,,,,,,,,,,,,,,,,,,,,,,,,,,,,,,,,,,,,,,,,,,,,,,,,,,,,,,,,,,,,,,,,,,,,,,,,,,,,,,,,,,,,,,,,,,,,,,,,,,,,,,,,,,,,,,,,,,,,,,,,,,,,,,,
Endothelial cells_HPCA_2,ANGPT2,BMX,FLT4,KDR,TIE1,VWF,SEMA6B,MMRN1,,,,,,,,,,,,,,,,,,,,,,,,,,,,,,,,,,,,,,,,,,,,,,,,,,,,,,,,,,,,,,,,,,,,,,,,,,,,,,,,,,,,,,,,,,,,,,,,,,,,,,,,,,,,,,,,,,,,,,,,,,,,,,,,,,,,,,,,,,,,,,,,,,,,,,,,,,,,,,,,,,,,,,,,,,,,,,,,,,,,,,,,,,,,,,,,
Endothelial cells_HPCA_3,ACVRL1,CDC27,AP2S1,ERCC1,FBL,FDPS,FOXC2,FLT4,GJA4,GPR4,HTR1B,LYL1,NOTCH4,NOVA2,PNP,PPP2R2A,PSMC5,RALA,RELA,RPS14,MAPK12,TIE1,CLDN5,VWF,CLPP,SCARF1,HYAL2,EIF2B2,MTMR2,BCL10,TNFSF18,BUB3,TAOK2,DLGAP5,ACTR1A,LYPLA1,STK25,SEMA6C,SEMA6B,PTTG2,WDR4,LYVE1,STRAP,TUSC2,ARHGEF15,CD93,TTLL5,N4BP3,STAB1,EDC4,PRKD2,PRPF19,GIT1,CLEC1A,ROBO4,TMEM39B,CEP55,NPLOC4,CISD1,METTL3,TUT1,SPATS2,FAM65A,MMRN2,FAM124B,MYCT1,MTG1,KANK3,GIMAP6,,,,,,,,,,,,,,,,,,,,,,,,,,,,,,,,,,,,,,,,,,,,,,,,,,,,,,,,,,,,,,,,,,,,,,,,,,,,,,,,,,,,,,,,,,,,,,,,,,,,,,,,,,,,,,,,,,,,,,,,,,,,,,,,,,,
Fibroblasts_ENCODE_1,ADH5,ARF4,ARL1,ASPA,ATP2A2,BAD,BMPR1A,CACNA1C,AP2M1,CSNK1A1,CSNK1G3,DCTD,DPT,ECT2,ELN,ETF1,FKTN,FGF7,GARS,GOLGA4,GRIA1,GRIA3,HIF1A,HLCS,HTR2A,HTR2B,ITIH3,IPO5,KRT19,LGALS1,SMAD5,MARS,MYH1,MYH2,02-ספט,NFATC4,OCRL,PPIB,PRKG1,PTGIR,RAD23B,RCN2,PRPH2,RYK,ATXN2,SGCD,SGCG,SHMT2,SIM1,SNTB2,TBX5,CLEC3B,TPD52L2,TSPYL1,SLC35A2,VCL,WNT2,ZFPL1,B4GALT2,MPZL1,ZMYM4,ZFYVE9,GGPS1,SCAMP1,BAG2,PRDX6,RNF14,SCRN1,RNF41,TFG,YAP1,SPTLC1,CORIN,FRS2,SPIN1,TMED10,KDELR2,DSTN,EMILIN1,MAP4K5,XPOT,RRAS2,RAB11FIP2,RAB3GAP1,TRIM32,GANAB,DNAJC13,ICMT,LMOD1,MYOF,TBL2,SEC22A,NPTN,HSPB7,SEC61A1,TNFRSF12A,NGRN,MBTPS2,AMOTL2,GPR85,TMED9,ASPN,ST7L,SLC35A5,KIF26B,GPATCH2,IMPACT,POMGNT1,CAND1,ACTR10,SAR1A,THAP10,CCDC90B,MAGEF1,ACBD3,C7orf25,AHNAK,FTO,ZC3H14,PODNL1,TCEAL4,SVEP1,TTC26,SLC25A32,ADAMTS12,TM2D1,ANKRD40,MYL12B,LRRC42,HSPB6,10-ספט,TOR1AIP2,TXLNA,RNASEH1,DPY19L4,SNX19,,,,,,,,,,,,,,,,,,,,,,,,,,,,,,,,,,,,,,,,,,,,,,,,,,,,,,,,,,,,,,,,
Fibroblasts_ENCODE_2,ARF4,ATP2A2,BMPR1A,CACNA1C,CSNK1A1,CSNK1G3,DPT,ELN,FKTN,FGF7,GRIA1,GRIA3,HIF1A,HTR2B,ITIH3,IPO5,LGALS1,MYH2,02-ספט,NFATC4,PRKG1,RAD23B,PRPH2,RYK,SGCD,SGCG,SIM1,TBX5,SLC35A2,WNT2,ZFPL1,SCAMP1,BAG2,PRDX6,SCRN1,RNF41,YAP1,SPTLC1,CORIN,FRS2,SPIN1,KDELR2,MAP4K5,XPOT,RRAS2,RAB11FIP2,TRIM32,MYOF,SEC22A,HSPB7,MBTPS2,AMOTL2,GPR85,ASPN,SLC35A5,KIF26B,GPATCH2,CAND1,THAP10,CCDC90B,ACBD3,AHNAK,PODNL1,SVEP1,TM2D1,MYL12B,LRRC42,10-ספט,TXLNA,RNASEH1,DPY19L4,,,,,,,,,,,,,,,,,,,,,,,,,,,,,,,,,,,,,,,,,,,,,,,,,,,,,,,,,,,,,,,,,,,,,,,,,,,,,,,,,,,,,,,,,,,,,,,,,,,,,,,,,,,,,,,,,,,,,,,,,,,,,,,,,
Fibroblasts_ENCODE_3,BMPR1A,DPT,ELN,FKTN,FGF7,GRIA3,HTR2B,ISLR,ITIH3,KRT19,MYH2,PRKG1,SGCD,SGCG,SIM1,SNTB2,TBX5,WNT2,BAG2,YAP1,CORIN,TRIM32,LMOD1,MYOF,TNFRSF12A,AMOTL2,ASPN,KIF26B,THAP10,HSPB6,DPY19L4,,,,,,,,,,,,,,,,,,,,,,,,,,,,,,,,,,,,,,,,,,,,,,,,,,,,,,,,,,,,,,,,,,,,,,,,,,,,,,,,,,,,,,,,,,,,,,,,,,,,,,,,,,,,,,,,,,,,,,,,,,,,,,,,,,,,,,,,,,,,,,,,,,,,,,,,,,,,,,,,,,,,,,,,,
Fibroblasts_FANTOM_1,ADD1,ADH1B,ALDH9A1,ANXA11,ARF4,ARHGAP6,C7,CACNA1C,CAMLG,CIRBP,CSF1,CYBA,DPT,DUT,FGF7,FMO2,FTL,GARS,GOLGA1,GSTM5,HEXA,HIC1,HPS1,HTR2B,IDUA,ISLR,JAK3,IPO5,LTBR,LTC4S,SMAD5,MGMT,MGST3,MMP17,MMP19,NFATC4,NFE2L2,P4HB,PDE4A,PFDN5,PGK1,PIK3R2,PRKG2,MASP1,PTGIR,RASA2,RNF4,RNH1,ROM1,RPL37A,SH3BP2,SNAPC2,TADA2A,TBX5,TCF21,TFDP1,CLEC3B,TNXB,VIM,ZNF32,DEK,NDST2,CGGBP1,WISP1,S1PR2,RPL23,HAND2,BAG2,LAPTM4A,HDAC5,MPHOSPH10,TFG,PRDX4,MTHFD2,SEC24A,KDELR1,KDELR2,EMILIN1,LSM6,XPOT,ZBTB1,FAIM2,GANAB,CSTF2T,ABCA6,SNED1,TOR1AIP1,CECR5,RASL12,ZNF771,AMOTL2,HDAC7,UBE2D4,ASPN,TXNL4B,SLC35A5,SHQ1,ADI1,DDX19A,ZNF444,FBXL8,ZNF446,EXOC1,SPATA7,TMEM165,PCDHGA11,GPR137,CASS4,ATP13A1,KIAA1614,EDA2R,PAPPA2,MOSPD3,C11orf95,C7orf25,ATG9A,TBC1D17,SLC35E1,SVEP1,SLC25A32,C6orf62,WDR73,MFSD5,ZNF358,EML3,DPY19L4,,,,,,,,,,,,,,,,,,,,,,,,,,,,,,,,,,,,,,,,,,,,,,,,,,,,,,,,,,,,,,,,,,,,,,,,,,
Fibroblasts_FANTOM_2,CAMLG,FTL,GSTM5,ISLR,JAK3,MMP19,NFATC4,PRKG2,PTGIR,S1PR2,HAND2,ZNF771,GPR137,KIAA1614,SPAG16,SVEP1,C6orf120,,,,,,,,,,,,,,,,,,,,,,,,,,,,,,,,,,,,,,,,,,,,,,,,,,,,,,,,,,,,,,,,,,,,,,,,,,,,,,,,,,,,,,,,,,,,,,,,,,,,,,,,,,,,,,,,,,,,,,,,,,,,,,,,,,,,,,,,,,,,,,,,,,,,,,,,,,,,,,,,,,,,,,,,,,,,,,,,,,,,,,,
Fibroblasts_FANTOM_3,ADH1B,ARHGAP6,C7,DPT,FGF7,FMO2,FTL,HIC1,HTR2B,ISLR,JAK3,MGMT,MIF,MMP17,MMP19,POLR2E,PRKG2,MASP1,PTGIR,ROM1,MRPL12,TBX5,TCF21,TNXB,COL14A1,GDF5,WISP1,S1PR2,HAND2,PRDX4,KDELR1,EMILIN1,ABCA6,ASPN,C19orf24,ADI1,GPR137,KIAA1614,PODNL1,ADM2,SVEP1,ZNF358,SIX5,,,,,,,,,,,,,,,,,,,,,,,,,,,,,,,,,,,,,,,,,,,,,,,,,,,,,,,,,,,,,,,,,,,,,,,,,,,,,,,,,,,,,,,,,,,,,,,,,,,,,,,,,,,,,,,,,,,,,,,,,,,,,,,,,,,,,,,,,,,,,,,,,,,,,,,,,,,,,
Fibroblasts_HPCA_1,ADH1B,C7,CACNA1C,CAMLG,FTL,HEXA,IDUA,ISLR,JAK3,IPO5,MGST3,NFATC4,NFE2L2,PRKG2,MASP1,PTGIR,RNH1,TBX5,TCF21,TFDP1,HAND2,BAG2,PRDX4,MTHFD2,XPOT,CSTF2T,ZNF771,ADI1,FBXL8,PCDHGA11,GPR137,KIAA1614,PAPPA2,C7orf25,,,,,,,,,,,,,,,,,,,,,,,,,,,,,,,,,,,,,,,,,,,,,,,,,,,,,,,,,,,,,,,,,,,,,,,,,,,,,,,,,,,,,,,,,,,,,,,,,,,,,,,,,,,,,,,,,,,,,,,,,,,,,,,,,,,,,,,,,,,,,,,,,,,,,,,,,,,,,,,,,,,,,,
Fibroblasts_HPCA_2,ADH1B,ANXA11,ARF4,C7,CACNA1C,CAMLG,FTL,GOLGA1,HEXA,IDUA,ISLR,JAK3,IPO5,LTBR,SMAD5,MGST3,NFATC4,NFE2L2,PFDN5,PRKG2,MASP1,PTGIR,RNH1,TADA2A,TBX5,TCF21,TFDP1,VIM,CGGBP1,HAND2,BAG2,HDAC5,PRDX4,MTHFD2,KDELR1,TMEM115,XPOT,CSTF2T,DNPEP,MKRN2,TOR1AIP1,ZCCHC4,RASL12,ZNF771,ADI1,FBXL8,PCDHGA11,GPR137,CASS4,ATP13A1,CYP20A1,ZNF471,KIAA1614,PAPPA2,MOSPD3,C7orf25,UBE3B,TEX261,ZNF358,EML3,C6orf120,,,,,,,,,,,,,,,,,,,,,,,,,,,,,,,,,,,,,,,,,,,,,,,,,,,,,,,,,,,,,,,,,,,,,,,,,,,,,,,,,,,,,,,,,,,,,,,,,,,,,,,,,,,,,,,,,,,,,,,,,,,,,,,,,,,,,,,,,,,
Fibroblasts_HPCA_3,ADD1,ADH1B,ALDH9A1,ANXA11,ARF4,ARHGAP6,C7,CACNA1C,CAMLG,CIRBP,CSF1,CYBA,DPT,DUT,FGF7,FMO2,FTL,GARS,GOLGA1,GSTM5,HEXA,HIC1,HPS1,HTR2B,IDUA,ISLR,JAK3,IPO5,LTBR,LTC4S,SMAD5,MGMT,MGST3,MMP17,MMP19,NFATC4,NFE2L2,P4HB,PDE4A,PFDN5,PGK1,PIK3R2,PRKG2,MASP1,PTGIR,RASA2,RNF4,RNH1,ROM1,RPL37A,SH3BP2,SNAPC2,TADA2A,TBX5,TCF21,TFDP1,CLEC3B,TNXB,VIM,ZNF32,DEK,NDST2,CGGBP1,WISP1,S1PR2,RPL23,HAND2,BAG2,LAPTM4A,HDAC5,MPHOSPH10,TFG,PRDX4,MTHFD2,SEC24A,KDELR1,KDELR2,EMILIN1,LSM6,XPOT,ZBTB1,FAIM2,GANAB,CSTF2T,ABCA6,SNED1,TOR1AIP1,CECR5,RASL12,ZNF771,AMOTL2,HDAC7,UBE2D4,ASPN,TXNL4B,SLC35A5,SHQ1,ADI1,DDX19A,ZNF444,FBXL8,ZNF446,EXOC1,SPATA7,TMEM165,PCDHGA11,GPR137,CASS4,ATP13A1,KIAA1614,EDA2R,PAPPA2,MOSPD3,C11orf95,C7orf25,ATG9A,TBC1D17,SLC35E1,SVEP1,SLC25A32,C6orf62,WDR73,MFSD5,ZNF358,EML3,DPY19L4,,,,,,,,,,,,,,,,,,,,,,,,,,,,,,,,,,,,,,,,,,,,,,,,,,,,,,,,,,,,,,,,,,,,,,,,,,
Macrophages M1_BLUEPRINT_1,ACP2,ABCD1,C1QA,FDX1,CCL22,CD163,SCAMP2,ADAMDEC1,ARL8B,HAMP,,,,,,,,,,,,,,,,,,,,,,,,,,,,,,,,,,,,,,,,,,,,,,,,,,,,,,,,,,,,,,,,,,,,,,,,,,,,,,,,,,,,,,,,,,,,,,,,,,,,,,,,,,,,,,,,,,,,,,,,,,,,,,,,,,,,,,,,,,,,,,,,,,,,,,,,,,,,,,,,,,,,,,,,,,,,,,,,,,,,,,,,,,,,,,
Macrophages M1_BLUEPRINT_2,ACP2,ABCD1,FDX1,CCL8,CCL22,CD163,ADAMDEC1,TREM2,HAMP,,,,,,,,,,,,,,,,,,,,,,,,,,,,,,,,,,,,,,,,,,,,,,,,,,,,,,,,,,,,,,,,,,,,,,,,,,,,,,,,,,,,,,,,,,,,,,,,,,,,,,,,,,,,,,,,,,,,,,,,,,,,,,,,,,,,,,,,,,,,,,,,,,,,,,,,,,,,,,,,,,,,,,,,,,,,,,,,,,,,,,,,,,,,,,,
Macrophages M1_BLUEPRINT_3,ACP2,ADRA2B,ALCAM,ABCD1,ATOX1,ATP6V0C,ATP6V1E1,BLVRA,C1QA,CD48,CD63,CLCN7,TPP1,CLTC,CCR1,CMKLR1,SLC31A1,COX5B,FCER1G,FDX1,FOLR2,FPR3,FTL,HEXB,HK3,IL10,IL12B,ITGAE,LAIR1,CXCL9,MMP19,NARS,NDUFS2,P2RX7,PDCL,MAPK13,PTGIR,PTPRA,RELA,CCL7,CCL8,CCL19,CCL22,SRC,STX4,TCEB1,TFRC,AGPS,MARCO,SNX3,CD84,USP14,ITGB1BP1,ATP6V1F,TRIP4,CD163,CIAO1,WTAP,ARHGEF11,ABI1,SCAMP2,ACTR2,BCAP31,ZMPSTE24,BCKDK,EXOC5,STIP1,UQCR11,SDS,LILRB4,OGFR,TFEC,FKBP15,DNAJC13,TDRD7,STX12,IL17RA,ABTB2,FAM32A,SIGLEC7,SIGLEC9,ADAMDEC1,CECR5,SLC25A24,NRBP1,MS4A4A,TREM2,OTUD4,PQLC2,HAUS2,ARL8B,NECAP2,WDR11,ZC3H15,CCDC47,UTP3,MRS2,HAMP,MRPL40,VPS33A,CORO7,LIMD2,TMX1,DOT1L,ADO,ADCK2,,,,,,,,,,,,,,,,,,,,,,,,,,,,,,,,,,,,,,,,,,,,,,,,,,,,,,,,,,,,,,,,,,,,,,,,,,,,,,,,,,,,,,,,,,,,,,
Macrophages M1_FANTOM_1,ACP2,ADRA2B,ALCAM,TSPO,C3AR1,DAGLA,CALR,CHIT1,CYBB,CYC1,CYP19A1,DLAT,FCER1G,GP1BA,GPD1,IFNAR1,IL10,KCNJ5,KIFC3,MT2A,MYBPH,MYH11,MYO7A,P2RX7,PRDX1,RAB3IL1,RNH1,MRPL12,CCL1,CCL7,CCL8,CCL24,SRC,VIM,RRP1,MARCO,S1PR2,AP1M2,ACTR3,LILRB1,AFG3L2,SDS,LILRB4,EMILIN1,VSIG4,HSPB7,COQ2,ADAMDEC1,CECR5,WSB2,SLAMF8,DNASE2B,CLPB,MFSD7,ADCK2,,,,,,,,,,,,,,,,,,,,,,,,,,,,,,,,,,,,,,,,,,,,,,,,,,,,,,,,,,,,,,,,,,,,,,,,,,,,,,,,,,,,,,,,,,,,,,,,,,,,,,,,,,,,,,,,,,,,,,,,,,,,,,,,,,,,,,,,,,,,,,,,,
Macrophages M1_FANTOM_2,ACP2,ADCY3,ADRA2B,ALCAM,TSPO,C1QA,C1QB,C3AR1,DAGLA,CD63,CHIT1,CMKLR1,SLC31A1,CSF1,CSF1R,CYBB,CYC1,CYP19A1,FANCE,FCER1G,FDX1,FPR3,FTL,GP1BA,GPD1,HEXB,IL10,KCNJ1,KCNJ5,KIFC3,LAMP1,MMP19,MSR1,MT2A,MYBPH,MYO7A,P2RX7,PRDX1,RAB3IL1,MRPL12,CCL1,CCL7,CCL8,CCL18,CCL19,CCL24,SLC6A12,SPR,SRC,RRP1,MARCO,PKD2L1,S1PR2,CD163,LONP1,AP1M2,IGSF6,LILRB1,SDS,LILRB4,EMILIN1,VSIG4,TFEC,PHLDB1,CYFIP1,FKBP15,NCAPH,MYOF,HSPB7,ADAMDEC1,GLRX2,NDUFAF1,SPG21,MS4A4A,ATP6V1D,ATP6V1H,TREM2,PQLC2,TMEM70,PLEKHB2,TMEM33,SLAMF8,HAMP,DNASE2B,MYOZ1,LONRF3,CLPB,MFSD7,ADCK2,,,,,,,,,,,,,,,,,,,,,,,,,,,,,,,,,,,,,,,,,,,,,,,,,,,,,,,,,,,,,,,,,,,,,,,,,,,,,,,,,,,,,,,,,,,,,,,,,,,,,,,,,,,,,,,
Macrophages M1_FANTOM_3,ACP2,ADCY3,ADRA2B,ALCAM,ABCD1,ANXA2,ATP6V1A,C1QA,C1QB,C3AR1,DAGLA,CD80,CD63,CHIT1,CMKLR1,SLC31A1,CSF1,CSF1R,CYBB,CYC1,CYP19A1,FANCE,FDX1,FPR2,FPR3,GPD1,HEXB,KCNJ1,KCNJ5,KIFC3,MMP19,MSR1,MT2A,MYBPH,P2RX7,MAPK13,S100A11,CCL1,CCL7,CCL8,CCL18,CCL19,CCL22,CCL24,SLC1A2,SLC6A12,SLC11A1,SIGLEC1,SRC,TIE1,MARCO,HYAL2,CD163,LONP1,IGSF6,LILRB1,CD300C,SDS,LILRB4,EMILIN1,VSIG4,PHLDB1,NCAPH,CLEC4E,MYOF,HSPB7,ADAMDEC1,GLRX2,MS4A4A,ATP6V1H,TREM2,TMEM70,TMEM33,KCNK13,SLAMF8,HAMP,DNASE2B,MYOZ1,MFSD7,ADO,ADCK2,TBC1D16,,,,,,,,,,,,,,,,,,,,,,,,,,,,,,,,,,,,,,,,,,,,,,,,,,,,,,,,,,,,,,,,,,,,,,,,,,,,,,,,,,,,,,,,,,,,,,,,,,,,,,,,,,,,,,,,,,,,,,
Macrophages M2_BLUEPRINT_1,ACP2,ADCY3,ABCD1,ALK,ARSB,ATP2A2,ATP6V1C1,ATP6V0A1,TSPO,CAMP,CANX,CD63,CD81,CLCN7,TPP1,SLC31A1,FDX1,FGR,FTL,GLB1,HADHB,NCKAP1L,HEXA,HEXB,HPS1,IFNAR1,ITGAX,KCNJ5,LAIR1,LAMP1,MSR1,MYO9B,P2RX7,SDCBP,SNX1,SNX2,STX4,MARCO,CDS2,PABPC4,ATP6V0D1,PICK1,ARHGEF11,HS3ST2,PDCD6IP,SCAMP2,COL4A3BP,HSPH1,OS9,SDS,LILRB4,VSIG4,GABARAP,TFEC,WDFY3,TBC1D9B,ZC3H3,CYFIP1,PLEKHM2,FKBP15,SMG5,UNC50,GGA1,SNX5,SLC39A1,ADAMDEC1,COMMD9,SLC25A24,SPG21,MS4A4A,ANKFY1,BTBD1,STX18,RIN2,PQLC2,TMEM70,ACSM5,AGGF1,SLC38A7,VPS53,NOP10,IARS2,CCDC88A,VPS35,TMEM184C,EXOC1,SLAMF8,C16orf62,POGK,HAMP,DNASE2B,MTMR14,GORASP1,C10orf76,LONRF3,UBXN6,,,,,,,,,,,,,,,,,,,,,,,,,,,,,,,,,,,,,,,,,,,,,,,,,,,,,,,,,,,,,,,,,,,,,,,,,,,,,,,,,,,,,,,,,,,,,,,,,,,,,,,,
Macrophages M2_BLUEPRINT_2,CLCN7,FGR,GLB1,HEXA,HEXB,HS3ST2,FKBP15,PQLC2,TMEM70,SLC38A7,,,,,,,,,,,,,,,,,,,,,,,,,,,,,,,,,,,,,,,,,,,,,,,,,,,,,,,,,,,,,,,,,,,,,,,,,,,,,,,,,,,,,,,,,,,,,,,,,,,,,,,,,,,,,,,,,,,,,,,,,,,,,,,,,,,,,,,,,,,,,,,,,,,,,,,,,,,,,,,,,,,,,,,,,,,,,,,,,,,,,,,,,,,,,,
Macrophages M2_BLUEPRINT_3,ACP2,ALK,ARSB,ATP6V0A1,CD63,CLCN7,TPP1,SLC31A1,FGR,GLB1,HADHB,NCKAP1L,HEXA,HEXB,IFNAR1,KCNJ5,MYO9B,P2RX7,SDCBP,MARCO,ATP6V0D1,HS3ST2,PDCD6IP,COL4A3BP,CYFIP1,PLEKHM2,FKBP15,SMG5,SLC39A1,COMMD9,MS4A4A,STX18,PQLC2,TMEM70,SLC38A7,VPS53,HAMP,LONRF3,,,,,,,,,,,,,,,,,,,,,,,,,,,,,,,,,,,,,,,,,,,,,,,,,,,,,,,,,,,,,,,,,,,,,,,,,,,,,,,,,,,,,,,,,,,,,,,,,,,,,,,,,,,,,,,,,,,,,,,,,,,,,,,,,,,,,,,,,,,,,,,,,,,,,,,,,,,,,,,,,,
Macrophages M2_HPCA_1,ADRA2B,AP1B1,ALDH9A1,ANXA11,AQP8,CD52,ELK1,FH,FLT1,GPD1,NCKAP1L,HEXB,KCNJ1,LAMP1,MMP19,MSR1,NDUFB1,NPR1,PDE1B,PEX19,S100A6,SLC6A7,SLC6A12,SNAPC2,SNX1,TAF10,UCP3,UGP2,USF2,XPNPEP2,AKR7A2,SNX3,TNFSF14,NFS1,GSTO1,KIAA0196,HS3ST2,BCAP31,CEPT1,BAIAP2,SLC9A6,VTI1B,ARFGEF2,HSPH1,LILRA2,EFR3A,FKBP15,NCAPH,ZCCHC4,TMED5,MYO15A,NAGPA,ZNF219,MS4A4A,ANGPT4,ATP6V1D,TREM2,KCTD5,PQLC2,AGGF1,MFN1,IARS2,CCDC88A,KCNK13,TMEM9B,POGK,MYOZ1,IPPK,CARD14,ALG9,MRM1,DHX57,SLC25A46,OSBPL11,CCDC85C,,,,,,,,,,,,,,,,,,,,,,,,,,,,,,,,,,,,,,,,,,,,,,,,,,,,,,,,,,,,,,,,,,,,,,,,,,,,,,,,,,,,,,,,,,,,,,,,,,,,,,,,,,,,,,,,,,,,,,,,,,,,,
Macrophages M2_HPCA_2,ADRA2B,DNASE1L3,FDX1,GPD1,GUCA1A,KCNJ1,MSR1,PDE1B,UCP3,HS3ST2,SDS,MS4A4A,TREM2,DNASE2B,MYOZ1,,,,,,,,,,,,,,,,,,,,,,,,,,,,,,,,,,,,,,,,,,,,,,,,,,,,,,,,,,,,,,,,,,,,,,,,,,,,,,,,,,,,,,,,,,,,,,,,,,,,,,,,,,,,,,,,,,,,,,,,,,,,,,,,,,,,,,,,,,,,,,,,,,,,,,,,,,,,,,,,,,,,,,,,,,,,,,,,,,,,,,,,,
Macrophages M2_HPCA_3,ADRA2B,CD52,GPD1,MSR1,NPR1,UCP3,HS3ST2,MYO15A,,,,,,,,,,,,,,,,,,,,,,,,,,,,,,,,,,,,,,,,,,,,,,,,,,,,,,,,,,,,,,,,,,,,,,,,,,,,,,,,,,,,,,,,,,,,,,,,,,,,,,,,,,,,,,,,,,,,,,,,,,,,,,,,,,,,,,,,,,,,,,,,,,,,,,,,,,,,,,,,,,,,,,,,,,,,,,,,,,,,,,,,,,,,,,,,
Macrophages_BLUEPRINT_1,ACP2,ATOX1,ATP6V0C,ATP6V1E1,C1QA,CD9,CD48,CLCN7,CCR1,CRYBB1,CYBB,FCER1G,FDX1,FOLR2,FPR3,FTL,HEXA,HEXB,KCNJ5,LAIR1,M6PR,MDH1,NUBP1,P2RX7,RAC1,CCL8,CCL22,STX4,TCEB1,TYROBP,VAMP8,MARCO,CD84,ATP6V0E1,ATP6V1F,CD163,CIAO1,LY86,ARHGEF11,HS3ST2,ARPC4,ATP6AP2,BAIAP2,PRDX3,ERP29,LILRB5,SDS,LILRB4,VSIG4,FKBP15,ZZZ3,SIGLEC7,SIGLEC9,ADAMDEC1,ORMDL2,COMMD9,SPG21,MS4A4A,UBE2D4,TRAPPC2L,TREM2,TMEM70,ARL8B,TMEM126B,SLAMF8,C12orf4,HAMP,GUF1,YIF1B,,,,,,,,,,,,,,,,,,,,,,,,,,,,,,,,,,,,,,,,,,,,,,,,,,,,,,,,,,,,,,,,,,,,,,,,,,,,,,,,,,,,,,,,,,,,,,,,,,,,,,,,,,,,,,,,,,,,,,,,,,,,,,,,,,,
Macrophages_BLUEPRINT_2,ACP2,ATOX1,ATP6V0C,ATP6V1E1,C1QA,CD9,CD48,CD63,CLCN7,TPP1,CCR1,CMKLR1,SLC31A1,COX5B,COX7B,COX8A,CRYBB1,CYBA,CYBB,FCER1G,FDX1,FOLR2,FPR3,FTL,GLB1,HEXA,HEXB,KCNJ5,LAIR1,LAMP1,NUBP1,NDUFB3,NDUFS3,NDUFS6,P2RX7,PCMT1,MAPK13,PSME1,RB1,CCL8,CCL22,SDHD,SUMO3,SNX2,TCEB1,TYROBP,UQCRC2,VAMP8,MARCO,SNX3,CD84,ATP6V0E1,ITGB1BP1,S1PR2,ATP6V1F,CD163,COX5A,CIAO1,LY86,ARHGEF11,HS3ST2,SCAMP2,ARPC4,ATP6AP2,BAIAP2,PRDX3,ERP29,UQCR11,LILRB5,SDS,LILRB4,VSIG4,STAB1,FKBP15,DNAJC13,CLEC5A,ZZZ3,SIGLEC7,SIGLEC9,ADAMDEC1,ORMDL2,COMMD9,UQCR10,SPG21,MS4A4A,UBE2D4,TRAPPC2L,TREM2,KCTD5,PQLC2,COMMD8,TMEM70,ARL8B,SLC38A7,NOP10,WDR11,TMEM126B,TMEM9B,SLAMF8,C12orf4,MRS2,HAMP,DNASE2B,GUF1,MS4A6A,MRPL40,PPCS,PMFBP1,YIF1B,ADCK2,HIGD2A,,,,,,,,,,,,,,,,,,,,,,,,,,,,,,,,,,,,,,,,,,,,,,,,,,,,,,,,,,,,,,,,,,,,,,,,,,,,,,,,,,,,,,,,,
Macrophages_BLUEPRINT_3,ACP2,ATOX1,ATP6V0C,ATP6V1E1,C1QA,CD9,CD48,CD63,CLCN7,CCR1,COX8A,CRYBB1,CYBB,FCER1G,FDX1,FOLR2,FPR3,FTL,HEXA,HEXB,KCNJ5,LAIR1,LAMP1,NDUFB3,NDUFS6,P2RX7,MAPK13,CCL8,CCL22,SNX2,TCEB1,TYROBP,UQCRC2,VAMP8,MARCO,SNX3,CD84,ATP6V0E1,ITGB1BP1,ATP6V1F,CD163,COX5A,CIAO1,LY86,ARHGEF11,HS3ST2,SCAMP2,ARPC4,ATP6AP2,ERP29,UQCR11,LILRB5,SDS,LILRB4,VSIG4,STAB1,FKBP15,DNAJC13,CLEC5A,ZZZ3,SIGLEC7,SIGLEC9,ADAMDEC1,ORMDL2,COMMD9,SPG21,MS4A4A,UBE2D4,TREM2,KCTD5,TMEM70,ARL8B,NOP10,WDR11,TMEM126B,SLAMF8,C12orf4,HAMP,GUF1,MS4A6A,MRPL40,PPCS,PMFBP1,YIF1B,ADCK2,,,,,,,,,,,,,,,,,,,,,,,,,,,,,,,,,,,,,,,,,,,,,,,,,,,,,,,,,,,,,,,,,,,,,,,,,,,,,,,,,,,,,,,,,,,,,,,,,,,,,,,,,,,,,,,,,,,
Macrophages_FANTOM_1,ACP2,CHIT1,CSF1,CYP19A1,FDX1,HK3,MSR1,CCL22,SLC6A12,CD84,SDS,VSIG4,CLEC5A,ADAMDEC1,HAMP,DNASE2B,MYOZ1,,,,,,,,,,,,,,,,,,,,,,,,,,,,,,,,,,,,,,,,,,,,,,,,,,,,,,,,,,,,,,,,,,,,,,,,,,,,,,,,,,,,,,,,,,,,,,,,,,,,,,,,,,,,,,,,,,,,,,,,,,,,,,,,,,,,,,,,,,,,,,,,,,,,,,,,,,,,,,,,,,,,,,,,,,,,,,,,,,,,,,,
Macrophages_FANTOM_2,ACP2,ADCY3,ALCAM,ABCD1,BPI,CHIT1,CYP19A1,HK3,KCNJ1,KCNMB1,CXCL9,MMP8,MSR1,CCL1,CCL7,CCL22,SLC1A2,SLC6A12,CD84,CD163,SDS,LILRB4,VSIG4,FKBP15,NCAPH,CLEC5A,ADAMDEC1,ATP6V1H,PQLC2,SLAMF8,HAMP,DNASE2B,MYOZ1,LONRF3,MFSD7,,,,,,,,,,,,,,,,,,,,,,,,,,,,,,,,,,,,,,,,,,,,,,,,,,,,,,,,,,,,,,,,,,,,,,,,,,,,,,,,,,,,,,,,,,,,,,,,,,,,,,,,,,,,,,,,,,,,,,,,,,,,,,,,,,,,,,,,,,,,,,,,,,,,,,,,,,,,,,,,,,,,,
Macrophages_FANTOM_3,ACP2,ADCY3,ALCAM,ABCD1,ATP6V1A,ATP6V0A1,BPI,CHIT1,SLC31A1,CSF1,CYBB,CYP19A1,FDX1,FGR,HK3,ITGAX,KCNJ1,KCNMB1,CXCL9,MMP8,MMP19,MSR1,P2RX7,MAPK13,CCL1,CCL7,CCL22,SLC1A2,SLC6A12,SLC11A1,STX4,NUMB,MARCO,CD164,CD84,CD163,CIR1,ARHGEF11,BCAP31,ATP6AP2,SDS,LILRB4,VSIG4,FKBP15,NCAPH,CLEC5A,ADAMDEC1,ATP6V1H,PQLC2,CCDC88A,PCDHB11,SLAMF8,HAMP,DNASE2B,MYOZ1,LONRF3,MFSD7,,,,,,,,,,,,,,,,,,,,,,,,,,,,,,,,,,,,,,,,,,,,,,,,,,,,,,,,,,,,,,,,,,,,,,,,,,,,,,,,,,,,,,,,,,,,,,,,,,,,,,,,,,,,,,,,,,,,,,,,,,,,,,,,,,,,,,,,,,,,,,,
Macrophages_HPCA_1,ACADVL,ACP2,ARSB,ATP6V1A,ATP6V0C,ATP6V1C1,CD63,CETN2,CCR1,SLC31A1,COX5B,COX15,CYBB,DBI,ECHS1,FDX1,GRB2,HADHB,HEXA,HEXB,HK3,HMGCL,ITGAX,KIFC3,TNPO1,LAIR1,LAMP1,MGST3,MSR1,NARS,NDUFA8,NDUFB6,NDUFS8,PRDX1,PEX14,MAPK13,PSMD10,PTPN12,PEX19,QDPR,RAB1A,RAB5C,RALA,RENBP,CLIP1,CCL7,CCL18,SDHB,SRC,STX4,TCEB1,MLX,TRAF3,NSMAF,AGPS,MARCO,SNX4,ATP6V1F,LONP1,GSTO1,BAG3,CIR1,FEZ2,PDCD6IP,SNUPN,BCAP31,STAM2,IGSF6,ZMPSTE24,TMEM147,VTI1B,TGOLN2,SPIN1,LILRB4,EMILIN1,VSIG4,EFR3A,FKBP15,CLEC5A,IBTK,NPTN,ATP2C1,SIGLEC9,ADAMDEC1,CNIH4,GLRX2,DERA,NDUFAF1,HSD17B12,ZDHHC3,TNFRSF12A,MS4A4A,ATP6V1D,ATP6V1H,TMBIM4,STYXL1,BTBD1,NUDT9,TMEM33,NOP10,TMEM127,ACTR10,KCMF1,TULP4,C12orf4,RTN4,MKL2,HAMP,DNASE2B,KLHL12,NSUN3,ELOVL1,SLC30A5,MAPKAP1,LONRF3,TCEAL4,CHD9,TM2D1,MFSD7,G6PC3,TBC1D16,10-ספט,ZDHHC24,,,,,,,,,,,,,,,,,,,,,,,,,,,,,,,,,,,,,,,,,,,,,,,,,,,,,,,,,,,,,,,,,,,,,,,,,,,,,
Macrophages_HPCA_2,ACP2,ARSB,ATP6V1A,ATP6V0C,ATP6V1C1,CD63,CETN2,CCR1,SLC31A1,COX5B,COX15,CYBB,DBI,ECHS1,FDX1,HEXB,LAIR1,LAMP1,MGST3,MSR1,NDUFA8,NDUFS8,PRDX1,MAPK13,PSMD10,PTPN12,PEX19,RAB1A,RALA,RENBP,CCL7,SDHB,STX4,TCEB1,MLX,TRAF3,NSMAF,AGPS,MARCO,ATP6V1F,GSTO1,BCAP31,IGSF6,TMEM147,VTI1B,LILRB4,EMILIN1,VSIG4,EFR3A,CLEC5A,NPTN,ATP2C1,SIGLEC9,ADAMDEC1,CNIH4,GLRX2,DERA,NDUFAF1,ZDHHC3,TNFRSF12A,MS4A4A,ATP6V1D,ATP6V1H,NUDT9,TMEM33,C12orf4,RTN4,HAMP,DNASE2B,ELOVL1,SLC30A5,MAPKAP1,LONRF3,MFSD7,G6PC3,TBC1D16,10-ספט,ZDHHC24,,,,,,,,,,,,,,,,,,,,,,,,,,,,,,,,,,,,,,,,,,,,,,,,,,,,,,,,,,,,,,,,,,,,,,,,,,,,,,,,,,,,,,,,,,,,,,,,,,,,,,,,,,,,,,,,,,,,,,,,,,
Macrophages_HPCA_3,ACADVL,ACP2,ARSB,ATP6V1A,ATP6V0C,ATP6V1C1,CD63,CETN2,CCR1,SLC31A1,COX5B,COX15,CYBB,DBI,ECHS1,FDX1,GRB2,HADHB,HCCS,HEXA,HEXB,HK3,HMGCL,ITGAX,TNPO1,LAIR1,LAMP1,MGST3,MSR1,NDUFA8,NDUFS8,PRDX1,MAPK13,PSMD10,PTPN12,PEX19,QDPR,RAB1A,RALA,RENBP,CLIP1,CCL7,SDHB,SRC,STX4,TCEB1,MLX,TRAF3,UQCRC2,USF2,NSMAF,AGPS,MARCO,SNX4,ATP6V1F,GSTO1,PDCD6IP,BCAP31,STAM2,IGSF6,ZMPSTE24,CEPT1,TMEM147,VTI1B,TGOLN2,SPIN1,LILRB4,TMEM115,EMILIN1,VSIG4,EFR3A,FKBP15,CLEC5A,NPTN,ATP2C1,TRAPPC3,SIGLEC9,ADAMDEC1,CNIH4,SLC25A24,GLRX2,DERA,NDUFAF1,ZDHHC3,TNFRSF12A,MS4A4A,ATP6V1D,ATP6V1H,BTBD1,NUDT9,TMEM33,TMEM127,ACTR10,KCMF1,TULP4,C12orf4,RTN4,MKL2,HAMP,DNASE2B,NSUN3,ELOVL1,SLC30A5,C7orf25,MAPKAP1,PANK3,LONRF3,TM2D1,MFSD7,SETD3,G6PC3,TBC1D16,10-ספט,ZDHHC24,,,,,,,,,,,,,,,,,,,,,,,,,,,,,,,,,,,,,,,,,,,,,,,,,,,,,,,,,,,,,,,,,,,,,,,,,,,,,,,,,,,,,,
Macrophages_IRIS_1,ACP2,ADCY3,ABCD1,ATP6V1A,CHIT1,CLCN7,TPP1,SLC31A1,COX5B,CYP19A1,FDX1,HEXA,HK3,KCNJ1,M6PR,MSR1,SLC6A12,CD164,CD84,LONP1,ATP6AP2,TGOLN2,SDS,LILRB4,VSIG4,FKBP15,CLEC5A,ADAMDEC1,ATP6V1H,STX18,PQLC2,DNASE2B,MYOZ1,SLC30A5,LONRF3,MFSD7,LDHAL6B,,,,,,,,,,,,,,,,,,,,,,,,,,,,,,,,,,,,,,,,,,,,,,,,,,,,,,,,,,,,,,,,,,,,,,,,,,,,,,,,,,,,,,,,,,,,,,,,,,,,,,,,,,,,,,,,,,,,,,,,,,,,,,,,,,,,,,,,,,,,,,,,,,,,,,,,,,,,,,,,,,,
Macrophages_IRIS_2,ACP2,ADCY3,ALCAM,ABCD1,ARSB,ATOX1,ATP6V1A,ATP6V0C,ATP6V1E1,ATP6V0A1,BPI,TSPO,CD63,CHIT1,CLCN7,TPP1,SLC31A1,COX5B,CSF1,CYBB,CYP19A1,FDX1,HTT,HEXA,HK3,ITGAX,KCNJ1,LAMP1,M6PR,MMP19,MSR1,MTHFR,P2RX7,MAPK13,PTPRA,RABGGTA,SLC1A2,SLC6A12,STX4,TCEB1,NUMB,CD164,CD84,LONP1,CPNE6,CIR1,TTLL4,ARHGEF11,BCAP31,ATP6AP2,TGOLN2,SDS,LILRB4,VSIG4,FKBP15,CLEC5A,IL17RA,ADAMDEC1,NRBP1,SH3GLB1,ATP6V1H,STX18,PQLC2,TMEM33,SLC38A7,VPS53,CCDC88A,SLAMF8,HAMP,DNASE2B,MYOZ1,MTMR14,SLC30A5,MUL1,C12orf49,LONRF3,MFSD7,LDHAL6B,ZDHHC24,,,,,,,,,,,,,,,,,,,,,,,,,,,,,,,,,,,,,,,,,,,,,,,,,,,,,,,,,,,,,,,,,,,,,,,,,,,,,,,,,,,,,,,,,,,,,,,,,,,,,,,,,,,,,,,,,,,,,,,,,
Macrophages_IRIS_3,ACP2,CHIT1,CSF1,CYP19A1,FDX1,HK3,MSR1,CCL22,SLC6A12,CD84,SDS,VSIG4,CLEC5A,ADAMDEC1,HAMP,DNASE2B,MYOZ1,,,,,,,,,,,,,,,,,,,,,,,,,,,,,,,,,,,,,,,,,,,,,,,,,,,,,,,,,,,,,,,,,,,,,,,,,,,,,,,,,,,,,,,,,,,,,,,,,,,,,,,,,,,,,,,,,,,,,,,,,,,,,,,,,,,,,,,,,,,,,,,,,,,,,,,,,,,,,,,,,,,,,,,,,,,,,,,,,,,,,,,
Memory B-cells_BLUEPRINT_1,ACRV1,ADCY2,AQP8,ART1,TNFRSF17,BLK,C4BPA,S100G,CASQ2,CD1C,CD19,MS4A1,CD22,SIGLEC6,CD37,CD72,CD79A,CD79B,CETP,CHRM2,CHRNA2,CCR6,CNR2,COX6A2,CPA2,CPB1,CSN1S1,NCAN,CYLC2,CYP2A7,CYP2C19,DCC,DPP6,DSP,FMO1,FSHR,GABRA4,GAD2,GK2,GNAT2,GNRHR,GPX5,GRIN2B,GRM6,HCRTR2,HLA-DPB1,HSD3B2,HTN3,INHBC,KCNA5,KCNJ10,KIF5A,KRT2,LECT2,CD180,MBL2,MC4R,MEFV,MEP1B,MAP3K9,NPY5R,NTRK3,OTC,PAX5,SERPINA4,PLIN1,PNOC,PNLIPRP1,POU4F2,PRKCB,PTH1R,PRPH2,SELP,SLC12A3,SLC17A1,SLN,SPIB,SYN2,SYPL1,TSHB,WNT2,ZIC3,NPHS2,UNC5C,ADAM20,PROZ,BAIAP3,KALRN,KRT75,CER1,TMPRSS11D,LY86,KIAA0125,AP1M2,SSX3,GLYAT,DSCR4,COLEC10,RRH,CCR9,CD3EAP,ADAM30,SP140,GGA2,HECW1,CRB1,TNFRSF13B,CHST5,AIPL1,SLC24A2,STAP1,CLDN17,TSPAN13,VPREB3,FSCN3,TAS2R14,WNT16,SLCO1C1,DDX4,ULK4,QRSL1,GPRC5D,SLC30A10,SLC17A7,PGLYRP4,VN1R1,HRH4,SLC5A7,CHP2,MS4A5,ZNF747,FCRL2,RIC3,TCTN2,TRPM3,MOGAT2,ADAMTS12,OBSCN,MYOZ3,ZNF548,KHDRBS2,SHISA6,FMO6P,ANKRD34C,,,,,,,,,,,,,,,,,,,,,,,,,,,,,,,,,,,,,,,,,,,,,,,,,,,,,,,,
Memory B-cells_BLUEPRINT_2,TNFRSF17,BLK,CAPN3,CD19,MS4A1,CD22,CD37,CD72,CD79A,CD79B,CCR6,CNR2,CPA2,CPB1,CSN1S1,DPP6,DSP,FMO1,GK2,GRM6,HNRNPL,INHBC,KCNA5,CD180,MC4R,PAX5,PNOC,POU4F2,PRKCB,SLC17A1,SPIB,SYPL1,TSHB,ZIC3,ADAM21,LY86,SCRN1,KIAA0125,RRH,CCR9,CD3EAP,SP140,GGA2,TNFRSF13B,AIPL1,STAP1,VPREB3,WNT16,SLCO1C1,DDX4,ULK4,QRSL1,SLC30A10,PGLYRP4,HRH4,SLC5A7,MS4A5,FCRL2,TCTN2,TRPM3,MOGAT2,OBSCN,ZNF548,PIKFYVE,SHISA6,FMO6P,ANKRD34C,,,,,,,,,,,,,,,,,,,,,,,,,,,,,,,,,,,,,,,,,,,,,,,,,,,,,,,,,,,,,,,,,,,,,,,,,,,,,,,,,,,,,,,,,,,,,,,,,,,,,,,,,,,,,,,,,,,,,,,,,,,,,,,,,,,,,
Memory B-cells_BLUEPRINT_3,ART1,BLK,S100G,CASQ2,CD1C,CD19,MS4A1,CD22,SIGLEC6,CD37,CD72,CD79A,CD79B,CHRM2,CCR6,CNR2,CPB1,CSN1S1,CYP2A7,FMO1,GABRA4,GAD2,GK2,GNAT2,GRM6,INHBC,KCNJ10,KRT2,CD180,MEFV,MAP3K9,NPY5R,PAX5,PNOC,PNLIPRP1,POU4F2,PRKCB,SELP,SPIB,TSHB,KALRN,CER1,LY86,KIAA0125,SSX3,RRH,CD3EAP,SP140,GGA2,HECW1,TNFRSF13B,CHST5,AIPL1,SLC24A2,STAP1,TSPAN13,VPREB3,TAS2R14,SLCO1C1,DDX4,QRSL1,PGLYRP4,VN1R1,SLC5A7,ZNF747,FCRL2,TRPM3,MOGAT2,ZNF548,SHISA6,,,,,,,,,,,,,,,,,,,,,,,,,,,,,,,,,,,,,,,,,,,,,,,,,,,,,,,,,,,,,,,,,,,,,,,,,,,,,,,,,,,,,,,,,,,,,,,,,,,,,,,,,,,,,,,,,,,,,,,,,,,,,,,,,,
Memory B-cells_HPCA_1,BLK,CD19,MS4A1,CD22,CD79A,CD79B,GRM6,INHBC,PNOC,SPIB,TSHB,KIAA0125,CD3EAP,TNFRSF13B,TSPAN13,VPREB3,QRSL1,FCRL2,MOGAT2,,,,,,,,,,,,,,,,,,,,,,,,,,,,,,,,,,,,,,,,,,,,,,,,,,,,,,,,,,,,,,,,,,,,,,,,,,,,,,,,,,,,,,,,,,,,,,,,,,,,,,,,,,,,,,,,,,,,,,,,,,,,,,,,,,,,,,,,,,,,,,,,,,,,,,,,,,,,,,,,,,,,,,,,,,,,,,,,,,,,,
Memory B-cells_HPCA_2,TNFRSF17,BLK,CD19,MS4A1,CD22,CD37,CD72,CD79A,CD79B,CSN1S1,DSP,FMO1,GK2,GRM6,INHBC,CD180,PNOC,POU4F2,PRKCB,SPIB,TSHB,LY86,KIAA0125,RRH,CCR9,CD3EAP,SP140,GGA2,TNFRSF13B,STAP1,VPREB3,QRSL1,HRH4,SLC5A7,FCRL2,ZNF548,SHISA6,FMO6P,ANKRD34C,,,,,,,,,,,,,,,,,,,,,,,,,,,,,,,,,,,,,,,,,,,,,,,,,,,,,,,,,,,,,,,,,,,,,,,,,,,,,,,,,,,,,,,,,,,,,,,,,,,,,,,,,,,,,,,,,,,,,,,,,,,,,,,,,,,,,,,,,,,,,,,,,,,,,,,,,,,,,,,,,
Memory B-cells_HPCA_3,BLK,CD19,MS4A1,CD22,CD79A,CD79B,INHBC,PNOC,SPIB,KIAA0125,TSPAN13,VPREB3,QRSL1,FCRL2,,,,,,,,,,,,,,,,,,,,,,,,,,,,,,,,,,,,,,,,,,,,,,,,,,,,,,,,,,,,,,,,,,,,,,,,,,,,,,,,,,,,,,,,,,,,,,,,,,,,,,,,,,,,,,,,,,,,,,,,,,,,,,,,,,,,,,,,,,,,,,,,,,,,,,,,,,,,,,,,,,,,,,,,,,,,,,,,,,,,,,,,,,
Memory B-cells_IRIS_1,BLK,CD1C,CD79B,ODC1,SPIB,MBD4,LY86,SP140,TNFRSF13B,FSCN2,ZBTB32,NT5C,WNT16,TRMT61A,,,,,,,,,,,,,,,,,,,,,,,,,,,,,,,,,,,,,,,,,,,,,,,,,,,,,,,,,,,,,,,,,,,,,,,,,,,,,,,,,,,,,,,,,,,,,,,,,,,,,,,,,,,,,,,,,,,,,,,,,,,,,,,,,,,,,,,,,,,,,,,,,,,,,,,,,,,,,,,,,,,,,,,,,,,,,,,,,,,,,,,,,,
Memory B-cells_IRIS_2,BLK,CXCR5,CD19,MS4A1,CD22,CCR6,HTR3A,MGAT5,SPIB,RNGTT,MBD4,LY86,CXCL13,SP140,TNFRSF13B,ZBTB32,MIOS,AICDA,FCRL2,,,,,,,,,,,,,,,,,,,,,,,,,,,,,,,,,,,,,,,,,,,,,,,,,,,,,,,,,,,,,,,,,,,,,,,,,,,,,,,,,,,,,,,,,,,,,,,,,,,,,,,,,,,,,,,,,,,,,,,,,,,,,,,,,,,,,,,,,,,,,,,,,,,,,,,,,,,,,,,,,,,,,,,,,,,,,,,,,,,,,
Memory B-cells_IRIS_3,BLK,CD1C,CD79B,ODC1,SPIB,MBD4,SP140,TNFRSF13B,FSCN2,ZBTB32,NT5C,WNT16,,,,,,,,,,,,,,,,,,,,,,,,,,,,,,,,,,,,,,,,,,,,,,,,,,,,,,,,,,,,,,,,,,,,,,,,,,,,,,,,,,,,,,,,,,,,,,,,,,,,,,,,,,,,,,,,,,,,,,,,,,,,,,,,,,,,,,,,,,,,,,,,,,,,,,,,,,,,,,,,,,,,,,,,,,,,,,,,,,,,,,,,,,,,
Monocytes_BLUEPRINT_1,ASGR2,FCN1,CFP,RNASE2,CD300C,LILRA1,TLR7,MS4A6A,LILRA5,CCR2,,,,,,,,,,,,,,,,,,,,,,,,,,,,,,,,,,,,,,,,,,,,,,,,,,,,,,,,,,,,,,,,,,,,,,,,,,,,,,,,,,,,,,,,,,,,,,,,,,,,,,,,,,,,,,,,,,,,,,,,,,,,,,,,,,,,,,,,,,,,,,,,,,,,,,,,,,,,,,,,,,,,,,,,,,,,,,,,,,,,,,,,,,,,,,
Monocytes_BLUEPRINT_2,AIF1,ASGR2,CYBB,FCAR,FCN1,KCNMB1,MEFV,MNDA,CFP,S100A12,CD163,CD101,CLEC5A,FBXL5,TREM1,RETN,CCR2,,,,,,,,,,,,,,,,,,,,,,,,,,,,,,,,,,,,,,,,,,,,,,,,,,,,,,,,,,,,,,,,,,,,,,,,,,,,,,,,,,,,,,,,,,,,,,,,,,,,,,,,,,,,,,,,,,,,,,,,,,,,,,,,,,,,,,,,,,,,,,,,,,,,,,,,,,,,,,,,,,,,,,,,,,,,,,,,,,,,,,,
Monocytes_BLUEPRINT_3,ASGR2,CSF3R,F13A1,FCN1,CFP,RNASE2,S100A12,LILRB2,CD93,PADI4,P2RY13,MS4A6A,,,,,,,,,,,,,,,,,,,,,,,,,,,,,,,,,,,,,,,,,,,,,,,,,,,,,,,,,,,,,,,,,,,,,,,,,,,,,,,,,,,,,,,,,,,,,,,,,,,,,,,,,,,,,,,,,,,,,,,,,,,,,,,,,,,,,,,,,,,,,,,,,,,,,,,,,,,,,,,,,,,,,,,,,,,,,,,,,,,,,,,,,,,,
Monocytes_FANTOM_1,AIF1,APAF1,RHOA,RHOG,ARNT,ASGR2,C3AR1,CASP5,TNFRSF8,CD33,CSF1R,CSF3R,CYBB,FCAR,FCN1,FPR2,HCK,HK3,HRH2,HSPA6,KCNMB1,MEFV,MAP3K3,MNDA,MYO1F,CFP,PHKG2,PTGIR,RARA,S100A12,TYROBP,UBE2D1,UPK3A,VASP,BEST1,LST1,NUP214,IQGAP1,ATP6V0D1,CD163,CD101,EIF4E2,CALCOCO2,LILRB2,TGOLN2,CAMKK2,LILRB1,CD300C,FGL2,LILRA1,LILRB3,LILRA2,TREX1,GABARAP,RPH3A,ACAP2,CLEC5A,IL17RA,FBXL5,CLEC4E,VENTX,COMMD9,PILRA,METTL9,TLR7,TLR8,P2RY13,TREM1,RIN2,RHOT1,TMEM127,TMEM9B,RETN,RPGRIP1,DENND1A,DPEP2,MS4A6A,OSBPL11,LILRA5,CCR2,,,,,,,,,,,,,,,,,,,,,,,,,,,,,,,,,,,,,,,,,,,,,,,,,,,,,,,,,,,,,,,,,,,,,,,,,,,,,,,,,,,,,,,,,,,,,,,,,,,,,,,,,,,,,,,,,,,,,,,,
Monocytes_FANTOM_2,ABCB7,AIF1,ANXA1,ARF5,ASGR2,BPI,BTK,TSPO,C3AR1,CAPN2,CAPN3,CAPNS1,CAST,CD4,CD33,CEACAM4,MAPK14,CSF1R,CSF3R,CTBP2,CX3CR1,CYBB,DHX8,F13A1,FCAR,FCER1G,FCN1,FGR,FOLR2,FPR2,HADHA,HCK,HK3,AGFG1,HSPA6,CXCR2,IL10RA,IMPDH1,KCNMB1,LTBR,LYL1,MAN2C1,MARK3,MAP3K3,MAP3K11,MNDA,MNT,MYO1F,NUBP1,NCF4,CFP,PLP2,PPP1CB,PRKACA,PTEN,PTGIR,RARA,RNASE2,S100A6,S100A10,S100A12,SH3BP2,SLC11A1,NEK4,CLEC3B,TPD52L2,UBE2D1,USP4,BEST1,WAS,LST1,NUP214,NCOA4,NDST2,PIAS1,MARCO,TMEM11,MTMR3,BTAF1,DOK2,PSTPIP1,CD163,CD101,QKI,LY86,EIF4E2,H2AFY,PPM1F,SNX17,GIT2,USP15,COL4A3BP,CALCOCO2,RGS19,LILRB2,RTN3,CEPT1,CLEC10A,CAMKK2,LILRB1,CD300C,LILRA1,LILRB3,LILRA2,OGFR,WWP2,AKAP13,TREX1,GABARAP,RPH3A,CD93,SPEN,SETX,KDM6B,STAB1,KLHL18,ANKS1A,UBR2,SIN3B,DNAJC13,KIAA1033,SUN1,SIK3,MED13L,SEC11A,ACAP2,PADI4,STX12,IL17RA,PGLS,FAM32A,FBXL5,CLEC4E,PTPN18,SIGLEC9,COQ2,VENTX,CECR5,NKIRAS2,COMMD9,STRN4,PILRA,CLEC4A,METTL9,TLR7,ZDHHC3,TLR8,TMBIM4,P2RY13,TREM1,RIN2,RBM41,RHOT1,NPLOC4,WDR11,NSFL1C,RETN,DENND1A,PCTP,DPEP2,MS4A6A,MTMR14,ATG3,AHNAK,TSEN34,MBOAT7,CARS2,DOK3,PANK2,FBXO11,SPG11,CXorf21,DHX57,SLC38A10,UBXN2B,HIPK1,YTHDF3,LILRA5,CCR2,,,,,,,,,,,,,,,,,,,,,
Monocytes_FANTOM_3,ABCB7,AIF1,ANXA1,ARF5,ASGR2,BPI,BTK,TSPO,C3AR1,CAPN2,CAPN3,CAPNS1,CAST,CD4,CD33,CEACAM4,MAPK14,CSF1R,CSF3R,CTBP2,CX3CR1,CYBB,DHX8,F13A1,FCAR,FCER1G,FCN1,FGR,FPR2,HCK,HK3,AGFG1,HSPA6,IL10RA,IMPDH1,KCNMB1,LTBR,LYL1,MAN2C1,MARK3,MAP3K3,MAP3K11,MNDA,MNT,MYO1F,CFP,PLP2,PPP1CB,PRKACA,PTEN,RARA,RNASE2,S100A6,S100A10,S100A12,SH3BP2,CLEC3B,TPD52L2,UBE2D1,USP4,BEST1,WAS,LST1,NUP214,NCOA4,CUL5,NDST2,PIAS1,MARCO,TMEM11,MTMR3,BTAF1,DOK2,PSTPIP1,ZMYM4,CD163,CD101,LY86,EIF4E2,H2AFY,PPM1F,SNX17,GIT2,USP15,CALCOCO2,RGS19,LILRB2,RTN3,CLEC10A,CAMKK2,LILRB1,CD300C,LILRA1,LILRB3,LILRA2,OGFR,WWP2,AKAP13,TREX1,GABARAP,RPH3A,CD93,SPEN,KDM6B,STAB1,KLHL18,ANKS1A,SIN3B,DNAJC13,KIAA1033,SUN1,SIK3,SEC11A,ACAP2,PADI4,STX12,PGLS,FAM32A,FBXL5,PTPN18,SIGLEC9,COQ2,VENTX,CECR5,NKIRAS2,COMMD9,STRN4,PILRA,CLEC4A,METTL9,TLR7,TLR8,P2RY13,TREM1,RIN2,RBM41,RHOT1,NPLOC4,WDR11,NSFL1C,RETN,DENND1A,PCTP,DPEP2,MS4A6A,MTMR14,ATG3,AHNAK,TSEN34,MBOAT7,CARS2,DOK3,PANK2,FBXO11,SPG11,USP48,DHX57,SLC38A10,PIKFYVE,HIPK1,JMJD1C,LILRA5,CCR2,,,,,,,,,,,,,,,,,,,,,,,,,,,,,,,,,,,,,
Monocytes_HPCA_1,CSNK1A1,FCN1,FGR,HUS1,NUBP1,PNP,CFP,SH3BP2,SRC,LRRFIP1,LILRB2,EIF1B,FNDC3A,FKBP15,CLEC5A,RPS6KC1,CD244,ARL8B,RETN,,,,,,,,,,,,,,,,,,,,,,,,,,,,,,,,,,,,,,,,,,,,,,,,,,,,,,,,,,,,,,,,,,,,,,,,,,,,,,,,,,,,,,,,,,,,,,,,,,,,,,,,,,,,,,,,,,,,,,,,,,,,,,,,,,,,,,,,,,,,,,,,,,,,,,,,,,,,,,,,,,,,,,,,,,,,,,,,,,,,,
Monocytes_HPCA_2,CASP5,CD48,CSNK1A1,FCN1,FGR,FPR2,MEFV,PNP,CFP,LILRA1,FKBP15,CLEC5A,SIGLEC9,ARL8B,RETN,,,,,,,,,,,,,,,,,,,,,,,,,,,,,,,,,,,,,,,,,,,,,,,,,,,,,,,,,,,,,,,,,,,,,,,,,,,,,,,,,,,,,,,,,,,,,,,,,,,,,,,,,,,,,,,,,,,,,,,,,,,,,,,,,,,,,,,,,,,,,,,,,,,,,,,,,,,,,,,,,,,,,,,,,,,,,,,,,,,,,,,,,
Monocytes_HPCA_3,AP1G1,ASGR2,BNIP2,TSPO,CASP5,CD1E,TNFRSF8,CD33,CDK9,CSF1R,DDX3X,DHX8,DLG4,GPR183,ETF1,ETV3,EWSR1,FCAR,FCN1,FOLR2,FOLR3,FPR2,GALNT3,HIF1A,HNRNPU,AGFG1,KCNC3,KCNMB1,MEFV,MMP17,MTF1,MTHFR,OSM,PDE6H,CFP,PGGT1B,PLD2,PLEK,POU2F2,PPM1A,PRKACA,MAPK6,MAP2K1,PTGIR,RAB5A,RELA,CLIP1,S100A10,S100A12,SH3BP2,SLC11A1,STX5,SUPT6H,PHLDA2,UBE2D1,UPK3A,PTP4A2,ELL,NDST2,DNAH17,PTCH2,RIOK3,KSR1,BCL10,SOCS3,USP8,DDX21,PLAA,CD101,QKI,WTAP,AATK,TTLL4,BCL2L11,MPHOSPH6,AKAP8,LILRB2,APBB3,CLEC10A,GNA13,MAP3K2,LILRB1,CD300C,FGL2,LILRA1,OGFR,AKAP13,TREX1,CD93,IQSEC2,STAB1,JMJD6,CBX6,CLEC5A,PGLS,GGA1,FBXL5,CLEC4E,SERP1,GNMT,GPR162,VENTX,RABGEF1,TBK1,STRN4,CLEC4A,ADIPOR1,METTL9,RLIM,DCTN4,CLEC1A,ZBTB7A,CDC40,AZIN1,P2RY13,TREM1,MIOS,TMEM104,VNN3,SAR1A,CYSLTR2,DENND1A,SAMSN1,MS4A6A,MTMR14,ZNF668,GRPEL1,REEP4,ZNF787,ZFC3H1,YTHDF3,LILRA5,ZNF710,TMEM110,,,,,,,,,,,,,,,,,,,,,,,,,,,,,,,,,,,,,,,,,,,,,,,,,,,,,,,,,,,,,,,,,,
Monocytes_IRIS_1,ASGR2,TNFRSF8,FCAR,FCN1,FOLR2,HIC1,MEFV,CFP,S100A12,SLC11A1,FBXL5,VENTX,RABGEF1,TREM1,VNN3,SAMSN1,MS4A6A,LILRA5,,,,,,,,,,,,,,,,,,,,,,,,,,,,,,,,,,,,,,,,,,,,,,,,,,,,,,,,,,,,,,,,,,,,,,,,,,,,,,,,,,,,,,,,,,,,,,,,,,,,,,,,,,,,,,,,,,,,,,,,,,,,,,,,,,,,,,,,,,,,,,,,,,,,,,,,,,,,,,,,,,,,,,,,,,,,,,,,,,,,,,
Monocytes_IRIS_2,ASGR2,FCAR,FCN1,S100A12,UPK3A,VENTX,TREM1,VNN3,MS4A6A,LILRA5,,,,,,,,,,,,,,,,,,,,,,,,,,,,,,,,,,,,,,,,,,,,,,,,,,,,,,,,,,,,,,,,,,,,,,,,,,,,,,,,,,,,,,,,,,,,,,,,,,,,,,,,,,,,,,,,,,,,,,,,,,,,,,,,,,,,,,,,,,,,,,,,,,,,,,,,,,,,,,,,,,,,,,,,,,,,,,,,,,,,,,,,,,,,,,
Monocytes_IRIS_3,ASGR2,CASP5,TNFRSF8,FCAR,FCN1,FOLR2,HIC1,HIF1A,MEFV,MMP17,OSM,CFP,PTGIR,S100A12,SLC11A1,UPK3A,RIOK3,SOCS3,SEMA6B,GNA13,FGL2,STAB1,PADI4,CLEC5A,FBXL5,VENTX,RABGEF1,METTL9,P2RY13,TREM1,VNN3,DENND1A,SAMSN1,MS4A6A,LILRA5,,,,,,,,,,,,,,,,,,,,,,,,,,,,,,,,,,,,,,,,,,,,,,,,,,,,,,,,,,,,,,,,,,,,,,,,,,,,,,,,,,,,,,,,,,,,,,,,,,,,,,,,,,,,,,,,,,,,,,,,,,,,,,,,,,,,,,,,,,,,,,,,,,,,,,,,,,,,,,,,,,,,,
Monocytes_NOVERSHTERN_1,AIF1,ANXA1,ASGR2,BPI,BTK,TSPO,C3AR1,CAPN3,CAST,CD4,CD33,CEACAM4,MAPK14,CSF3R,CTBP2,CX3CR1,CYBB,F13A1,FCAR,FCER1A,FCN1,FGR,FPR2,HCK,HK3,HSPA6,CXCR2,KCNMB1,LTBR,LYL1,MNDA,MYO1F,NCF4,CFP,PLP2,PTEN,RNASE2,S100A12,NEK4,CLEC3B,UBE2D1,LST1,NUP214,MARCO,DOK2,PSTPIP1,CD163,CD101,LY86,PPM1F,GIT2,USP15,RGS19,LILRB2,RTN3,CLEC10A,LILRB1,CD300C,LILRA1,LILRB3,LILRA2,CD93,STAB1,ANKS1A,ACAP2,PADI4,PGLS,FBXL5,PTPN18,COQ2,COMMD9,PILRA,CLEC4A,METTL9,TLR7,TLR8,MS4A4A,P2RY13,TREM1,RHOT1,RETN,PCTP,DPEP2,MS4A6A,ATG3,AHNAK,TSEN34,CARS2,UBXN2B,LILRA5,CCR2,,,,,,,,,,,,,,,,,,,,,,,,,,,,,,,,,,,,,,,,,,,,,,,,,,,,,,,,,,,,,,,,,,,,,,,,,,,,,,,,,,,,,,,,,,,,,,,,,,,,,,,,,,,,,
Monocytes_NOVERSHTERN_2,ASGR2,FCAR,FCN1,FOLR2,MEFV,CFP,S100A12,SLC11A1,UPK3A,FBXL5,VENTX,TREM1,VNN3,MS4A6A,,,,,,,,,,,,,,,,,,,,,,,,,,,,,,,,,,,,,,,,,,,,,,,,,,,,,,,,,,,,,,,,,,,,,,,,,,,,,,,,,,,,,,,,,,,,,,,,,,,,,,,,,,,,,,,,,,,,,,,,,,,,,,,,,,,,,,,,,,,,,,,,,,,,,,,,,,,,,,,,,,,,,,,,,,,,,,,,,,,,,,,,,,
Monocytes_NOVERSHTERN_3,ASGR2,FCAR,FCN1,FOLR2,MEFV,CFP,S100A12,SLC11A1,UPK3A,VENTX,TREM1,VNN3,MS4A6A,,,,,,,,,,,,,,,,,,,,,,,,,,,,,,,,,,,,,,,,,,,,,,,,,,,,,,,,,,,,,,,,,,,,,,,,,,,,,,,,,,,,,,,,,,,,,,,,,,,,,,,,,,,,,,,,,,,,,,,,,,,,,,,,,,,,,,,,,,,,,,,,,,,,,,,,,,,,,,,,,,,,,,,,,,,,,,,,,,,,,,,,,,,
naive B-cells_BLUEPRINT_1,BLK,CXCR5,CD19,MS4A1,CD72,SPIB,TCL1A,FCRL2,,,,,,,,,,,,,,,,,,,,,,,,,,,,,,,,,,,,,,,,,,,,,,,,,,,,,,,,,,,,,,,,,,,,,,,,,,,,,,,,,,,,,,,,,,,,,,,,,,,,,,,,,,,,,,,,,,,,,,,,,,,,,,,,,,,,,,,,,,,,,,,,,,,,,,,,,,,,,,,,,,,,,,,,,,,,,,,,,,,,,,,,,,,,,,,,
naive B-cells_BLUEPRINT_2,BLK,CXCR5,CD19,MS4A1,CD22,CD72,CD79B,CCR6,GPR18,CD180,MGAT5,SPIB,TCL1A,MBD4,TSPAN13,UTP6,FCRL2,TREML2,,,,,,,,,,,,,,,,,,,,,,,,,,,,,,,,,,,,,,,,,,,,,,,,,,,,,,,,,,,,,,,,,,,,,,,,,,,,,,,,,,,,,,,,,,,,,,,,,,,,,,,,,,,,,,,,,,,,,,,,,,,,,,,,,,,,,,,,,,,,,,,,,,,,,,,,,,,,,,,,,,,,,,,,,,,,,,,,,,,,,,
naive B-cells_BLUEPRINT_3,BLK,CXCR5,CD19,MS4A1,CD72,CD180,SPIB,TCL1A,FCRL2,,,,,,,,,,,,,,,,,,,,,,,,,,,,,,,,,,,,,,,,,,,,,,,,,,,,,,,,,,,,,,,,,,,,,,,,,,,,,,,,,,,,,,,,,,,,,,,,,,,,,,,,,,,,,,,,,,,,,,,,,,,,,,,,,,,,,,,,,,,,,,,,,,,,,,,,,,,,,,,,,,,,,,,,,,,,,,,,,,,,,,,,,,,,,,,
naive B-cells_HPCA_1,BLK,CD19,MS4A1,CD22,CD37,CD72,CD79A,CSNK1G3,DSP,FCER2,GMFB,PNOC,SNX2,GCM1,AP3B1,MBD4,STAG3,PRDM4,PWP1,RRAS2,GGA2,SIPA1L3,STAP1,P2RY10,DEF8,MFN1,FCRL2,EGOT,,,,,,,,,,,,,,,,,,,,,,,,,,,,,,,,,,,,,,,,,,,,,,,,,,,,,,,,,,,,,,,,,,,,,,,,,,,,,,,,,,,,,,,,,,,,,,,,,,,,,,,,,,,,,,,,,,,,,,,,,,,,,,,,,,,,,,,,,,,,,,,,,,,,,,,,,,,,,,,,,,,,,,,,,,,,
naive B-cells_HPCA_2,CD1A,CD19,MS4A1,CD22,CD37,CD72,CD79A,CSNK1G3,DSP,FCER2,GMFB,MGAT5,PNOC,SNX2,AP3B1,MBD4,STAG3,PRDM4,PWP1,RRAS2,GGA2,SIPA1L3,STAP1,P2RY10,VPREB3,DEF8,MFN1,FCRL2,EGOT,,,,,,,,,,,,,,,,,,,,,,,,,,,,,,,,,,,,,,,,,,,,,,,,,,,,,,,,,,,,,,,,,,,,,,,,,,,,,,,,,,,,,,,,,,,,,,,,,,,,,,,,,,,,,,,,,,,,,,,,,,,,,,,,,,,,,,,,,,,,,,,,,,,,,,,,,,,,,,,,,,,,,,,,,,,
naive B-cells_HPCA_3,BLK,CAPN3,CD1A,CD19,MS4A1,CD22,CD37,CD72,CD79A,CD79B,CSNK1G3,DSP,FCER2,GMFB,HSPA4,MGAT5,PNOC,SNX2,GCM1,AP3B1,MBD4,STAG3,PRDM4,PWP1,SP140,RRAS2,GGA2,SIPA1L3,STAP1,P2RY10,VPREB3,DEF8,MFN1,FCRL2,C10orf76,SMC6,MCM9,EGOT,,,,,,,,,,,,,,,,,,,,,,,,,,,,,,,,,,,,,,,,,,,,,,,,,,,,,,,,,,,,,,,,,,,,,,,,,,,,,,,,,,,,,,,,,,,,,,,,,,,,,,,,,,,,,,,,,,,,,,,,,,,,,,,,,,,,,,,,,,,,,,,,,,,,,,,,,,,,,,,,,,
naive B-cells_NOVERSHTERN_1,CXCR5,BMP3,CACNA1F,CAPN3,CD19,MS4A1,CD22,CD72,COL19A1,CSNK1G3,DAZL,DSP,FCER2,GNG3,GPR18,MATN1,MAP3K9,MMP17,MYBPC2,PAX5,PHKG1,PYGM,ZNF154,PRDM2,USP7,TCL1A,SYN3,ADAM20,USP6,AKAP6,TCL1B,BCL2L10,FRS2,PRDM4,RRAS2,GGA2,SIPA1L3,TCL6,TSPAN13,P2RY10,MYO3A,SDK2,WDR74,UBE2O,RBM15,SMC6,KHDRBS2,,,,,,,,,,,,,,,,,,,,,,,,,,,,,,,,,,,,,,,,,,,,,,,,,,,,,,,,,,,,,,,,,,,,,,,,,,,,,,,,,,,,,,,,,,,,,,,,,,,,,,,,,,,,,,,,,,,,,,,,,,,,,,,,,,,,,,,,,,,,,,,,,,,,,,,,,
naive B-cells_NOVERSHTERN_2,CXCR5,BMP3,CACNA1F,CAPN3,CD19,MS4A1,CD22,CD72,COL19A1,CSNK1G3,DAZL,FCER2,GNG3,MAP3K9,MMP17,MYBPC2,PAX5,PHKG1,PRDM2,USP7,TCL1A,SYN3,ADAM20,USP6,AKAP6,TCL1B,FRS2,PRDM4,RRAS2,GGA2,SIPA1L3,TCL6,TSPAN13,P2RY10,WDR74,UBE2O,SMC6,KHDRBS2,,,,,,,,,,,,,,,,,,,,,,,,,,,,,,,,,,,,,,,,,,,,,,,,,,,,,,,,,,,,,,,,,,,,,,,,,,,,,,,,,,,,,,,,,,,,,,,,,,,,,,,,,,,,,,,,,,,,,,,,,,,,,,,,,,,,,,,,,,,,,,,,,,,,,,,,,,,,,,,,,,
naive B-cells_NOVERSHTERN_3,RERE,CXCR5,BMP3,CACNA1F,CAPN3,CD1A,CD19,MS4A1,CD22,CD72,COL19A1,CSNK1G3,DAZL,DSP,FCER2,GH1,GNG3,HLA-DOA,LY9,MATN1,CIITA,MAP3K9,MMP17,MYBPC2,PAX5,PGAM2,PHKG1,POU2F1,PRKCB,PYGM,RB1,TRA2B,ZNF154,SLC30A4,PRDM2,USP7,CUBN,TCL1A,SYN3,CDK13,PTCH2,ADAM20,USP6,AKAP6,TCL1B,TBC1D5,BCL2L11,STAG3,FRS2,PRDM4,RRAS2,GGA2,SIPA1L3,N4BP3,TCL6,TSPAN13,P2RY10,SNTG2,SDK2,WDR74,UBE2O,NOC3L,RBM15,FCRL2,SMC6,TRAPPC9,PIKFYVE,KHDRBS2,08-mar,,,,,,,,,,,,,,,,,,,,,,,,,,,,,,,,,,,,,,,,,,,,,,,,,,,,,,,,,,,,,,,,,,,,,,,,,,,,,,,,,,,,,,,,,,,,,,,,,,,,,,,,,,,,,,,,,,,,,,,,,,,,,,,,,,,
Neutrophils_BLUEPRINT_1,CA4,CEACAM3,FCGR3B,CXCR1,CXCR2,PGLYRP1,MMP25,ZDHHC18,TRPM6,,,,,,,,,,,,,,,,,,,,,,,,,,,,,,,,,,,,,,,,,,,,,,,,,,,,,,,,,,,,,,,,,,,,,,,,,,,,,,,,,,,,,,,,,,,,,,,,,,,,,,,,,,,,,,,,,,,,,,,,,,,,,,,,,,,,,,,,,,,,,,,,,,,,,,,,,,,,,,,,,,,,,,,,,,,,,,,,,,,,,,,,,,,,,,,
Neutrophils_BLUEPRINT_2,CA4,CEACAM3,FCGR3B,CXCR1,PGLYRP1,VNN3,MMP25,ZDHHC18,,,,,,,,,,,,,,,,,,,,,,,,,,,,,,,,,,,,,,,,,,,,,,,,,,,,,,,,,,,,,,,,,,,,,,,,,,,,,,,,,,,,,,,,,,,,,,,,,,,,,,,,,,,,,,,,,,,,,,,,,,,,,,,,,,,,,,,,,,,,,,,,,,,,,,,,,,,,,,,,,,,,,,,,,,,,,,,,,,,,,,,,,,,,,,,,
Neutrophils_BLUEPRINT_3,CA4,CEACAM3,CXCR1,CXCR2,PGLYRP1,P2RY13,MMP25,ZDHHC18,,,,,,,,,,,,,,,,,,,,,,,,,,,,,,,,,,,,,,,,,,,,,,,,,,,,,,,,,,,,,,,,,,,,,,,,,,,,,,,,,,,,,,,,,,,,,,,,,,,,,,,,,,,,,,,,,,,,,,,,,,,,,,,,,,,,,,,,,,,,,,,,,,,,,,,,,,,,,,,,,,,,,,,,,,,,,,,,,,,,,,,,,,,,,,,,
Neutrophils_FANTOM_1,APAF1,CBL,CEACAM3,CSF2RB,DDX3X,FCAR,FCGR3B,FPR2,CXCR2,NFYA,PAK2,PTEN,SLC19A1,UBE2B,BEST1,ELL,MTMR3,HERC3,PGLYRP1,SLC25A44,DHX34,TOX4,TECPR2,WWP2,LMTK2,WDFY3,MED13L,ACAP2,CLEC4E,UBN1,NRBF2,TREM1,HRH4,RMND5A,TMUB2,TMEM185B,GCC1,TREML2,BTNL8,NDEL1,ZDHHC18,UBXN2B,,,,,,,,,,,,,,,,,,,,,,,,,,,,,,,,,,,,,,,,,,,,,,,,,,,,,,,,,,,,,,,,,,,,,,,,,,,,,,,,,,,,,,,,,,,,,,,,,,,,,,,,,,,,,,,,,,,,,,,,,,,,,,,,,,,,,,,,,,,,,,,,,,,,,,,,,,,,,,
Neutrophils_FANTOM_2,APAF1,CA4,CASP5,CBL,CEACAM3,CEACAM8,CSF2RB,DDX3X,FCAR,FCGR3B,FPR2,CXCR2,MAK,NFYA,PTEN,SDF2,SLC19A1,TGM3,TOP1,UBE2B,UBE2D1,BEST1,TRIM25,ELL,KSR1,MTMR3,HERC3,PGLYRP1,SPAG9,NMI,CIR1,TTLL4,SLC25A44,DHX34,IP6K1,TOX4,TECPR2,USP15,CAMKK2,LILRA1,WWP2,BTN2A1,LMTK2,WDFY3,MED13L,ACAP2,PADI4,CLEC4E,UBN1,NRBF2,TREM1,HRH4,TMUB2,GCC1,TREML2,BTNL8,FBXO38,NDEL1,ZDHHC18,UBXN2B,,,,,,,,,,,,,,,,,,,,,,,,,,,,,,,,,,,,,,,,,,,,,,,,,,,,,,,,,,,,,,,,,,,,,,,,,,,,,,,,,,,,,,,,,,,,,,,,,,,,,,,,,,,,,,,,,,,,,,,,,,,,,,,,,,,,,,,,,,,,
Neutrophils_FANTOM_3,APAF1,CBL,CEACAM3,CSF2RB,DDX3X,FCGR3B,FPR2,CXCR2,NFYA,PTEN,SLC19A1,UBE2B,BEST1,ELL,MTMR3,HERC3,PGLYRP1,DHX34,TECPR2,WWP2,LMTK2,WDFY3,MED13L,ACAP2,CLEC4E,UBN1,NRBF2,TREM1,HRH4,TMUB2,GCC1,TREML2,BTNL8,NDEL1,ZDHHC18,UBXN2B,,,,,,,,,,,,,,,,,,,,,,,,,,,,,,,,,,,,,,,,,,,,,,,,,,,,,,,,,,,,,,,,,,,,,,,,,,,,,,,,,,,,,,,,,,,,,,,,,,,,,,,,,,,,,,,,,,,,,,,,,,,,,,,,,,,,,,,,,,,,,,,,,,,,,,,,,,,,,,,,,,,,
Neutrophils_HPCA_1,CLC,CSF3R,FCGR3B,FPR2,HBB,CXCR2,S100A12,P2RY13,TREM1,,,,,,,,,,,,,,,,,,,,,,,,,,,,,,,,,,,,,,,,,,,,,,,,,,,,,,,,,,,,,,,,,,,,,,,,,,,,,,,,,,,,,,,,,,,,,,,,,,,,,,,,,,,,,,,,,,,,,,,,,,,,,,,,,,,,,,,,,,,,,,,,,,,,,,,,,,,,,,,,,,,,,,,,,,,,,,,,,,,,,,,,,,,,,,,
Neutrophils_HPCA_2,CLC,CSF3R,FCGR3B,FPR2,HSPA6,CXCR2,S100A12,P2RY13,TREM1,,,,,,,,,,,,,,,,,,,,,,,,,,,,,,,,,,,,,,,,,,,,,,,,,,,,,,,,,,,,,,,,,,,,,,,,,,,,,,,,,,,,,,,,,,,,,,,,,,,,,,,,,,,,,,,,,,,,,,,,,,,,,,,,,,,,,,,,,,,,,,,,,,,,,,,,,,,,,,,,,,,,,,,,,,,,,,,,,,,,,,,,,,,,,,,
Neutrophils_HPCA_3,CLC,CSF3R,FCGR3B,FPR2,HBB,HSPA6,CXCR2,S100A12,LILRB2,LILRA2,P2RY13,TREM1,,,,,,,,,,,,,,,,,,,,,,,,,,,,,,,,,,,,,,,,,,,,,,,,,,,,,,,,,,,,,,,,,,,,,,,,,,,,,,,,,,,,,,,,,,,,,,,,,,,,,,,,,,,,,,,,,,,,,,,,,,,,,,,,,,,,,,,,,,,,,,,,,,,,,,,,,,,,,,,,,,,,,,,,,,,,,,,,,,,,,,,,,,,,
Neutrophils_IRIS_1,CEACAM3,FCGR3B,CXCR1,CXCR2,MEFV,VNN3,MMP25,BTNL8,,,,,,,,,,,,,,,,,,,,,,,,,,,,,,,,,,,,,,,,,,,,,,,,,,,,,,,,,,,,,,,,,,,,,,,,,,,,,,,,,,,,,,,,,,,,,,,,,,,,,,,,,,,,,,,,,,,,,,,,,,,,,,,,,,,,,,,,,,,,,,,,,,,,,,,,,,,,,,,,,,,,,,,,,,,,,,,,,,,,,,,,,,,,,,,,
Neutrophils_IRIS_2,BMX,CA4,CEACAM3,FCGR3B,FPR2,CXCR1,CXCR2,MEFV,AATK,P2RY13,TREM1,VNN3,MMP25,BTNL8,TRPM6,,,,,,,,,,,,,,,,,,,,,,,,,,,,,,,,,,,,,,,,,,,,,,,,,,,,,,,,,,,,,,,,,,,,,,,,,,,,,,,,,,,,,,,,,,,,,,,,,,,,,,,,,,,,,,,,,,,,,,,,,,,,,,,,,,,,,,,,,,,,,,,,,,,,,,,,,,,,,,,,,,,,,,,,,,,,,,,,,,,,,,,,,
Neutrophils_IRIS_3,BMX,CA4,CEACAM3,FCGR3B,FPR2,GPR27,CXCR1,CXCR2,MEFV,IL18RAP,AATK,P2RY13,TREM1,VNN3,MMP25,BTNL8,TRPM6,,,,,,,,,,,,,,,,,,,,,,,,,,,,,,,,,,,,,,,,,,,,,,,,,,,,,,,,,,,,,,,,,,,,,,,,,,,,,,,,,,,,,,,,,,,,,,,,,,,,,,,,,,,,,,,,,,,,,,,,,,,,,,,,,,,,,,,,,,,,,,,,,,,,,,,,,,,,,,,,,,,,,,,,,,,,,,,,,,,,,,,
NK cells_BLUEPRINT_1,FASLG,KLRD1,PTGDR,PTPN4,XCL1,TKTL1,IL18RAP,NCR1,ZMYND11,SACM1L,CD244,AGK,DNAJB14,,,,,,,,,,,,,,,,,,,,,,,,,,,,,,,,,,,,,,,,,,,,,,,,,,,,,,,,,,,,,,,,,,,,,,,,,,,,,,,,,,,,,,,,,,,,,,,,,,,,,,,,,,,,,,,,,,,,,,,,,,,,,,,,,,,,,,,,,,,,,,,,,,,,,,,,,,,,,,,,,,,,,,,,,,,,,,,,,,,,,,,,,,,
NK cells_BLUEPRINT_2,FASLG,CX3CR1,GZMB,GZMM,IL2RB,KLRD1,KPNB1,MED1,PRF1,MAPK1,PTGDR,PTPN4,BRD2,XCL1,MAP3K7,TKTL1,TNFSF11,IL18RAP,ZNF264,NCR1,STX8,PJA2,HELZ,GNLY,STAG2,ZMYND11,ZBTB1,SACM1L,TBX21,RAB14,CD244,AGK,DNAJB14,FIP1L1,ARPC5L,HIPK1,,,,,,,,,,,,,,,,,,,,,,,,,,,,,,,,,,,,,,,,,,,,,,,,,,,,,,,,,,,,,,,,,,,,,,,,,,,,,,,,,,,,,,,,,,,,,,,,,,,,,,,,,,,,,,,,,,,,,,,,,,,,,,,,,,,,,,,,,,,,,,,,,,,,,,,,,,,,,,,,,,,,
NK cells_BLUEPRINT_3,FASLG,CD247,CTSW,CX3CR1,GZMB,IL2RB,KLRD1,LTA,PRF1,PTGDR,PTPN4,XCL1,TKTL1,TNFSF11,IL18RAP,NCR1,GNLY,ZMYND11,SACM1L,TBX21,CD244,AGK,ZNF426,DNAJB14,HIPK1,,,,,,,,,,,,,,,,,,,,,,,,,,,,,,,,,,,,,,,,,,,,,,,,,,,,,,,,,,,,,,,,,,,,,,,,,,,,,,,,,,,,,,,,,,,,,,,,,,,,,,,,,,,,,,,,,,,,,,,,,,,,,,,,,,,,,,,,,,,,,,,,,,,,,,,,,,,,,,,,,,,,,,,,,,,,,,,
NK cells_FANTOM_1,FASLG,CD247,CX3CR1,GRIK4,GZMB,IL2RB,LIM2,PRF1,PTGDR,TKTL1,NCR1,NMUR1,GNLY,CD160,TBX21,,,,,,,,,,,,,,,,,,,,,,,,,,,,,,,,,,,,,,,,,,,,,,,,,,,,,,,,,,,,,,,,,,,,,,,,,,,,,,,,,,,,,,,,,,,,,,,,,,,,,,,,,,,,,,,,,,,,,,,,,,,,,,,,,,,,,,,,,,,,,,,,,,,,,,,,,,,,,,,,,,,,,,,,,,,,,,,,,,,,,,,,,
NK cells_FANTOM_2,IL2RB,PTGDR,XCL1,IL18RAP,NCR1,SACM1L,DNAJB14,ARPC5L,,,,,,,,,,,,,,,,,,,,,,,,,,,,,,,,,,,,,,,,,,,,,,,,,,,,,,,,,,,,,,,,,,,,,,,,,,,,,,,,,,,,,,,,,,,,,,,,,,,,,,,,,,,,,,,,,,,,,,,,,,,,,,,,,,,,,,,,,,,,,,,,,,,,,,,,,,,,,,,,,,,,,,,,,,,,,,,,,,,,,,,,,,,,,,,,
NK cells_FANTOM_3,GZMB,IL2RB,LIM2,PTGDR,NCR1,NMUR1,GNLY,CD160,,,,,,,,,,,,,,,,,,,,,,,,,,,,,,,,,,,,,,,,,,,,,,,,,,,,,,,,,,,,,,,,,,,,,,,,,,,,,,,,,,,,,,,,,,,,,,,,,,,,,,,,,,,,,,,,,,,,,,,,,,,,,,,,,,,,,,,,,,,,,,,,,,,,,,,,,,,,,,,,,,,,,,,,,,,,,,,,,,,,,,,,,,,,,,,,
NK cells_HPCA_1,BAD,CD247,07-sep,CHRNE,DR1,GIPR,GOLGA4,GZMH,GZMB,GZMM,HNRNPL,IFNG,LAG3,MGAT2,MLH1,NEK1,NFE2L2,NKG7,PPP2CA,PRF1,PRKAG1,PTGDR,XCL1,SON,SUPV3L1,TBCC,PRDM2,HIST1H3A,NCR1,PRDX6,YAF2,KLRG1,SF3B4,NMUR1,GNA13,GPATCH8,DNAJC2,ASTE1,ANKRD11,TBX21,AMZ2,THAP1,UBE2Q1,CDKN2AIP,RBM25,DNAJB14,OSBPL7,TSTD2,HIPK1,NCR3,C1orf174,,,,,,,,,,,,,,,,,,,,,,,,,,,,,,,,,,,,,,,,,,,,,,,,,,,,,,,,,,,,,,,,,,,,,,,,,,,,,,,,,,,,,,,,,,,,,,,,,,,,,,,,,,,,,,,,,,,,,,,,,,,,,,,,,,,,,,,,,,,,,,,,,,,,,
NK cells_HPCA_2,BAD,CHRNE,CTSW,DR1,GIPR,GOLGA4,GTF3C1,GZMH,IFNG,KLRD1,LAG3,MGAT2,NKG7,PPP2CA,PTGDR,XCL1,FBXW4,SUPV3L1,TSPYL1,HIST1H3A,RGS9,IL18RAP,NCR1,RBM39,NMUR1,GNLY,ZCCHC11,LEMD3,ASTE1,TBX21,IL21R,AMZ2,WBP11,RSRC2,ALG13,COQ10B,HIPK1,,,,,,,,,,,,,,,,,,,,,,,,,,,,,,,,,,,,,,,,,,,,,,,,,,,,,,,,,,,,,,,,,,,,,,,,,,,,,,,,,,,,,,,,,,,,,,,,,,,,,,,,,,,,,,,,,,,,,,,,,,,,,,,,,,,,,,,,,,,,,,,,,,,,,,,,,,,,,,,,,,,
NK cells_HPCA_3,BAD,CD247,07-sep,CHRNE,DR1,GIPR,HNRNPL,IFNG,IL2RB,MLH1,NEK1,NKG7,PRF1,PRKAG1,PTGDR,SBF1,CCL4,XCL1,TBCC,HIST1H3A,NCR1,GGPS1,PRDX6,ZBTB39,YAF2,SF3B4,NMUR1,WDR45,GPATCH8,ASTE1,TBX21,IL21R,AMZ2,THAP1,UBE2Q1,CDKN2AIP,OSBPL7,TSTD2,NCR3,,,,,,,,,,,,,,,,,,,,,,,,,,,,,,,,,,,,,,,,,,,,,,,,,,,,,,,,,,,,,,,,,,,,,,,,,,,,,,,,,,,,,,,,,,,,,,,,,,,,,,,,,,,,,,,,,,,,,,,,,,,,,,,,,,,,,,,,,,,,,,,,,,,,,,,,,,,,,,,,,
NK cells_IRIS_1,FASLG,KLRD1,PTGDR,PTPN4,XCL1,TKTL1,IL18RAP,NCR1,ZMYND11,SACM1L,CD244,AGK,DNAJB14,,,,,,,,,,,,,,,,,,,,,,,,,,,,,,,,,,,,,,,,,,,,,,,,,,,,,,,,,,,,,,,,,,,,,,,,,,,,,,,,,,,,,,,,,,,,,,,,,,,,,,,,,,,,,,,,,,,,,,,,,,,,,,,,,,,,,,,,,,,,,,,,,,,,,,,,,,,,,,,,,,,,,,,,,,,,,,,,,,,,,,,,,,,
NK cells_IRIS_2,FASLG,CTSW,CX3CR1,GZMM,KLRD1,MED1,PTGDR,PTPN4,XCL1,TKTL1,TNFSF11,IL18RAP,ZNF264,NCR1,ZMYND11,SACM1L,CD244,AGK,DNAJB14,,,,,,,,,,,,,,,,,,,,,,,,,,,,,,,,,,,,,,,,,,,,,,,,,,,,,,,,,,,,,,,,,,,,,,,,,,,,,,,,,,,,,,,,,,,,,,,,,,,,,,,,,,,,,,,,,,,,,,,,,,,,,,,,,,,,,,,,,,,,,,,,,,,,,,,,,,,,,,,,,,,,,,,,,,,,,,,,,,,,,
NK cells_IRIS_3,KLRD1,PTGDR,PTPN4,XCL1,TKTL1,IL18RAP,NCR1,DNAJB14,,,,,,,,,,,,,,,,,,,,,,,,,,,,,,,,,,,,,,,,,,,,,,,,,,,,,,,,,,,,,,,,,,,,,,,,,,,,,,,,,,,,,,,,,,,,,,,,,,,,,,,,,,,,,,,,,,,,,,,,,,,,,,,,,,,,,,,,,,,,,,,,,,,,,,,,,,,,,,,,,,,,,,,,,,,,,,,,,,,,,,,,,,,,,,,,
NK cells_NOVERSHTERN_1,CHRNE,GIPR,IFNG,HIST1H3A,NCR1,NMUR1,ASTE1,TBX21,,,,,,,,,,,,,,,,,,,,,,,,,,,,,,,,,,,,,,,,,,,,,,,,,,,,,,,,,,,,,,,,,,,,,,,,,,,,,,,,,,,,,,,,,,,,,,,,,,,,,,,,,,,,,,,,,,,,,,,,,,,,,,,,,,,,,,,,,,,,,,,,,,,,,,,,,,,,,,,,,,,,,,,,,,,,,,,,,,,,,,,,,,,,,,,,
NK cells_NOVERSHTERN_2,CHRNE,GIPR,IFNG,PRKAG1,HIST1H3A,NCR1,NMUR1,ASTE1,AMZ2,,,,,,,,,,,,,,,,,,,,,,,,,,,,,,,,,,,,,,,,,,,,,,,,,,,,,,,,,,,,,,,,,,,,,,,,,,,,,,,,,,,,,,,,,,,,,,,,,,,,,,,,,,,,,,,,,,,,,,,,,,,,,,,,,,,,,,,,,,,,,,,,,,,,,,,,,,,,,,,,,,,,,,,,,,,,,,,,,,,,,,,,,,,,,,,
NK cells_NOVERSHTERN_3,GZMH,GZMB,KLRD1,PRF1,NCR1,NMUR1,GNLY,CD160,TBX21,,,,,,,,,,,,,,,,,,,,,,,,,,,,,,,,,,,,,,,,,,,,,,,,,,,,,,,,,,,,,,,,,,,,,,,,,,,,,,,,,,,,,,,,,,,,,,,,,,,,,,,,,,,,,,,,,,,,,,,,,,,,,,,,,,,,,,,,,,,,,,,,,,,,,,,,,,,,,,,,,,,,,,,,,,,,,,,,,,,,,,,,,,,,,,,
Tregs_BLUEPRINT_1,CCR3,CTLA4,IL2RA,PLCL1,PPM1B,TTN,ZNF236,STAM,UBE4A,CXCR6,IPCEF1,ICOS,VPS54,LAX1,BANP,ATG2B,ZCCHC8,TULP4,IKZF4,ZMYM1,ZFC3H1,MCM9,,,,,,,,,,,,,,,,,,,,,,,,,,,,,,,,,,,,,,,,,,,,,,,,,,,,,,,,,,,,,,,,,,,,,,,,,,,,,,,,,,,,,,,,,,,,,,,,,,,,,,,,,,,,,,,,,,,,,,,,,,,,,,,,,,,,,,,,,,,,,,,,,,,,,,,,,,,,,,,,,,,,,,,,,,,,,,,,,,
Tregs_BLUEPRINT_2,CTLA4,IL2RA,PLCL1,ZNF236,STAM,IPCEF1,ICOS,BANP,IKZF4,,,,,,,,,,,,,,,,,,,,,,,,,,,,,,,,,,,,,,,,,,,,,,,,,,,,,,,,,,,,,,,,,,,,,,,,,,,,,,,,,,,,,,,,,,,,,,,,,,,,,,,,,,,,,,,,,,,,,,,,,,,,,,,,,,,,,,,,,,,,,,,,,,,,,,,,,,,,,,,,,,,,,,,,,,,,,,,,,,,,,,,,,,,,,,,
Tregs_BLUEPRINT_3,CTLA4,IL2RA,PLCL1,PPM1B,ZNF236,STAM,IPCEF1,ICOS,VPS54,BANP,ATG2B,ZCCHC8,TULP4,IKZF4,ZFC3H1,,,,,,,,,,,,,,,,,,,,,,,,,,,,,,,,,,,,,,,,,,,,,,,,,,,,,,,,,,,,,,,,,,,,,,,,,,,,,,,,,,,,,,,,,,,,,,,,,,,,,,,,,,,,,,,,,,,,,,,,,,,,,,,,,,,,,,,,,,,,,,,,,,,,,,,,,,,,,,,,,,,,,,,,,,,,,,,,,,,,,,,,,
Tregs_FANTOM_1,CTLA4,IL2RA,PLCL1,ZNF236,STAM,IPCEF1,ICOS,BANP,IKZF4,,,,,,,,,,,,,,,,,,,,,,,,,,,,,,,,,,,,,,,,,,,,,,,,,,,,,,,,,,,,,,,,,,,,,,,,,,,,,,,,,,,,,,,,,,,,,,,,,,,,,,,,,,,,,,,,,,,,,,,,,,,,,,,,,,,,,,,,,,,,,,,,,,,,,,,,,,,,,,,,,,,,,,,,,,,,,,,,,,,,,,,,,,,,,,,
Tregs_FANTOM_2,CTLA4,IL2RA,PLCL1,PPM1B,ZNF236,STAM,IPCEF1,ICOS,VPS54,BANP,ATG2B,ZCCHC8,TULP4,IKZF4,ZFC3H1,,,,,,,,,,,,,,,,,,,,,,,,,,,,,,,,,,,,,,,,,,,,,,,,,,,,,,,,,,,,,,,,,,,,,,,,,,,,,,,,,,,,,,,,,,,,,,,,,,,,,,,,,,,,,,,,,,,,,,,,,,,,,,,,,,,,,,,,,,,,,,,,,,,,,,,,,,,,,,,,,,,,,,,,,,,,,,,,,,,,,,,,,
Tregs_FANTOM_3,CD5,CD28,CCR4,CCR8,CTLA4,GPR25,IL2RA,IL10RA,ITGB7,KCNA2,PLCL1,RGS1,SPTAN1,HS3ST3B1,MCF2L2,GALNT8,SIT1,ICOS,FOXP3,LRP2BP,TULP4,,,,,,,,,,,,,,,,,,,,,,,,,,,,,,,,,,,,,,,,,,,,,,,,,,,,,,,,,,,,,,,,,,,,,,,,,,,,,,,,,,,,,,,,,,,,,,,,,,,,,,,,,,,,,,,,,,,,,,,,,,,,,,,,,,,,,,,,,,,,,,,,,,,,,,,,,,,,,,,,,,,,,,,,,,,,,,,,,,,
Tregs_HPCA_1,CCR4,CCR8,CTLA4,GPR25,IL2RA,KCNA2,LAIR2,RGS1,HS3ST3B1,MCF2L2,ICOS,FOXP3,,,,,,,,,,,,,,,,,,,,,,,,,,,,,,,,,,,,,,,,,,,,,,,,,,,,,,,,,,,,,,,,,,,,,,,,,,,,,,,,,,,,,,,,,,,,,,,,,,,,,,,,,,,,,,,,,,,,,,,,,,,,,,,,,,,,,,,,,,,,,,,,,,,,,,,,,,,,,,,,,,,,,,,,,,,,,,,,,,,,,,,,,,,,
Tregs_HPCA_2,CCR4,CCR8,CTLA4,GPR25,IL2RA,KCNA2,LAIR2,HS3ST3B1,MCF2L2,FOXP3,,,,,,,,,,,,,,,,,,,,,,,,,,,,,,,,,,,,,,,,,,,,,,,,,,,,,,,,,,,,,,,,,,,,,,,,,,,,,,,,,,,,,,,,,,,,,,,,,,,,,,,,,,,,,,,,,,,,,,,,,,,,,,,,,,,,,,,,,,,,,,,,,,,,,,,,,,,,,,,,,,,,,,,,,,,,,,,,,,,,,,,,,,,,,,
Tregs_HPCA_3,CCR4,CCR8,CTLA4,GPR25,IL2RA,KCNA2,LAIR2,RGS1,HS3ST3B1,MCF2L2,FOXP3,,,,,,,,,,,,,,,,,,,,,,,,,,,,,,,,,,,,,,,,,,,,,,,,,,,,,,,,,,,,,,,,,,,,,,,,,,,,,,,,,,,,,,,,,,,,,,,,,,,,,,,,,,,,,,,,,,,,,,,,,,,,,,,,,,,,,,,,,,,,,,,,,,,,,,,,,,,,,,,,,,,,,,,,,,,,,,,,,,,,,,,,,,,,,
CD8+ Tcm_BLUEPRINT_1,CASP8,CD27,TNFSF8,GZMK,NCK1,GPR171,CRTAM,PARP11,TMEM30B,,,,,,,,,,,,,,,,,,,,,,,,,,,,,,,,,,,,,,,,,,,,,,,,,,,,,,,,,,,,,,,,,,,,,,,,,,,,,,,,,,,,,,,,,,,,,,,,,,,,,,,,,,,,,,,,,,,,,,,,,,,,,,,,,,,,,,,,,,,,,,,,,,,,,,,,,,,,,,,,,,,,,,,,,,,,,,,,,,,,,,,,,,,,,,,
CD8+ Tcm_BLUEPRINT_2,ADCYAP1R1,ABCD2,ALK,CASP8,CD8A,CD8B,CD27,CD28,TNFSF8,CD48,ESR2,CXCR3,GZMK,LAG3,SH2D1A,MMP11,NCK1,SLC6A7,SYN2,TPP2,DUSP11,HELZ,CD96,ZMYND11,SEC24A,ZC3H13,LEPROTL1,ADAT1,CHST5,SIT1,GPR171,HAO2,GIMAP4,PCDHA10,CRTAM,PARP11,SMAP1,VPS33A,TMEM30B,GIMAP6,,,,,,,,,,,,,,,,,,,,,,,,,,,,,,,,,,,,,,,,,,,,,,,,,,,,,,,,,,,,,,,,,,,,,,,,,,,,,,,,,,,,,,,,,,,,,,,,,,,,,,,,,,,,,,,,,,,,,,,,,,,,,,,,,,,,,,,,,,,,,,,,,,,,,,,,,,,,,,,,
CD8+ Tcm_BLUEPRINT_3,ADCYAP1R1,CASP8,CD8B,CD27,TNFSF8,ESR2,GZMK,SH2D1A,NCK1,CD96,ZMYND11,SIT1,GPR171,CRTAM,PARP11,TMEM30B,,,,,,,,,,,,,,,,,,,,,,,,,,,,,,,,,,,,,,,,,,,,,,,,,,,,,,,,,,,,,,,,,,,,,,,,,,,,,,,,,,,,,,,,,,,,,,,,,,,,,,,,,,,,,,,,,,,,,,,,,,,,,,,,,,,,,,,,,,,,,,,,,,,,,,,,,,,,,,,,,,,,,,,,,,,,,,,,,,,,,,,,
CD8+ Tcm_HPCA_1,CASP8,CD8A,CD8B,CD27,GZMK,DNAJB1,LAG3,SH2D1A,RASA2,RGS1,DYNLT1,TPP2,CDC14A,CGRRF1,DCTN6,PPWD1,ADAT1,CRTAM,PARP11,USP36,HAUS3,NAA16,TMEM30B,,,,,,,,,,,,,,,,,,,,,,,,,,,,,,,,,,,,,,,,,,,,,,,,,,,,,,,,,,,,,,,,,,,,,,,,,,,,,,,,,,,,,,,,,,,,,,,,,,,,,,,,,,,,,,,,,,,,,,,,,,,,,,,,,,,,,,,,,,,,,,,,,,,,,,,,,,,,,,,,,,,,,,,,,,,,,,,,,
CD8+ Tcm_HPCA_2,CD8A,CD8B,CTSW,GZMK,IL2RB,SH2D1A,GPR171,CRTAM,USP36,TMEM30B,,,,,,,,,,,,,,,,,,,,,,,,,,,,,,,,,,,,,,,,,,,,,,,,,,,,,,,,,,,,,,,,,,,,,,,,,,,,,,,,,,,,,,,,,,,,,,,,,,,,,,,,,,,,,,,,,,,,,,,,,,,,,,,,,,,,,,,,,,,,,,,,,,,,,,,,,,,,,,,,,,,,,,,,,,,,,,,,,,,,,,,,,,,,,,
CD8+ Tcm_HPCA_3,BMPR1A,C21orf2,CASP8,CD3E,CD8A,CD8B,CD27,CD28,CTSW,GZMH,GZMA,GZMK,DNAJB1,IL2RB,INPP4A,KIF2A,KLRD1,KRT1,LAG3,SH2D1A,PTPN4,RASA2,RGS1,RPS6KB1,ATXN7,DYNLT1,TPP2,ZAP70,DUSP11,CDC14A,TRADD,LRIG2,MED6,KLRG1,CD96,CGRRF1,DCTN6,ZBTB1,TNRC6B,PPWD1,ADAT1,GPR171,ATF7IP,CRTAM,PARP11,CYP20A1,USP36,HAUS3,NAA16,TNKS2,ISCA1,SFXN1,TMEM30B,,,,,,,,,,,,,,,,,,,,,,,,,,,,,,,,,,,,,,,,,,,,,,,,,,,,,,,,,,,,,,,,,,,,,,,,,,,,,,,,,,,,,,,,,,,,,,,,,,,,,,,,,,,,,,,,,,,,,,,,,,,,,,,,,,,,,,,,,,,,,,,,,,,
CD8+ Tcm_NOVERSHTERN_1,ABCD2,CD3E,CD7,CD8A,CD8B,CXCR3,GZMK,LAG3,SH2D1A,PDCD1,PTPRCAP,S100B,XCL1,SGCD,TBCC,HIST1H4F,KLRG1,STUB1,HMGN4,AKAP3,GNLY,TRAF3IP1,GPR171,ELP3,GIMAP4,CRTAM,C21orf59,WDR18,INTS5,GIMAP6,,,,,,,,,,,,,,,,,,,,,,,,,,,,,,,,,,,,,,,,,,,,,,,,,,,,,,,,,,,,,,,,,,,,,,,,,,,,,,,,,,,,,,,,,,,,,,,,,,,,,,,,,,,,,,,,,,,,,,,,,,,,,,,,,,,,,,,,,,,,,,,,,,,,,,,,,,,,,,,,,,,,,,,,,,
CD8+ Tcm_NOVERSHTERN_2,ABCD2,CD3E,CD7,CD8A,CD8B,CXCR3,GZMK,LAG3,SH2D1A,PDCD1,PTPRCAP,S100B,XCL1,SGCD,HIST1H4F,KLRG1,STUB1,AKAP3,GNLY,TRAF3IP1,GPR171,ELP3,CRTAM,INTS5,,,,,,,,,,,,,,,,,,,,,,,,,,,,,,,,,,,,,,,,,,,,,,,,,,,,,,,,,,,,,,,,,,,,,,,,,,,,,,,,,,,,,,,,,,,,,,,,,,,,,,,,,,,,,,,,,,,,,,,,,,,,,,,,,,,,,,,,,,,,,,,,,,,,,,,,,,,,,,,,,,,,,,,,,,,,,,,,
CD8+ Tcm_NOVERSHTERN_3,CD8B,CXCR3,GZMK,PTPRCAP,SGCD,HIST1H4F,STUB1,ELP3,CRTAM,INTS5,,,,,,,,,,,,,,,,,,,,,,,,,,,,,,,,,,,,,,,,,,,,,,,,,,,,,,,,,,,,,,,,,,,,,,,,,,,,,,,,,,,,,,,,,,,,,,,,,,,,,,,,,,,,,,,,,,,,,,,,,,,,,,,,,,,,,,,,,,,,,,,,,,,,,,,,,,,,,,,,,,,,,,,,,,,,,,,,,,,,,,,,,,,,,,
CD8+ Tem_BLUEPRINT_1,DHX8,GZMH,GZMK,LAG3,ZAP70,COLQ,RGS9,CXCR6,PVRIG,PYHIN1,,,,,,,,,,,,,,,,,,,,,,,,,,,,,,,,,,,,,,,,,,,,,,,,,,,,,,,,,,,,,,,,,,,,,,,,,,,,,,,,,,,,,,,,,,,,,,,,,,,,,,,,,,,,,,,,,,,,,,,,,,,,,,,,,,,,,,,,,,,,,,,,,,,,,,,,,,,,,,,,,,,,,,,,,,,,,,,,,,,,,,,,,,,,,,
CD8+ Tem_BLUEPRINT_2,ABCF1,ACADVL,RHOG,SLC25A20,CAPZB,CD2,CD3D,CD3G,CD7,CD8A,CD8B,CCR5,COPB1,CTSW,CX3CR1,DAXX,DHX8,DIAPH1,DMWD,DYNC1H1,EMD,GOLGA1,GTF3C1,GYG1,GZMH,GZMA,GZMK,GZMM,HMOX2,DNAJB1,IDH3B,IFNG,IL10RA,ITGAL,KLRB1,KLRD1,LAG3,LAIR2,MARK3,MT2A,MYO1F,NDUFB1,NDUFB2,NDUFS6,NKG7,PABPC3,PCNT,PHKG2,PPP2R5C,PSMC5,PSME1,PTGDR,PTPN4,PTPRA,PZP,RGS1,RPN2,CCL4,SLAMF1,SNTB2,SSR2,STX4,TAF10,DYNLT1,TUFM,WAS,ZAP70,RNF113A,LZTR1,COLQ,DHX16,GPR65,MKNK1,B4GALT3,RIPK1,RGS9,IL18RAP,ARHGEF1,CIAO1,SEC24C,N4BP1,CROCC,MAML1,KIAA0196,SEC16A,PREB,KLRG1,SLC35B1,SF3A1,GNLY,CXCR6,SF3B2,WWP2,BTN2A1,CD160,PUF60,HMGXB3,SNRNP200,JMJD6,TMEM184B,RNF167,ERAL1,CYTH4,MRPL22,ABT1,UBN1,GPR171,TIMM22,NRBP1,COL5A3,RWDD1,TRAPPC4,SRRT,STX18,TRNAU1AP,IMP3,ABCF3,CHST12,UBE2Q1,AMBRA1,MAP7D1,EXOC2,WSB2,BIN3,CRTAM,MRPS22,RIC8A,NOL6,AHNAK,PVRIG,TNIP2,HAUS3,FYCO1,C14orf169,ZMYM1,MUS81,DEFB126,ARPC5L,ZNF394,RHOT2,SPSB3,PYHIN1,NCR3,CCDC85C,,,,,,,,,,,,,,,,,,,,,,,,,,,,,,,,,,,,,,,,,,,,,,,,,,,,,,,,
CD8+ Tem_BLUEPRINT_3,SLC25A20,CALM1,CD2,CD3D,CD3G,CD8A,CD8B,CTSW,DMWD,GYG1,GZMH,GZMA,GZMB,GZMK,GZMM,IFNG,IL2RB,ITGAL,KLRB1,KLRD1,LAG3,SH2D1A,MT2A,MYO1F,NKG7,PPP1CA,PRF1,MAPK13,PTGDR,PTPN4,PTPRA,PZP,CCL4,SLAMF1,SNTB2,STX4,COLQ,GPR65,RGS9,IL18RAP,CROCC,KLRG1,GNLY,NPRL2,CXCR6,CD160,CD300A,GPR171,TBX21,COL5A3,BIN2,SASH3,UBE2Q1,MAP7D1,CRTAM,CTDSP1,RIC8A,AHNAK,PVRIG,FYCO1,ZMYM1,CCDC130,ZNF394,PYHIN1,,,,,,,,,,,,,,,,,,,,,,,,,,,,,,,,,,,,,,,,,,,,,,,,,,,,,,,,,,,,,,,,,,,,,,,,,,,,,,,,,,,,,,,,,,,,,,,,,,,,,,,,,,,,,,,,,,,,,,,,,,,,,,,,,,,,,,,,
CD8+ Tem_HPCA_1,ABCD2,FASLG,ATR,BMPR1A,C8G,C21orf2,CACNB1,CAPN2,CASP8,CD2,CD3D,CD3G,CD8A,CD8B,CCR5,CSNK1G2,CX3CR1,DUSP8,E4F1,FLT4,GIPR,GOLGA4,CXCR3,GTF3C1,GZMH,GZMA,GZMB,GZMK,GZMM,HLA-A,HLCS,IFNG,KLRD1,KIF22,LAG3,LTK,SH2D1A,MAN2C1,MEN1,MAP3K10,MSH3,NKG7,PDCD1,PLCG1,PMS1,POLG,PPP2R5C,PRF1,PRKG2,PTGDR,PTPN4,PTPRC,PTPRCAP,PURA,RBL2,RFX1,S100B,XCL1,FBXW4,SLC1A7,TBCC,TCOF1,USP1,ZAP70,ZNF79,ZNF142,ARHGEF5,GPR68,LZTR1,COLQ,GPR65,IKBKAP,CDK10,SLC25A12,RIPK1,RGS9,DDX18,PSTPIP1,ARHGEF1,GPR52,OTOF,GRAP2,CTR9,CROCC,SART3,USP34,URB2,ZBTB39,DLEC1,ACTR1B,ARFRP1,KLRG1,CD96,STUB1,NMUR1,HMGN4,CXCR6,SRCAP,CD160,CAPN10,CEP250,IKZF3,AAK1,ZBTB1,SCAP,MDN1,CSTF2T,ADAT1,MTO1,FBXO3,TRMT2A,RPUSD2,VPS4A,GPKOW,SIT1,ASTE1,ANAPC2,GPR171,PNMA3,TBX21,COL5A3,ZNF639,LIPT1,PRMT7,KLHDC4,ALKBH4,CNNM2,DPP8,C2orf42,USP47,ELP3,KLHL11,IMP3,GIMAP4,CDKN2AIP,URGCP,LTB4R2,INPP5E,PRDM8,TULP4,PLXDC1,CHD8,CREBZF,ZNF335,RNF25,PAPOLG,KRI1,AHNAK,C7orf26,PVRIG,C1orf35,FYCO1,GCC1,CORO7,GSDMD,MUS81,WDR82,SLC38A1,SPSB3,ZNF276,PWWP2A,OSBPL7,MRFAP1L1,DNAJC24,ZNF428,PYHIN1,ZNF549,GIMAP6,,,,,,,,,,,,,,,,,,,,,,,,,,,,,,,,
CD8+ Tem_HPCA_2,ABCD2,FASLG,ATR,BMPR1A,C8G,C21orf2,CACNB1,CAPN2,CASP8,CD2,CD3D,CD3E,CD3G,CD8A,CD8B,CCR5,CTBP1,CX3CR1,DUSP8,E4F1,ELK4,ERN1,FLT4,GIPR,GOLGA4,CXCR3,GTF3C1,GZMH,GZMA,GZMB,GZMK,GZMM,HLA-A,HLCS,IFNG,IL12RB1,IRF3,ITGAL,KLRB1,KLRD1,LAG3,LTK,SH2D1A,MAN2C1,MEN1,MAP3K10,NKG7,PDCD1,PLCG1,POLG,PPP2R5C,PRF1,PTGDR,PTPN4,PTPRC,PTPRCAP,PURA,RBL2,RFX1,SBF1,XCL1,FBXW4,SLAMF1,SLC1A7,TBCC,TCOF1,UBTF,ZAP70,ZNF142,ARHGEF5,GPR68,LZTR1,COLQ,GPR65,IKBKAP,CDC14A,RIPK1,RGS9,IL18RAP,PSTPIP1,ARHGEF1,GPR52,OTOF,GRAP2,NCR1,CTR9,CROCC,URB2,ZBTB39,SGSM2,DLEC1,ACTR1B,ARFRP1,KLRG1,CD96,STUB1,NMUR1,HMGN4,STK25,GNLY,CXCR6,DIDO1,CD160,CAPN10,CEP250,IKZF3,AAK1,SACM1L,MDN1,CSTF2T,ADAT1,TRMT2A,RPUSD2,VPS4A,SIT1,ASTE1,ANAPC2,GPR171,PNMA3,TBX21,COL5A3,ZNF639,KLHDC4,TTC22,KLHL11,PANK4,GIMAP4,CDKN2AIP,RNF126,TRMU,EXOC2,LTB4R2,OTUD7B,PRDM8,TULP4,PLXDC1,CREBZF,HIVEP3,ZNF335,KRI1,PVRIG,FYCO1,GCC1,CORO7,FBXO31,GSDMD,ZNF696,MUS81,WDR82,TRAF3IP3,SLC38A1,KIAA1109,RHOT2,ANGEL2,SPSB3,ZNF276,OSBPL7,MRFAP1L1,DNAJC24,ZNF428,PYHIN1,NCR3,,,,,,,,,,,,,,,,,,,,,,,,,,,,,,,,,,,,,,
CD8+ Tem_HPCA_3,ABCD2,BMPR1A,C8G,CACNB1,CASP8,CD8A,DUSP8,GZMH,IFNG,LAG3,LTK,SH2D1A,MSH3,PDCD1,PPP2R5C,PURA,S100B,XCL1,FBXW4,TBCC,TCOF1,ARHGEF5,CDK10,SLC25A12,KLRG1,HMGN4,CXCR6,CEP250,IKZF3,ADAT1,RPUSD2,ASTE1,GPR171,COL5A3,GIMAP4,PVRIG,FYCO1,GCC1,MRFAP1L1,ZNF428,GIMAP6,,,,,,,,,,,,,,,,,,,,,,,,,,,,,,,,,,,,,,,,,,,,,,,,,,,,,,,,,,,,,,,,,,,,,,,,,,,,,,,,,,,,,,,,,,,,,,,,,,,,,,,,,,,,,,,,,,,,,,,,,,,,,,,,,,,,,,,,,,,,,,,,,,,,,,,,,,,,,,,
CD8+ Tem_NOVERSHTERN_1,FASLG,C8G,CACNB1,CD8A,CD8B,CX3CR1,GZMH,GZMB,GZMK,IFNG,LAG3,LTK,SH2D1A,PDCD1,PRF1,PTGDR,RBL2,SLC1A7,ZAP70,KLRG1,NMUR1,CXCR6,TBX21,COL5A3,PYHIN1,,,,,,,,,,,,,,,,,,,,,,,,,,,,,,,,,,,,,,,,,,,,,,,,,,,,,,,,,,,,,,,,,,,,,,,,,,,,,,,,,,,,,,,,,,,,,,,,,,,,,,,,,,,,,,,,,,,,,,,,,,,,,,,,,,,,,,,,,,,,,,,,,,,,,,,,,,,,,,,,,,,,,,,,,,,,,,,
CD8+ Tem_NOVERSHTERN_2,FASLG,C8G,CD8A,CD8B,CX3CR1,GZMH,GZMB,GZMK,IFNG,PDCD1,PRF1,PTGDR,SLC1A7,ZAP70,KLRG1,NMUR1,CXCR6,TBX21,COL5A3,PYHIN1,,,,,,,,,,,,,,,,,,,,,,,,,,,,,,,,,,,,,,,,,,,,,,,,,,,,,,,,,,,,,,,,,,,,,,,,,,,,,,,,,,,,,,,,,,,,,,,,,,,,,,,,,,,,,,,,,,,,,,,,,,,,,,,,,,,,,,,,,,,,,,,,,,,,,,,,,,,,,,,,,,,,,,,,,,,,,,,,,,,,
CD8+ Tem_NOVERSHTERN_3,FASLG,C8G,CACNB1,CD8A,CD8B,CX3CR1,GZMH,GZMB,GZMK,IFNG,SH2D1A,PDCD1,PRF1,PTGDR,SLC1A7,ZAP70,KLRG1,NMUR1,CXCR6,TBX21,COL5A3,PYHIN1,,,,,,,,,,,,,,,,,,,,,,,,,,,,,,,,,,,,,,,,,,,,,,,,,,,,,,,,,,,,,,,,,,,,,,,,,,,,,,,,,,,,,,,,,,,,,,,,,,,,,,,,,,,,,,,,,,,,,,,,,,,,,,,,,,,,,,,,,,,,,,,,,,,,,,,,,,,,,,,,,,,,,,,,,,,,,,,,,,
cDC_HPCA_1,ALCAM,ANXA1,CD1C,CD1E,DBI,FCER1A,ITGAX,PITPNA,SSR1,RAB7A,CLEC10A,TCTN3,CCDC88A,SLAMF8,,,,,,,,,,,,,,,,,,,,,,,,,,,,,,,,,,,,,,,,,,,,,,,,,,,,,,,,,,,,,,,,,,,,,,,,,,,,,,,,,,,,,,,,,,,,,,,,,,,,,,,,,,,,,,,,,,,,,,,,,,,,,,,,,,,,,,,,,,,,,,,,,,,,,,,,,,,,,,,,,,,,,,,,,,,,,,,,,,,,,,,,,,
cDC_HPCA_2,ALCAM,CD1C,CD1E,DBI,FCER1A,ITGAX,SSR1,RAB7A,ACTR3,CLEC10A,CCDC88A,SLAMF8,,,,,,,,,,,,,,,,,,,,,,,,,,,,,,,,,,,,,,,,,,,,,,,,,,,,,,,,,,,,,,,,,,,,,,,,,,,,,,,,,,,,,,,,,,,,,,,,,,,,,,,,,,,,,,,,,,,,,,,,,,,,,,,,,,,,,,,,,,,,,,,,,,,,,,,,,,,,,,,,,,,,,,,,,,,,,,,,,,,,,,,,,,,,
cDC_HPCA_3,CD1C,CD86,FCER1A,FLT3,S100A10,CD163,CLEC10A,FGL2,CD93,WDFY3,CLEC4A,,,,,,,,,,,,,,,,,,,,,,,,,,,,,,,,,,,,,,,,,,,,,,,,,,,,,,,,,,,,,,,,,,,,,,,,,,,,,,,,,,,,,,,,,,,,,,,,,,,,,,,,,,,,,,,,,,,,,,,,,,,,,,,,,,,,,,,,,,,,,,,,,,,,,,,,,,,,,,,,,,,,,,,,,,,,,,,,,,,,,,,,,,,,,
cDC_NOVERSHTERN_1,CD1A,CD1B,CD1C,CD1E,CD80,DNASE1L3,FCER1A,GFRA2,CCL17,CCL24,RRP1B,CD209,KCNK13,,,,,,,,,,,,,,,,,,,,,,,,,,,,,,,,,,,,,,,,,,,,,,,,,,,,,,,,,,,,,,,,,,,,,,,,,,,,,,,,,,,,,,,,,,,,,,,,,,,,,,,,,,,,,,,,,,,,,,,,,,,,,,,,,,,,,,,,,,,,,,,,,,,,,,,,,,,,,,,,,,,,,,,,,,,,,,,,,,,,,,,,,,,
cDC_NOVERSHTERN_2,CD1A,CD1B,CD1C,CD1E,CD80,DNASE1L3,FCER1A,GFRA2,CCL17,CCL24,CD209,KCNK13,,,,,,,,,,,,,,,,,,,,,,,,,,,,,,,,,,,,,,,,,,,,,,,,,,,,,,,,,,,,,,,,,,,,,,,,,,,,,,,,,,,,,,,,,,,,,,,,,,,,,,,,,,,,,,,,,,,,,,,,,,,,,,,,,,,,,,,,,,,,,,,,,,,,,,,,,,,,,,,,,,,,,,,,,,,,,,,,,,,,,,,,,,,,
cDC_NOVERSHTERN_3,ALOX15,CD1A,CD1B,CD1C,CD1E,CD80,CD86,CRH,DNASE1L3,FCER1A,GFRA2,CCL13,CCL17,CCL23,CCL24,ALDH1A2,CLEC10A,RRP1B,CD209,KCNK13,,,,,,,,,,,,,,,,,,,,,,,,,,,,,,,,,,,,,,,,,,,,,,,,,,,,,,,,,,,,,,,,,,,,,,,,,,,,,,,,,,,,,,,,,,,,,,,,,,,,,,,,,,,,,,,,,,,,,,,,,,,,,,,,,,,,,,,,,,,,,,,,,,,,,,,,,,,,,,,,,,,,,,,,,,,,,,,,,,,,
