CD4.T.cells,ZAP70,MRPS18B,GPSM3,CDC40,PRPF19,BTF3,C12orf29,CCNC,HINT1,PCNP,PLCL1,MRPL11,UQCRC2,CD6,RBM3,CNBP,OBSCN,HMOX2,RPL4,PPIH,PLP2,SMC5,RPL13A,SMU1,CDV3,ACTL6A,TRA2A,METAP1,BCAS2,PACS1,RAPGEF6,EID1,GALR2,KTN1,PRMT2,PPA2,CCR7,HDAC1,RPL5,SSNA1,PDCD10,PFDN6,NAE1,LEPROTL1,NKRF,SUCLG1,FXR1,JAK3,FUBP3,POLD2,CBLL1,PPID,RUVBL1,SRP9,UNC45A,DSC1,RAD21,UBIAD1,RANBP1,NDFIP1,RRP1B,SURF2,TTC37,RPS19,DPM1,MAEA,ICOS,PSMF1,TNFSF8,DR1,HMGN4,NDUFS5,SIT1,CSNK2A2,DAP3,SPAG16,CABIN1,CDK10,SIRPG,CHMP7,CSNK1A1,GPR183,MSL3,THOC7,PLCG1,UBE2D3,RPF1,ARPC4,CUBN,EIF3M,RGS1,BAG3,CEP57,U2AF2,MRPL20,MRPL44,UBQLN2,ERH,COPS4,CDKN2AIP,ACD,THAP11,ISCA1,FAM193B,GATAD2A,GLOD4,IPCEF1,CPSF6,PKP4,COX7C,ATXN10,SAFB2,DENR,ZDHHC6,PHF1,AAMP,TPT1,CLPX,TSPAN32,AKT2,CD3E,HNRNPU,MLXIP,ATF1,TSN,CMPK1,CREBZF,PTGES3,CD2AP,PLXDC1,PPP2R5D,ARL2,GLUD1,MRPS27,ZNF76,SH2B1,RSL24D1,RPL13,GRPEL1,CTLA4,CD28,TPP2,TBL3,CD27,SP3,CRLF3,EIF3L,MRPS34,SMAD2,FNTA,PPP1CB,PTPN11,RPS6,MAGOH,RANBP9,GRK6,INTS8,SUB1,ATPIF1,CD5,NUPL2,CBX3,ATG5,INSL3,KBTBD4,TRAT1,COPS5,PIP4K2B,KIF22,CETN3,TSSC1,GZMM,ARFRP1,GPR132,LIMD2,CTBP1,PRPF18,C11orf58,WDR6,DAD1,ETAA1,RPS3,UBE2D2,MMADHC,CD2,ADSL,SELPLG,HNRNPH3,ANXA7,SLAMF1,UBE2N,ITK,EIF3E,METTL5,PCID2,CD7,APBB1,TNK1,DNAJB1,PPP1CC,PREPL,USP39,KLHL3,CDK9,STK16,ANP32B,NCK2,OSGEP,SERP1,ZC3H15,GABPA,LIN7C,PPP6C,RNPEPL1,AMBRA1,PABPC4,RPL36,DNAJA2,WDR46,UXT,FCF1,DDX3X,NCL,EIF4G2,RWDD1,DOHH,AHCTF1,ACAP1,CCR4,HNRNPA0,IMP3,SOD1,MATR3,BUB3,PAPOLA,ESD,DDX50,RPL8,THOP1,PFN1,TRMT112,DBF4,EXOC2,ZZZ3,EIF2B5,ANKRD55,RXRB,API5,LDHB,NUMA1,SH2D1A,IDUA
CD8.T.cells,SLC17A4,GDAP2,CWF19L1,DDX24,RRH,GJB4,AMBN,JMJD6,BUD31,NGDN,GPR52,MS4A5,USP36,GPR15,COX4I1,CGRRF1,PCIF1,CA14,SHFM1,SON,HIST1H3A,NDUFS5,SMCP,TPP2,FXYD7,MED31,KIAA1109,MOGAT2,NDUFA4,CD8B,NDUFA1,RRP8,CCDC87,RNMT,SMR3B,SS18L2,HAUS3,SLC35E1,RNF7,BCAS2,HTR1B,OMG,JOSD1,HIST1H4F,SETD2,LIN28A,MYL1,CD8A,LUZP4,HIGD2A,BTNL8,CILP,CCR8,CDK5RAP1,RPP38,SKI,TNKS2,IL21R,EEF1D,NKTR,C19orf53,KRT1,RFX2,PSG11,ZNHIT3
NK.cells,PTGDR,FASLG,GRIK4,NFE2L2,DNAJB14,MGAT2,PRDX6,IL18RAP,OSBPL7,PPP2CA,AMZ2,CHRNE,HIPK1,XCL1,SUPV3L1,ZMYND11,DR1,PTPN4,SON,HIST1H3A,NCR3,CD160,NKG7,THAP1,GNA13,CD244,RBM25,BAD,KLRD1,IL2RB,GZMB,HNRNPL,TKTL1,SF3B4,C1orf174,PRF1,UBE2Q1,LAG3,DNAJC2,SACM1L,PRKAG1,NCR1,LIM2,ASTE1,NEK1,PRDM2,KLRG1,CD247,TBCC,TSTD2,CDKN2AIP,MLH1,CX3CR1,ANKRD11,GIPR,GZMH,TBX21,GZMM,NMUR1,GNLY,IFNG,AGK,GOLGA4,YAF2,GPATCH8
endothelial.cells,PRPF19,RPS14,ANGPT2,PSMC5,CLDN5,NOTCH4,MTCH1,LYL1,ECD,FAM65A,TXNDC9,CISD1,TNFSF18,CD93,NOVA2,TUSC2,SEMA6C,LRRC59,ROBO4,ACTR1A,BMX,MYCT1,METTL3,PLS3,GIMAP6,CLTA,NPLOC4,KANK3,SLC16A1,CLEC1A,WDR4,ERCC1,PCGF3,SEMA6B,MMRN1,TUT1,HYAL2,PLVAP,PPP2R2A,STK25,GJA4,PNP,MRPL17,CEP55,RHOC,RASIP1,TTLL5,GIT1,HTR1B,ACVRL1,COPS6,MMRN2,RALA,FLT4,BCL10,PCDH12,GIMAP4,AP2S1,CLPP,LYVE1,ANXA2,GPR4,N4BP3,FOXC2,EMCN,CDC27,MYL6,SOX18,STAB1,MTMR2,PSMD10,PRKD2,PWP1,MAPK12,PTTG1IP,SCARF1,LYPLA1,TIE1,SPATS2,DAD1,EDC4,FEZ2,PIK3C2A,FAM107A,CAV1,TMEM39B,ARHGEF15,FDPS,PTTG2,KDR,ERG,EIF2B2,FAM124B,TAOK2,DLGAP5,CXorf36,MTG1,BUB3,FBL,TEK,STRAP,VWF,RELA
fibroblasts,BMPR1A,NFATC4,OCRL,ECT2,GGPS1,PRDX6,SMAD5,TFG,GRIA1,PRPH2,B4GALT2,ASPN,RYK,SNTB2,MYOF,EMILIN1,SCRN1,DSTN,SAR1A,LGALS1,ATP2A2,TM2D1,ARL1,TMED10,RNF41,TNFRSF12A,AHNAK,AMOTL2,GOLGA4,RCN2,SHMT2,SCAMP1,PRKG1,BAG2,ETF1,ZFYVE9,CCDC90B,MPZL1,CACNA1C,HSPB7,DNAJC13,SEC22A,SNX19,TRIM32,MAGEF1,FRS2,ZFPL1,ICMT,MYL12B,TOR1AIP2,ITIH3,CSNK1A1,SIM1,TSPYL1,IPO5,MYH2,CLEC3B,THAP10,SGCG,XPOT,ZMYM4,HIF1A,CORIN,C7orf25,ANKRD40,RRAS2,MAP4K5,DCTD,IMPACT,NPTN,DPT,ADH5,HLCS,GARS,POMGNT1,ASPA,CAND1,YAP1,GANAB,TCEAL4,RAB11FIP2,ST7L,SLC35A5,SPIN1,TXLNA,DPY19L4,MARS,NGRN,FTO,ACTR10,FGF7,ATXN2,HTR2B,SLC35A2,FKTN,ARF4,SGCD,SPTLC1,SVEP1,KDELR2,AP2M1,ACBD3,GPR85,TMED9,HTR2A,TPD52L2,TBX5,LMOD1,PPIB,ADAMTS12,CSNK1G3,KRT19,BAD,RAD23B,RNF14,GPATCH2,ZC3H14,SLC25A32,RNASEH1,HSPB6,ELN,RAB3GAP1,SEC61A1,KIF26B,VCL,TTC26,GRIA3,WNT2,MYH1,LRRC42,MBTPS2,PODNL1,PTGIR,TBL2
macrophages,CD63,P2RX7,AGGF1,FTL,RIN2,LILRB4,MARCO,EXOC1,HEXA,CDS2,ZC3H3,ADCY3,C16orf62,LAMP1,CD81,KCNJ5,TFEC,ANKFY1,LAIR1,NOP10,UNC50,ATP2A2,POGK,HSPH1,ACP2,IFNAR1,SNX1,BTBD1,SDCBP,HPS1,MYO9B,STX18,GORASP1,ATP6V1C1,SCAMP2,TMEM70,TSPO,VPS53,LONRF3,SLC39A1,ADAMDEC1,ALK,STX4,PDCD6IP,SNX2,DNASE2B,TBC1D9B,ARSB,ABCD1,CLCN7,SLC25A24,ACSM5,SLC31A1,HAMP,NCKAP1L,MTMR14,C10orf76,HS3ST2,ATP6V0D1,FGR,OS9,PLEKHM2,SDS,VSIG4,ATP6V0A1,MS4A4A,IARS2,CCDC88A,GLB1,UBXN6,SLAMF8,ITGAX,TPP1,WDFY3,ARHGEF11,SNX5,FKBP15,SPG21,PQLC2,CANX,GABARAP,PABPC4,FDX1,HADHB,VPS35,SMG5,COMMD9,PICK1,HEXB,MSR1,CAMP,SLC38A7,GGA1,COL4A3BP,TMEM184C,CYFIP1
memory.B.cells,CCR9,CD22,DSCR4,MAP3K9,RRH,GABRA4,CD37,MBL2,DSP,COLEC10,CRB1,SELP,ZNF747,CHRM2,PRPH2,WNT16,STAP1,SLC30A10,CD72,OBSCN,CHP2,CLDN17,BAIAP3,TAS2R14,CYP2A7,KIF5A,LY86,KALRN,GNAT2,GNRHR,KCNA5,GK2,S100G,HECW1,FMO1,GPRC5D,PGLYRP4,MEFV,CETP,CASQ2,CHST5,GRIN2B,MS4A1,KRT75,SLCO1C1,ZNF548,TNFRSF13B,CD19,C4BPA,HRH4,TSPAN13,MOGAT2,GRM6,TRPM3,CD180,AP1M2,FMO6P,FSHR,MYOZ3,SIGLEC6,GLYAT,PRKCB,TSHB,CYP2C19,INHBC,KCNJ10,ADCY2,ADAM30,ANKRD34C,GPX5,SYPL1,SLC5A7,LECT2,KIAA0125,ZIC3,PTH1R,DDX4,PNOC,CPA2,MS4A5,POU4F2,SSX3,FCRL2,COX6A2,GGA2,CD3EAP,SLN,CPB1,CCR6,HLA-DPB1,MC4R,FSCN3,CD1C,NPY5R,CSN1S1,RIC3,UNC5C,KRT2,ULK4,KHDRBS2,HCRTR2,HSD3B2,ADAM20,CYLC2,CD79B,CER1,PNLIPRP1,BLK,TMPRSS11D,SYN2,SLC24A2,SERPINA4,AQP8,QRSL1,PROZ,CNR2,SLC17A7,VPREB3,TCTN2,ACRV1,MEP1B,NTRK3,SP140,NPHS2,ADAMTS12,CHRNA2,HTN3,DPP6,PLIN1,VN1R1,TNFRSF17,PAX5,SLC12A3,CD79A,GAD2,SLC17A1,AIPL1,SPIB,ART1,NCAN,WNT2,OTC,SHISA6,DCC
memory.CD8.T.cells,ZAP70,RPN2,FASLG,RNF167,DMWD,PABPC3,JMJD6,TUFM,MARK3,PSMC5,ABT1,CD160,SEC16A,SNTB2,PYHIN1,TAF10,HMOX2,PCNT,WWP2,PRF1,DHX16,DAXX,KLRG1,ITGAL,KLRB1,COL5A3,COLQ,CD8A,TBX21,MT2A,CTSW,AHNAK,PREB,ACADVL,PDCD1,WAS,NOL6,N4BP1,TIMM22,MAP7D1,ARPC5L,NDUFB1,RNF113A,CCDC85C,IL10RA,CYTH4,PUF60,CAPZB,GPR171,STX18,PPP2R5C,MRPL22,KLRD1,MYO1F,TRAPPC4,PVRIG,HAUS3,TRNAU1AP,NRBP1,RGS1,PZP,SLC1A7,CCL4,DIAPH1,CX3CR1,MKNK1,STX4,IDH3B,SPSB3,GNLY,RGS9,ZNF394,ABCF3,MUS81,CROCC,SF3A1,RBL2,C14orf169,DHX8,ERAL1,COPB1,LAIR2,LZTR1,TNIP2,NKG7,SLC35B1,NCR3,ZMYM1,NDUFB2,MRPS22,RIPK1,HMGXB3,UBE2Q1,LAG3,RHOT2,CXCR6,GZMA,ARHGEF1,C8G,SNRNP200,CACNB1,FYCO1,UBN1,GZMH,GZMM,WSB2,CD3D,SLC25A20,DYNLT1,DYNC1H1,IFNG,SF3B2,CD2,CCR5,PTGDR,SLAMF1,PTPRA,CD3G,NDUFS6,SH2D1A,CD7,RIC8A,SSR2,DNAJB1,GYG1,GPR65,IL18RAP,BTN2A1,DEFB126,EMD,CIAO1,PTPN4,MAML1,CRTAM,BIN3,TMEM184B,GZMB,AMBRA1,CHST12,PHKG2,CD8B,RHOG,RWDD1,SEC24C,SRRT,GOLGA1,IMP3,PSME1,B4GALT3,KIAA0196,EXOC2,NMUR1,LTK,GTF3C1,GZMK,ABCF1
monocytes,CAMKK2,RETN,TGOLN2,RIN2,BEST1,TLR8,CD300C,RPGRIP1,RHOT1,FGL2,C3AR1,DPEP2,TMEM9B,ASGR2,CYBB,UPK3A,ARNT,LILRB3,CCR2,CFP,MEFV,MAP3K3,DENND1A,CSF1R,FCN1,AIF1,CLEC4E,OSBPL11,MYO1F,TMEM127,HK3,TNFRSF8,METTL9,MNDA,VASP,LILRB2,TYROBP,CLEC5A,LILRB1,MS4A6A,FPR2,VENTX,CASP5,FCAR,HSPA6,LST1,KCNMB1,ATP6V0D1,IQGAP1,NUP214,PILRA,APAF1,CD163,TREX1,P2RY13,RARA,HCK,TREM1,EIF4E2,IL17RA,LILRA2,S100A12,CD101,ACAP2,FBXL5,TLR7,CALCOCO2,RHOA,GABARAP,LILRA1,HRH2,PHKG2,RHOG,COMMD9,UBE2D1,CD33,RPH3A,CSF3R,PTGIR,LILRA5
myeloid.dendritic.cells,ITGAX,CLEC10A,CLEC4A,RRP1B,CCL24,WDFY3,CRH,CD209,CD1A,CD1E,SSR1,CCL23,KCNK13,TCTN3,FLT3,DBI,CCL17,ANXA1,CD86,PITPNA,CD80,ALCAM,RAB7A,CD1C,CD93,GFRA2,FGL2,S100A10,DNASE1L3,CD163,ALDH1A2,ALOX15,CD1B,CCL13,FCER1A,ACTR3,CCDC88A,SLAMF8
naive.B.cells,PRDM4,CD22,MAP3K9,MBD4,CIITA,CD37,DSP,POU2F1,TCL6,STAP1,CD72,MYO3A,BMP3,TCL1A,PTCH2,STAG3,CXCR5,UBE2O,RBM15,TRAPPC9,CAPN3,AKAP6,FCER2,SYN3,GNG3,SLC30A4,FRS2,MS4A1,BCL2L11,CD19,GMFB,TSPAN13,CACNA1F,PIKFYVE,CUBN,MMP17,SNX2,DAZL,PRKCB,SMC6,PYGM,NOC3L,SDK2,GH1,USP6,RRAS2,PNOC,TRA2B,MFN1,N4BP3,FCRL2,GGA2,PHKG1,P2RY10,GPR18,ZNF154,EGOT,PWP1,PRDM2,GCM1,USP7,KHDRBS2,AP3B1,ADAM20,DEF8,BLK,SIPA1L3,CD1A,WDR74,CSNK1G3,LY9,TBC1D5,TCL1B,CDK13,RB1,PGAM2,PAX5,SNTG2,MYBPC2,RERE,CD79A,COL19A1,SPIB,HLA-DOA,MATN1,BCL2L10
naive.CD8.T.cells,WDR18,SH2D1A,ZC3H13,CD7,DUSP11,DNAJB1,C21orf59,USP36,TNFSF8,CGRRF1,XCL1,CHST5,AKAP3,ABCD2,GPR171,ZMYND11,CRTAM,NCK1,CD28,CD27,TPP2,SIT1,HMGN4,PARP11,ADAT1,IL2RB,PTPRCAP,CD48,TRAF3IP1,SEC24A,CD8B,LAG3,ELP3,HAUS3,HAO2,CXCR3,CDC14A,SLC6A7,CD96,VPS33A,RASA2,RGS1,TBCC,TMEM30B,PCDHA10,KLRG1,ALK,GIMAP6,NAA16,MMP11,S100B,HIST1H4F,HELZ,CD8A,CASP8,SMAP1,SGCD,DYNLT1,CTSW,ESR2,GNLY,INTS5,PDCD1,GIMAP4,LEPROTL1,PPWD1,STUB1,ADCYAP1R1,GZMK,DCTN6,CD3E,SYN2
neutrophils,HERC3,CEACAM3,PADI4,CAMKK2,UBXN2B,ZDHHC18,CEACAM8,TGM3,KSR1,BEST1,TTLL4,WWP2,CBL,LMTK2,MED13L,BMX,SLC19A1,FBXO38,TOX4,FCGR3B,USP15,MEFV,CA4,TMUB2,PAK2,DHX34,HRH4,CLEC4E,MAK,NRBF2,SLC25A44,LILRB2,CLC,UBE2B,FPR2,CASP5,FCAR,TMEM185B,HSPA6,TREML2,IP6K1,SPAG9,GPR27,AATK,RMND5A,UBN1,PTEN,APAF1,CSF2RB,BTNL8,CXCR2,NDEL1,NMI,TOP1,MMP25,P2RY13,TREM1,IL18RAP,LILRA2,WDFY3,BTN2A1,CXCR1,S100A12,GCC1,CIR1,ACAP2,NFYA,LILRA1,DDX3X,HBB,SDF2,UBE2D1,TECPR2,MTMR3,CSF3R,TRIM25,VNN3,ELL,TRPM6,PGLYRP1
regulatory.T.cells,STAM,ZCCHC8,CCR3,ATG2B,MCF2L2,IL10RA,KCNA2,ICOS,PLCL1,CTLA4,GALNT8,LAIR2,CD28,SIT1,ZMYM1,ZNF236,HS3ST3B1,CXCR6,CD5,IL2RA,TTN,RGS1,CCR4,GPR25,BANP,IKZF4,UBE4A,FOXP3,IPCEF1,MCM9,PPM1B,VPS54,LAX1,TULP4,ZFC3H1,CCR8,SPTAN1,LRP2BP,ITGB7