CD4+ memory T-cells,AAMP,ACTL6A,ADSL,AKT2,ANXA7,ARL2,ATF1,BTF3,CCNC,CD2,CD5,CD6,CD28,CDK9,CETN3,CCR4,COX7C,CSNK1A1,CSNK2A2,CTBP1,CTLA4,DAD1,DDX3X,DR1,GPR183,EIF4G2,ERH,ESD,FNTA,GABPA,GLUD1,HDAC1,HINT1,HMOX2,HNRNPH3,HNRNPU,DNAJB1,EIF3E,ITK,JAK3,KIF22,KTN1,LDHB,SH2D1A,SMAD2,MAGOH,NCL,NDUFS5,PFN1,PLP2,POLD2,PPID,PPP1CB,PPP1CC,PPP2R5D,PPP6C,PTPN11,RAD21,RANBP1,RBM3,RGS1,RPL4,RPL5,RPL8,RPL13,RPS3,RPS6,RPS19,SLAMF1,SOD1,SP3,SRP9,SURF2,THOP1,TPP2,TPT1,TSN,TSSC1,UBE2D2,UBE2D3,UBE2N,UQCRC2,CNBP,DAP3,FXR1,UXT,PKP4,API5,PRPF18,DENR,STK16,RUVBL1,SSNA1,PABPC4,SUCLG1,GALR2,DPM1,NAE1,EIF2B5,FUBP3,BUB3,WDR46,ATG5,PSMF1,BAG3,PREPL,TTC37,SAFB2,CEP57,MATR3,RANBP9,ARPC4,BCAS2,DNAJA2,MAEA,PPIH,PFDN6,HMGN4,EIF3M,ANP32B,TBL3,USP39,PTGES3,CLPX,PAPOLA,SUB1,DBF4,C11orf58,HNRNPA0,COPS5,CPSF6,NUPL2,PDCD10,CBX3,U2AF2,RRP1B,MRPS27,SMC5,METAP1,RPL13A,CD2AP,EID1,ATXN10,RPL36,AHCTF1,ZZZ3,PPA2,SERP1,MMADHC,PRPF19,MRPS18B,METTL5,ICOS,TRA2A,UBIAD1,GPR132,UBQLN2,GLOD4,FCF1,COPS4,RSL24D1,CDC40,EIF3L,RWDD1,TRMT112,CMPK1,ETAA1,GATAD2A,MRPL20,SMU1,IMP3,LIN7C,CDV3,CDKN2AIP,AMBRA1,OSGEP,INTS8,KBTBD4,EXOC2,PCID2,ZC3H15,UNC45A,NKRF,PCNP,THAP11,ZDHHC6,MRPL11,ACD,MRPL44,MRPS34,DDX50,SPAG16,CBLL1,RPF1,THOC7,GRPEL1,ISCA1,DOHH,C12orf29,ATPIF1
CD4+ naive T-cells,CD3E,CD6,CD7,CCR7,DSC1,JAK3,PLCL1,PLCG1,ZAP70,CABIN1,PLXDC1,GPSM3,ANKRD55,LIMD2,CHMP7,,,,,,,,,,,,,,,,,,,,,,,,,,,,,,,,,,,,,,,,,,,,,,,,,,,,,,,,,,,,,,,,,,,,,,,,,,,,,,,,,,,,,,,,,,,,,,,,,,,,,,,,,,,,,,,,,,,,,,,,,,,,,,,,,,,,,,,,,,,,,,,,,,,,,,,,,,,,,,,,,,,,,,,,,,,,,,,,,,,,,,,,,
CD4+ naive T-cells,APBB1,CD3E,CD6,CD7,CD27,TNFSF8,CCR7,DSC1,GRK6,GZMM,PRMT2,IDUA,INSL3,ITK,JAK3,NUMA1,PHF1,PLCL1,PLCG1,RXRB,SELPLG,ZAP70,ZNF76,CUBN,PIP4K2B,NCK2,CDK10,TNK1,ACAP1,TSPAN32,ARFRP1,SEP-01,MSL3,WDR6,MLXIP,LEPROTL1,CABIN1,SH2B1,IPCEF1,KLHL3,SIT1,TRAT1,CRLF3,RAPGEF6,FAM193B,SIRPG,PACS1,PLXDC1,RNPEPL1,CREBZF,GPSM3,ANKRD55,NDFIP1,LIMD2,OBSCN,CHMP7,,,,,,,,,,,,,,,,,,,,,,,,,,,,,,,,,,,,,,,,,,,,,,,,,,,,,,,,,,,,,,,,,,,,,,,,,,,,,,,,,,,,,,,,,,,,,,,,,,,,,,,,,,,,,,,,,,,,,,,,,,,,,,,,,,,,,,,,,,,,,,,,
CD8+ naive T-cells_HPCA_1,AMBN,CD8A,CD8B,CCR8,COX4I1,EEF1D,GPR15,HTR1B,SMCP,MYL1,NDUFA1,NDUFA4,NDUFS5,NKTR,OMG,PSG11,SKI,SON,TPP2,SHFM1,HIST1H3A,HIST1H4F,RNMT,BUD31,GPR52,ZNHIT3,RNF7,JOSD1,SLC17A4,BCAS2,RPP38,CGRRF1,RRH,SMR3B,JMJD6,RRP8,CA14,NGDN,C19orf53,SETD2,IL21R,MED31,SS18L2,LUZP4,CDK5RAP1,FXYD7,GDAP2,CCDC87,CWF19L1,DDX24,USP36,PCIF1,MS4A5,HAUS3,LIN28A,BTNL8,SLC35E1,MOGAT2,TNKS2,KIAA1109,GJB4,HIGD2A,,,,,,,,,,,,,,,,,,,,,,,,,,,,,,,,,,,,,,,,,,,,,,,,,,,,,,,,,,,,,,,,,,,,,,,,,,,,,,,,,,,,,,,,,,,,,,,,,,,,,,,,,,,,,,,,,,,,,,,,,,,,,,,,,,,,,,,,,,
CD8+ naive T-cells_HPCA_2,CD8A,CD8B,EEF1D,GPR15,MYL1,NDUFA4,NDUFS5,PSG11,SKI,SON,HIST1H3A,BUD31,GPR52,ZNHIT3,CGRRF1,RRP8,NGDN,C19orf53,SETD2,MED31,SS18L2,CDK5RAP1,DDX24,PCIF1,MS4A5,HAUS3,LIN28A,TNKS2,,,,,,,,,,,,,,,,,,,,,,,,,,,,,,,,,,,,,,,,,,,,,,,,,,,,,,,,,,,,,,,,,,,,,,,,,,,,,,,,,,,,,,,,,,,,,,,,,,,,,,,,,,,,,,,,,,,,,,,,,,,,,,,,,,,,,,,,,,,,,,,,,,,,,,,,,,,,,,,,,,,,,,,,,,,,
CD8+ naive T-cells_HPCA_3,CD8A,CD8B,EEF1D,GPR15,KRT1,MYL1,NDUFA4,NDUFS5,PSG11,RFX2,SKI,HIST1H3A,CILP,GPR52,SLC17A4,JMJD6,CA14,NGDN,C19orf53,SETD2,IL21R,MED31,FXYD7,DDX24,MS4A5,HAUS3,LIN28A,TNKS2,GJB4,,,,,,,,,,,,,,,,,,,,,,,,,,,,,,,,,,,,,,,,,,,,,,,,,,,,,,,,,,,,,,,,,,,,,,,,,,,,,,,,,,,,,,,,,,,,,,,,,,,,,,,,,,,,,,,,,,,,,,,,,,,,,,,,,,,,,,,,,,,,,,,,,,,,,,,,,,,,,,,,,,,,,,,,,,,
Endothelial cells_BLUEPRINT_1,ACVRL1,TIE1,VWF,HYAL2,ARHGEF15,ROBO4,MMRN2,FAM124B,,,,,,,,,,,,,,,,,,,,,,,,,,,,,,,,,,,,,,,,,,,,,,,,,,,,,,,,,,,,,,,,,,,,,,,,,,,,,,,,,,,,,,,,,,,,,,,,,,,,,,,,,,,,,,,,,,,,,,,,,,,,,,,,,,,,,,,,,,,,,,,,,,,,,,,,,,,,,,,,,,,,,,,,,,,,,,,,,,,,,,,,,,,,,,,,
Endothelial cells_ENCODE_1,ACVRL1,ANGPT2,ANXA2,RHOC,BMX,PTTG1IP,CAV1,CLTA,DAD1,ERG,FOXC2,GPR4,KDR,MYL6,PIK3C2A,PLS3,PSMD10,RALA,MAPK12,SLC16A1,TEK,TIE1,CLDN5,VWF,HYAL2,FEZ2,ACTR1A,TXNDC9,PCGF3,COPS6,PWP1,FAM107A,ECD,ARHGEF15,MMRN1,CD93,TTLL5,MTCH1,CLEC1A,PCDH12,EMCN,SOX18,ROBO4,RASIP1,LRRC59,MRPL17,CXorf36,MMRN2,MYCT1,PLVAP,KANK3,,,,,,,,,,,,,,,,,,,,,,,,,,,,,,,,,,,,,,,,,,,,,,,,,,,,,,,,,,,,,,,,,,,,,,,,,,,,,,,,,,,,,,,,,,,,,,,,,,,,,,,,,,,,,,,,,,,,,,,,,,,,,,,,,,,,,,,,,,,,,,,,,,,,,
Endothelial cells_FANTOM_1,ACVRL1,ANGPT2,KDR,TIE1,HYAL2,ARHGEF15,EMCN,ROBO4,MMRN2,MYCT1,,,,,,,,,,,,,,,,,,,,,,,,,,,,,,,,,,,,,,,,,,,,,,,,,,,,,,,,,,,,,,,,,,,,,,,,,,,,,,,,,,,,,,,,,,,,,,,,,,,,,,,,,,,,,,,,,,,,,,,,,,,,,,,,,,,,,,,,,,,,,,,,,,,,,,,,,,,,,,,,,,,,,,,,,,,,,,,,,,,,,,,,,,,,,,
Endothelial cells_HPCA_1,ANGPT2,BMX,KDR,TIE1,CLDN5,VWF,MMRN1,CD93,STAB1,EMCN,ROBO4,GIMAP4,,,,,,,,,,,,,,,,,,,,,,,,,,,,,,,,,,,,,,,,,,,,,,,,,,,,,,,,,,,,,,,,,,,,,,,,,,,,,,,,,,,,,,,,,,,,,,,,,,,,,,,,,,,,,,,,,,,,,,,,,,,,,,,,,,,,,,,,,,,,,,,,,,,,,,,,,,,,,,,,,,,,,,,,,,,,,,,,,,,,,,,,,,,,
Endothelial cells_HPCA_2,ANGPT2,BMX,FLT4,KDR,TIE1,VWF,SEMA6B,MMRN1,,,,,,,,,,,,,,,,,,,,,,,,,,,,,,,,,,,,,,,,,,,,,,,,,,,,,,,,,,,,,,,,,,,,,,,,,,,,,,,,,,,,,,,,,,,,,,,,,,,,,,,,,,,,,,,,,,,,,,,,,,,,,,,,,,,,,,,,,,,,,,,,,,,,,,,,,,,,,,,,,,,,,,,,,,,,,,,,,,,,,,,,,,,,,,,,
Endothelial cells_HPCA_3,ACVRL1,CDC27,AP2S1,ERCC1,FBL,FDPS,FOXC2,FLT4,GJA4,GPR4,HTR1B,LYL1,NOTCH4,NOVA2,PNP,PPP2R2A,PSMC5,RALA,RELA,RPS14,MAPK12,TIE1,CLDN5,VWF,CLPP,SCARF1,HYAL2,EIF2B2,MTMR2,BCL10,TNFSF18,BUB3,TAOK2,DLGAP5,ACTR1A,LYPLA1,STK25,SEMA6C,SEMA6B,PTTG2,WDR4,LYVE1,STRAP,TUSC2,ARHGEF15,CD93,TTLL5,N4BP3,STAB1,EDC4,PRKD2,PRPF19,GIT1,CLEC1A,ROBO4,TMEM39B,CEP55,NPLOC4,CISD1,METTL3,TUT1,SPATS2,FAM65A,MMRN2,FAM124B,MYCT1,MTG1,KANK3,GIMAP6,,,,,,,,,,,,,,,,,,,,,,,,,,,,,,,,,,,,,,,,,,,,,,,,,,,,,,,,,,,,,,,,,,,,,,,,,,,,,,,,,,,,,,,,,,,,,,,,,,,,,,,,,,,,,,,,,,,,,,,,,,,,,,,,,,,
Fibroblasts_ENCODE_1,ADH5,ARF4,ARL1,ASPA,ATP2A2,BAD,BMPR1A,CACNA1C,AP2M1,CSNK1A1,CSNK1G3,DCTD,DPT,ECT2,ELN,ETF1,FKTN,FGF7,GARS,GOLGA4,GRIA1,GRIA3,HIF1A,HLCS,HTR2A,HTR2B,ITIH3,IPO5,KRT19,LGALS1,SMAD5,MARS,MYH1,MYH2,02-ספט,NFATC4,OCRL,PPIB,PRKG1,PTGIR,RAD23B,RCN2,PRPH2,RYK,ATXN2,SGCD,SGCG,SHMT2,SIM1,SNTB2,TBX5,CLEC3B,TPD52L2,TSPYL1,SLC35A2,VCL,WNT2,ZFPL1,B4GALT2,MPZL1,ZMYM4,ZFYVE9,GGPS1,SCAMP1,BAG2,PRDX6,RNF14,SCRN1,RNF41,TFG,YAP1,SPTLC1,CORIN,FRS2,SPIN1,TMED10,KDELR2,DSTN,EMILIN1,MAP4K5,XPOT,RRAS2,RAB11FIP2,RAB3GAP1,TRIM32,GANAB,DNAJC13,ICMT,LMOD1,MYOF,TBL2,SEC22A,NPTN,HSPB7,SEC61A1,TNFRSF12A,NGRN,MBTPS2,AMOTL2,GPR85,TMED9,ASPN,ST7L,SLC35A5,KIF26B,GPATCH2,IMPACT,POMGNT1,CAND1,ACTR10,SAR1A,THAP10,CCDC90B,MAGEF1,ACBD3,C7orf25,AHNAK,FTO,ZC3H14,PODNL1,TCEAL4,SVEP1,TTC26,SLC25A32,ADAMTS12,TM2D1,ANKRD40,MYL12B,LRRC42,HSPB6,10-ספט,TOR1AIP2,TXLNA,RNASEH1,DPY19L4,SNX19,,,,,,,,,,,,,,,,,,,,,,,,,,,,,,,,,,,,,,,,,,,,,,,,,,,,,,,,,,,,,,,,
Macrophages M2_BLUEPRINT_1,ACP2,ADCY3,ABCD1,ALK,ARSB,ATP2A2,ATP6V1C1,ATP6V0A1,TSPO,CAMP,CANX,CD63,CD81,CLCN7,TPP1,SLC31A1,FDX1,FGR,FTL,GLB1,HADHB,NCKAP1L,HEXA,HEXB,HPS1,IFNAR1,ITGAX,KCNJ5,LAIR1,LAMP1,MSR1,MYO9B,P2RX7,SDCBP,SNX1,SNX2,STX4,MARCO,CDS2,PABPC4,ATP6V0D1,PICK1,ARHGEF11,HS3ST2,PDCD6IP,SCAMP2,COL4A3BP,HSPH1,OS9,SDS,LILRB4,VSIG4,GABARAP,TFEC,WDFY3,TBC1D9B,ZC3H3,CYFIP1,PLEKHM2,FKBP15,SMG5,UNC50,GGA1,SNX5,SLC39A1,ADAMDEC1,COMMD9,SLC25A24,SPG21,MS4A4A,ANKFY1,BTBD1,STX18,RIN2,PQLC2,TMEM70,ACSM5,AGGF1,SLC38A7,VPS53,NOP10,IARS2,CCDC88A,VPS35,TMEM184C,EXOC1,SLAMF8,C16orf62,POGK,HAMP,DNASE2B,MTMR14,GORASP1,C10orf76,LONRF3,UBXN6,,,,,,,,,,,,,,,,,,,,,,,,,,,,,,,,,,,,,,,,,,,,,,,,,,,,,,,,,,,,,,,,,,,,,,,,,,,,,,,,,,,,,,,,,,,,,,,,,,,,,,,,
Memory B-cells_BLUEPRINT_1,ACRV1,ADCY2,AQP8,ART1,TNFRSF17,BLK,C4BPA,S100G,CASQ2,CD1C,CD19,MS4A1,CD22,SIGLEC6,CD37,CD72,CD79A,CD79B,CETP,CHRM2,CHRNA2,CCR6,CNR2,COX6A2,CPA2,CPB1,CSN1S1,NCAN,CYLC2,CYP2A7,CYP2C19,DCC,DPP6,DSP,FMO1,FSHR,GABRA4,GAD2,GK2,GNAT2,GNRHR,GPX5,GRIN2B,GRM6,HCRTR2,HLA-DPB1,HSD3B2,HTN3,INHBC,KCNA5,KCNJ10,KIF5A,KRT2,LECT2,CD180,MBL2,MC4R,MEFV,MEP1B,MAP3K9,NPY5R,NTRK3,OTC,PAX5,SERPINA4,PLIN1,PNOC,PNLIPRP1,POU4F2,PRKCB,PTH1R,PRPH2,SELP,SLC12A3,SLC17A1,SLN,SPIB,SYN2,SYPL1,TSHB,WNT2,ZIC3,NPHS2,UNC5C,ADAM20,PROZ,BAIAP3,KALRN,KRT75,CER1,TMPRSS11D,LY86,KIAA0125,AP1M2,SSX3,GLYAT,DSCR4,COLEC10,RRH,CCR9,CD3EAP,ADAM30,SP140,GGA2,HECW1,CRB1,TNFRSF13B,CHST5,AIPL1,SLC24A2,STAP1,CLDN17,TSPAN13,VPREB3,FSCN3,TAS2R14,WNT16,SLCO1C1,DDX4,ULK4,QRSL1,GPRC5D,SLC30A10,SLC17A7,PGLYRP4,VN1R1,HRH4,SLC5A7,CHP2,MS4A5,ZNF747,FCRL2,RIC3,TCTN2,TRPM3,MOGAT2,ADAMTS12,OBSCN,MYOZ3,ZNF548,KHDRBS2,SHISA6,FMO6P,ANKRD34C,,,,,,,,,,,,,,,,,,,,,,,,,,,,,,,,,,,,,,,,,,,,,,,,,,,,,,,,
Monocytes_FANTOM_1,AIF1,APAF1,RHOA,RHOG,ARNT,ASGR2,C3AR1,CASP5,TNFRSF8,CD33,CSF1R,CSF3R,CYBB,FCAR,FCN1,FPR2,HCK,HK3,HRH2,HSPA6,KCNMB1,MEFV,MAP3K3,MNDA,MYO1F,CFP,PHKG2,PTGIR,RARA,S100A12,TYROBP,UBE2D1,UPK3A,VASP,BEST1,LST1,NUP214,IQGAP1,ATP6V0D1,CD163,CD101,EIF4E2,CALCOCO2,LILRB2,TGOLN2,CAMKK2,LILRB1,CD300C,FGL2,LILRA1,LILRB3,LILRA2,TREX1,GABARAP,RPH3A,ACAP2,CLEC5A,IL17RA,FBXL5,CLEC4E,VENTX,COMMD9,PILRA,METTL9,TLR7,TLR8,P2RY13,TREM1,RIN2,RHOT1,TMEM127,TMEM9B,RETN,RPGRIP1,DENND1A,DPEP2,MS4A6A,OSBPL11,LILRA5,CCR2,,,,,,,,,,,,,,,,,,,,,,,,,,,,,,,,,,,,,,,,,,,,,,,,,,,,,,,,,,,,,,,,,,,,,,,,,,,,,,,,,,,,,,,,,,,,,,,,,,,,,,,,,,,,,,,,,,,,,,,,
naive B-cells_BLUEPRINT_1,BLK,CXCR5,CD19,MS4A1,CD72,SPIB,TCL1A,FCRL2,,,,,,,,,,,,,,,,,,,,,,,,,,,,,,,,,,,,,,,,,,,,,,,,,,,,,,,,,,,,,,,,,,,,,,,,,,,,,,,,,,,,,,,,,,,,,,,,,,,,,,,,,,,,,,,,,,,,,,,,,,,,,,,,,,,,,,,,,,,,,,,,,,,,,,,,,,,,,,,,,,,,,,,,,,,,,,,,,,,,,,,,,,,,,,,,
naive B-cells_HPCA_1,BLK,CD19,MS4A1,CD22,CD37,CD72,CD79A,CSNK1G3,DSP,FCER2,GMFB,PNOC,SNX2,GCM1,AP3B1,MBD4,STAG3,PRDM4,PWP1,RRAS2,GGA2,SIPA1L3,STAP1,P2RY10,DEF8,MFN1,FCRL2,EGOT,,,,,,,,,,,,,,,,,,,,,,,,,,,,,,,,,,,,,,,,,,,,,,,,,,,,,,,,,,,,,,,,,,,,,,,,,,,,,,,,,,,,,,,,,,,,,,,,,,,,,,,,,,,,,,,,,,,,,,,,,,,,,,,,,,,,,,,,,,,,,,,,,,,,,,,,,,,,,,,,,,,,,,,,,,,,
naive B-cells_NOVERSHTERN_1,CXCR5,BMP3,CACNA1F,CAPN3,CD19,MS4A1,CD22,CD72,COL19A1,CSNK1G3,DAZL,DSP,FCER2,GNG3,GPR18,MATN1,MAP3K9,MMP17,MYBPC2,PAX5,PHKG1,PYGM,ZNF154,PRDM2,USP7,TCL1A,SYN3,ADAM20,USP6,AKAP6,TCL1B,BCL2L10,FRS2,PRDM4,RRAS2,GGA2,SIPA1L3,TCL6,TSPAN13,P2RY10,MYO3A,SDK2,WDR74,UBE2O,RBM15,SMC6,KHDRBS2,,,,,,,,,,,,,,,,,,,,,,,,,,,,,,,,,,,,,,,,,,,,,,,,,,,,,,,,,,,,,,,,,,,,,,,,,,,,,,,,,,,,,,,,,,,,,,,,,,,,,,,,,,,,,,,,,,,,,,,,,,,,,,,,,,,,,,,,,,,,,,,,,,,,,,,,,
naive B-cells_NOVERSHTERN_2,CXCR5,BMP3,CACNA1F,CAPN3,CD19,MS4A1,CD22,CD72,COL19A1,CSNK1G3,DAZL,FCER2,GNG3,MAP3K9,MMP17,MYBPC2,PAX5,PHKG1,PRDM2,USP7,TCL1A,SYN3,ADAM20,USP6,AKAP6,TCL1B,FRS2,PRDM4,RRAS2,GGA2,SIPA1L3,TCL6,TSPAN13,P2RY10,WDR74,UBE2O,SMC6,KHDRBS2,,,,,,,,,,,,,,,,,,,,,,,,,,,,,,,,,,,,,,,,,,,,,,,,,,,,,,,,,,,,,,,,,,,,,,,,,,,,,,,,,,,,,,,,,,,,,,,,,,,,,,,,,,,,,,,,,,,,,,,,,,,,,,,,,,,,,,,,,,,,,,,,,,,,,,,,,,,,,,,,,,
naive B-cells_NOVERSHTERN_3,RERE,CXCR5,BMP3,CACNA1F,CAPN3,CD1A,CD19,MS4A1,CD22,CD72,COL19A1,CSNK1G3,DAZL,DSP,FCER2,GH1,GNG3,HLA-DOA,LY9,MATN1,CIITA,MAP3K9,MMP17,MYBPC2,PAX5,PGAM2,PHKG1,POU2F1,PRKCB,PYGM,RB1,TRA2B,ZNF154,SLC30A4,PRDM2,USP7,CUBN,TCL1A,SYN3,CDK13,PTCH2,ADAM20,USP6,AKAP6,TCL1B,TBC1D5,BCL2L11,STAG3,FRS2,PRDM4,RRAS2,GGA2,SIPA1L3,N4BP3,TCL6,TSPAN13,P2RY10,SNTG2,SDK2,WDR74,UBE2O,NOC3L,RBM15,FCRL2,SMC6,TRAPPC9,PIKFYVE,KHDRBS2,,,,,,,,,,,,,,,,,,,,,,,,,,,,,,,,,,,,,,,,,,,,,,,,,,,,,,,,,,,,,,,,,,,,,,,,,,,,,,,,,,,,,,,,,,,,,,,,,,,,,,,,,,,,,,,,,,,,,,,,,,,,,,,,,,,,
Neutrophils_BLUEPRINT_1,CA4,CEACAM3,FCGR3B,CXCR1,CXCR2,PGLYRP1,MMP25,ZDHHC18,TRPM6,,,,,,,,,,,,,,,,,,,,,,,,,,,,,,,,,,,,,,,,,,,,,,,,,,,,,,,,,,,,,,,,,,,,,,,,,,,,,,,,,,,,,,,,,,,,,,,,,,,,,,,,,,,,,,,,,,,,,,,,,,,,,,,,,,,,,,,,,,,,,,,,,,,,,,,,,,,,,,,,,,,,,,,,,,,,,,,,,,,,,,,,,,,,,,,
Neutrophils_FANTOM_1,APAF1,CBL,CEACAM3,CSF2RB,DDX3X,FCAR,FCGR3B,FPR2,CXCR2,NFYA,PAK2,PTEN,SLC19A1,UBE2B,BEST1,ELL,MTMR3,HERC3,PGLYRP1,SLC25A44,DHX34,TOX4,TECPR2,WWP2,LMTK2,WDFY3,MED13L,ACAP2,CLEC4E,UBN1,NRBF2,TREM1,HRH4,RMND5A,TMUB2,TMEM185B,GCC1,TREML2,BTNL8,NDEL1,ZDHHC18,UBXN2B,,,,,,,,,,,,,,,,,,,,,,,,,,,,,,,,,,,,,,,,,,,,,,,,,,,,,,,,,,,,,,,,,,,,,,,,,,,,,,,,,,,,,,,,,,,,,,,,,,,,,,,,,,,,,,,,,,,,,,,,,,,,,,,,,,,,,,,,,,,,,,,,,,,,,,,,,,,,,,
Neutrophils_FANTOM_2,APAF1,CA4,CASP5,CBL,CEACAM3,CEACAM8,CSF2RB,DDX3X,FCAR,FCGR3B,FPR2,CXCR2,MAK,NFYA,PTEN,SDF2,SLC19A1,TGM3,TOP1,UBE2B,UBE2D1,BEST1,TRIM25,ELL,KSR1,MTMR3,HERC3,PGLYRP1,SPAG9,NMI,CIR1,TTLL4,SLC25A44,DHX34,IP6K1,TOX4,TECPR2,USP15,CAMKK2,LILRA1,WWP2,BTN2A1,LMTK2,WDFY3,MED13L,ACAP2,PADI4,CLEC4E,UBN1,NRBF2,TREM1,HRH4,TMUB2,GCC1,TREML2,BTNL8,FBXO38,NDEL1,ZDHHC18,UBXN2B,,,,,,,,,,,,,,,,,,,,,,,,,,,,,,,,,,,,,,,,,,,,,,,,,,,,,,,,,,,,,,,,,,,,,,,,,,,,,,,,,,,,,,,,,,,,,,,,,,,,,,,,,,,,,,,,,,,,,,,,,,,,,,,,,,,,,,,,,,,,
Neutrophils_FANTOM_3,APAF1,CBL,CEACAM3,CSF2RB,DDX3X,FCGR3B,FPR2,CXCR2,NFYA,PTEN,SLC19A1,UBE2B,BEST1,ELL,MTMR3,HERC3,PGLYRP1,DHX34,TECPR2,WWP2,LMTK2,WDFY3,MED13L,ACAP2,CLEC4E,UBN1,NRBF2,TREM1,HRH4,TMUB2,GCC1,TREML2,BTNL8,NDEL1,ZDHHC18,UBXN2B,,,,,,,,,,,,,,,,,,,,,,,,,,,,,,,,,,,,,,,,,,,,,,,,,,,,,,,,,,,,,,,,,,,,,,,,,,,,,,,,,,,,,,,,,,,,,,,,,,,,,,,,,,,,,,,,,,,,,,,,,,,,,,,,,,,,,,,,,,,,,,,,,,,,,,,,,,,,,,,,,,,,
Neutrophils_HPCA_3,CLC,CSF3R,FCGR3B,FPR2,HBB,HSPA6,CXCR2,S100A12,LILRB2,LILRA2,P2RY13,TREM1,,,,,,,,,,,,,,,,,,,,,,,,,,,,,,,,,,,,,,,,,,,,,,,,,,,,,,,,,,,,,,,,,,,,,,,,,,,,,,,,,,,,,,,,,,,,,,,,,,,,,,,,,,,,,,,,,,,,,,,,,,,,,,,,,,,,,,,,,,,,,,,,,,,,,,,,,,,,,,,,,,,,,,,,,,,,,,,,,,,,,,,,,,,,
Neutrophils_IRIS_1,CEACAM3,FCGR3B,CXCR1,CXCR2,MEFV,VNN3,MMP25,BTNL8,,,,,,,,,,,,,,,,,,,,,,,,,,,,,,,,,,,,,,,,,,,,,,,,,,,,,,,,,,,,,,,,,,,,,,,,,,,,,,,,,,,,,,,,,,,,,,,,,,,,,,,,,,,,,,,,,,,,,,,,,,,,,,,,,,,,,,,,,,,,,,,,,,,,,,,,,,,,,,,,,,,,,,,,,,,,,,,,,,,,,,,,,,,,,,,,
Neutrophils_IRIS_3,BMX,CA4,CEACAM3,FCGR3B,FPR2,GPR27,CXCR1,CXCR2,MEFV,IL18RAP,AATK,P2RY13,TREM1,VNN3,MMP25,BTNL8,TRPM6,,,,,,,,,,,,,,,,,,,,,,,,,,,,,,,,,,,,,,,,,,,,,,,,,,,,,,,,,,,,,,,,,,,,,,,,,,,,,,,,,,,,,,,,,,,,,,,,,,,,,,,,,,,,,,,,,,,,,,,,,,,,,,,,,,,,,,,,,,,,,,,,,,,,,,,,,,,,,,,,,,,,,,,,,,,,,,,,,,,,,,,
NK cells_BLUEPRINT_1,FASLG,KLRD1,PTGDR,PTPN4,XCL1,TKTL1,IL18RAP,NCR1,ZMYND11,SACM1L,CD244,AGK,DNAJB14,,,,,,,,,,,,,,,,,,,,,,,,,,,,,,,,,,,,,,,,,,,,,,,,,,,,,,,,,,,,,,,,,,,,,,,,,,,,,,,,,,,,,,,,,,,,,,,,,,,,,,,,,,,,,,,,,,,,,,,,,,,,,,,,,,,,,,,,,,,,,,,,,,,,,,,,,,,,,,,,,,,,,,,,,,,,,,,,,,,,,,,,,,,
NK cells_FANTOM_1,FASLG,CD247,CX3CR1,GRIK4,GZMB,IL2RB,LIM2,PRF1,PTGDR,TKTL1,NCR1,NMUR1,GNLY,CD160,TBX21,,,,,,,,,,,,,,,,,,,,,,,,,,,,,,,,,,,,,,,,,,,,,,,,,,,,,,,,,,,,,,,,,,,,,,,,,,,,,,,,,,,,,,,,,,,,,,,,,,,,,,,,,,,,,,,,,,,,,,,,,,,,,,,,,,,,,,,,,,,,,,,,,,,,,,,,,,,,,,,,,,,,,,,,,,,,,,,,,,,,,,,,,
NK cells_HPCA_1,BAD,CD247,07-ספט,CHRNE,DR1,GIPR,GOLGA4,GZMH,GZMB,GZMM,HNRNPL,IFNG,LAG3,MGAT2,MLH1,NEK1,NFE2L2,NKG7,PPP2CA,PRF1,PRKAG1,PTGDR,XCL1,SON,SUPV3L1,TBCC,PRDM2,HIST1H3A,NCR1,PRDX6,YAF2,KLRG1,SF3B4,NMUR1,GNA13,GPATCH8,DNAJC2,ASTE1,ANKRD11,TBX21,AMZ2,THAP1,UBE2Q1,CDKN2AIP,RBM25,DNAJB14,OSBPL7,TSTD2,HIPK1,NCR3,C1orf174,,,,,,,,,,,,,,,,,,,,,,,,,,,,,,,,,,,,,,,,,,,,,,,,,,,,,,,,,,,,,,,,,,,,,,,,,,,,,,,,,,,,,,,,,,,,,,,,,,,,,,,,,,,,,,,,,,,,,,,,,,,,,,,,,,,,,,,,,,,,,,,,,,,,,
NK cells_IRIS_1,FASLG,KLRD1,PTGDR,PTPN4,XCL1,TKTL1,IL18RAP,NCR1,ZMYND11,SACM1L,CD244,AGK,DNAJB14,,,,,,,,,,,,,,,,,,,,,,,,,,,,,,,,,,,,,,,,,,,,,,,,,,,,,,,,,,,,,,,,,,,,,,,,,,,,,,,,,,,,,,,,,,,,,,,,,,,,,,,,,,,,,,,,,,,,,,,,,,,,,,,,,,,,,,,,,,,,,,,,,,,,,,,,,,,,,,,,,,,,,,,,,,,,,,,,,,,,,,,,,,,
Tregs_BLUEPRINT_1,CCR3,CTLA4,IL2RA,PLCL1,PPM1B,TTN,ZNF236,STAM,UBE4A,CXCR6,IPCEF1,ICOS,VPS54,LAX1,BANP,ATG2B,ZCCHC8,TULP4,IKZF4,ZMYM1,ZFC3H1,MCM9,,,,,,,,,,,,,,,,,,,,,,,,,,,,,,,,,,,,,,,,,,,,,,,,,,,,,,,,,,,,,,,,,,,,,,,,,,,,,,,,,,,,,,,,,,,,,,,,,,,,,,,,,,,,,,,,,,,,,,,,,,,,,,,,,,,,,,,,,,,,,,,,,,,,,,,,,,,,,,,,,,,,,,,,,,,,,,,,,,
Tregs_BLUEPRINT_3,CTLA4,IL2RA,PLCL1,PPM1B,ZNF236,STAM,IPCEF1,ICOS,VPS54,BANP,ATG2B,ZCCHC8,TULP4,IKZF4,ZFC3H1,,,,,,,,,,,,,,,,,,,,,,,,,,,,,,,,,,,,,,,,,,,,,,,,,,,,,,,,,,,,,,,,,,,,,,,,,,,,,,,,,,,,,,,,,,,,,,,,,,,,,,,,,,,,,,,,,,,,,,,,,,,,,,,,,,,,,,,,,,,,,,,,,,,,,,,,,,,,,,,,,,,,,,,,,,,,,,,,,,,,,,,,,
Tregs_FANTOM_1,CTLA4,IL2RA,PLCL1,ZNF236,STAM,IPCEF1,ICOS,BANP,IKZF4,,,,,,,,,,,,,,,,,,,,,,,,,,,,,,,,,,,,,,,,,,,,,,,,,,,,,,,,,,,,,,,,,,,,,,,,,,,,,,,,,,,,,,,,,,,,,,,,,,,,,,,,,,,,,,,,,,,,,,,,,,,,,,,,,,,,,,,,,,,,,,,,,,,,,,,,,,,,,,,,,,,,,,,,,,,,,,,,,,,,,,,,,,,,,,,
Tregs_FANTOM_3,CD5,CD28,CCR4,CCR8,CTLA4,GPR25,IL2RA,IL10RA,ITGB7,KCNA2,PLCL1,RGS1,SPTAN1,HS3ST3B1,MCF2L2,GALNT8,SIT1,ICOS,FOXP3,LRP2BP,TULP4,,,,,,,,,,,,,,,,,,,,,,,,,,,,,,,,,,,,,,,,,,,,,,,,,,,,,,,,,,,,,,,,,,,,,,,,,,,,,,,,,,,,,,,,,,,,,,,,,,,,,,,,,,,,,,,,,,,,,,,,,,,,,,,,,,,,,,,,,,,,,,,,,,,,,,,,,,,,,,,,,,,,,,,,,,,,,,,,,,,
Tregs_HPCA_1,CCR4,CCR8,CTLA4,GPR25,IL2RA,KCNA2,LAIR2,RGS1,HS3ST3B1,MCF2L2,ICOS,FOXP3,,,,,,,,,,,,,,,,,,,,,,,,,,,,,,,,,,,,,,,,,,,,,,,,,,,,,,,,,,,,,,,,,,,,,,,,,,,,,,,,,,,,,,,,,,,,,,,,,,,,,,,,,,,,,,,,,,,,,,,,,,,,,,,,,,,,,,,,,,,,,,,,,,,,,,,,,,,,,,,,,,,,,,,,,,,,,,,,,,,,,,,,,,,,
CD8+ Tcm_BLUEPRINT_1,CASP8,CD27,TNFSF8,GZMK,NCK1,GPR171,CRTAM,PARP11,TMEM30B,,,,,,,,,,,,,,,,,,,,,,,,,,,,,,,,,,,,,,,,,,,,,,,,,,,,,,,,,,,,,,,,,,,,,,,,,,,,,,,,,,,,,,,,,,,,,,,,,,,,,,,,,,,,,,,,,,,,,,,,,,,,,,,,,,,,,,,,,,,,,,,,,,,,,,,,,,,,,,,,,,,,,,,,,,,,,,,,,,,,,,,,,,,,,,,
CD8+ Tcm_BLUEPRINT_2,ADCYAP1R1,ABCD2,ALK,CASP8,CD8A,CD8B,CD27,CD28,TNFSF8,CD48,ESR2,CXCR3,GZMK,LAG3,SH2D1A,MMP11,NCK1,SLC6A7,SYN2,TPP2,DUSP11,HELZ,CD96,ZMYND11,SEC24A,ZC3H13,LEPROTL1,ADAT1,CHST5,SIT1,GPR171,HAO2,GIMAP4,PCDHA10,CRTAM,PARP11,SMAP1,VPS33A,TMEM30B,GIMAP6,,,,,,,,,,,,,,,,,,,,,,,,,,,,,,,,,,,,,,,,,,,,,,,,,,,,,,,,,,,,,,,,,,,,,,,,,,,,,,,,,,,,,,,,,,,,,,,,,,,,,,,,,,,,,,,,,,,,,,,,,,,,,,,,,,,,,,,,,,,,,,,,,,,,,,,,,,,,,,,,
CD8+ Tcm_HPCA_1,CASP8,CD8A,CD8B,CD27,GZMK,DNAJB1,LAG3,SH2D1A,RASA2,RGS1,DYNLT1,TPP2,CDC14A,CGRRF1,DCTN6,PPWD1,ADAT1,CRTAM,PARP11,USP36,HAUS3,NAA16,TMEM30B,,,,,,,,,,,,,,,,,,,,,,,,,,,,,,,,,,,,,,,,,,,,,,,,,,,,,,,,,,,,,,,,,,,,,,,,,,,,,,,,,,,,,,,,,,,,,,,,,,,,,,,,,,,,,,,,,,,,,,,,,,,,,,,,,,,,,,,,,,,,,,,,,,,,,,,,,,,,,,,,,,,,,,,,,,,,,,,,,
CD8+ Tcm_HPCA_2,CD8A,CD8B,CTSW,GZMK,IL2RB,SH2D1A,GPR171,CRTAM,USP36,TMEM30B,,,,,,,,,,,,,,,,,,,,,,,,,,,,,,,,,,,,,,,,,,,,,,,,,,,,,,,,,,,,,,,,,,,,,,,,,,,,,,,,,,,,,,,,,,,,,,,,,,,,,,,,,,,,,,,,,,,,,,,,,,,,,,,,,,,,,,,,,,,,,,,,,,,,,,,,,,,,,,,,,,,,,,,,,,,,,,,,,,,,,,,,,,,,,,
CD8+ Tcm_NOVERSHTERN_1,ABCD2,CD3E,CD7,CD8A,CD8B,CXCR3,GZMK,LAG3,SH2D1A,PDCD1,PTPRCAP,S100B,XCL1,SGCD,TBCC,HIST1H4F,KLRG1,STUB1,HMGN4,AKAP3,GNLY,TRAF3IP1,GPR171,ELP3,GIMAP4,CRTAM,C21orf59,WDR18,INTS5,GIMAP6,,,,,,,,,,,,,,,,,,,,,,,,,,,,,,,,,,,,,,,,,,,,,,,,,,,,,,,,,,,,,,,,,,,,,,,,,,,,,,,,,,,,,,,,,,,,,,,,,,,,,,,,,,,,,,,,,,,,,,,,,,,,,,,,,,,,,,,,,,,,,,,,,,,,,,,,,,,,,,,,,,,,,,,,,,
CD8+ Tcm_NOVERSHTERN_2,ABCD2,CD3E,CD7,CD8A,CD8B,CXCR3,GZMK,LAG3,SH2D1A,PDCD1,PTPRCAP,S100B,XCL1,SGCD,HIST1H4F,KLRG1,STUB1,AKAP3,GNLY,TRAF3IP1,GPR171,ELP3,CRTAM,INTS5,,,,,,,,,,,,,,,,,,,,,,,,,,,,,,,,,,,,,,,,,,,,,,,,,,,,,,,,,,,,,,,,,,,,,,,,,,,,,,,,,,,,,,,,,,,,,,,,,,,,,,,,,,,,,,,,,,,,,,,,,,,,,,,,,,,,,,,,,,,,,,,,,,,,,,,,,,,,,,,,,,,,,,,,,,,,,,,,
CD8+ Tem_BLUEPRINT_1,DHX8,GZMH,GZMK,LAG3,ZAP70,COLQ,RGS9,CXCR6,PVRIG,PYHIN1,,,,,,,,,,,,,,,,,,,,,,,,,,,,,,,,,,,,,,,,,,,,,,,,,,,,,,,,,,,,,,,,,,,,,,,,,,,,,,,,,,,,,,,,,,,,,,,,,,,,,,,,,,,,,,,,,,,,,,,,,,,,,,,,,,,,,,,,,,,,,,,,,,,,,,,,,,,,,,,,,,,,,,,,,,,,,,,,,,,,,,,,,,,,,,
CD8+ Tem_BLUEPRINT_2,ABCF1,ACADVL,RHOG,SLC25A20,CAPZB,CD2,CD3D,CD3G,CD7,CD8A,CD8B,CCR5,COPB1,CTSW,CX3CR1,DAXX,DHX8,DIAPH1,DMWD,DYNC1H1,EMD,GOLGA1,GTF3C1,GYG1,GZMH,GZMA,GZMK,GZMM,HMOX2,DNAJB1,IDH3B,IFNG,IL10RA,ITGAL,KLRB1,KLRD1,LAG3,LAIR2,MARK3,MT2A,MYO1F,NDUFB1,NDUFB2,NDUFS6,NKG7,PABPC3,PCNT,PHKG2,PPP2R5C,PSMC5,PSME1,PTGDR,PTPN4,PTPRA,PZP,RGS1,RPN2,CCL4,SLAMF1,SNTB2,SSR2,STX4,TAF10,DYNLT1,TUFM,WAS,ZAP70,RNF113A,LZTR1,COLQ,DHX16,GPR65,MKNK1,B4GALT3,RIPK1,RGS9,IL18RAP,ARHGEF1,CIAO1,SEC24C,N4BP1,CROCC,MAML1,KIAA0196,SEC16A,PREB,KLRG1,SLC35B1,SF3A1,GNLY,CXCR6,SF3B2,WWP2,BTN2A1,CD160,PUF60,HMGXB3,SNRNP200,JMJD6,TMEM184B,RNF167,ERAL1,CYTH4,MRPL22,ABT1,UBN1,GPR171,TIMM22,NRBP1,COL5A3,RWDD1,TRAPPC4,SRRT,STX18,TRNAU1AP,IMP3,ABCF3,CHST12,UBE2Q1,AMBRA1,MAP7D1,EXOC2,WSB2,BIN3,CRTAM,MRPS22,RIC8A,NOL6,AHNAK,PVRIG,TNIP2,HAUS3,FYCO1,C14orf169,ZMYM1,MUS81,DEFB126,ARPC5L,ZNF394,RHOT2,SPSB3,PYHIN1,NCR3,CCDC85C,,,,,,,,,,,,,,,,,,,,,,,,,,,,,,,,,,,,,,,,,,,,,,,,,,,,,,,,
CD8+ Tem_NOVERSHTERN_1,FASLG,C8G,CACNB1,CD8A,CD8B,CX3CR1,GZMH,GZMB,GZMK,IFNG,LAG3,LTK,SH2D1A,PDCD1,PRF1,PTGDR,RBL2,SLC1A7,ZAP70,KLRG1,NMUR1,CXCR6,TBX21,COL5A3,PYHIN1,,,,,,,,,,,,,,,,,,,,,,,,,,,,,,,,,,,,,,,,,,,,,,,,,,,,,,,,,,,,,,,,,,,,,,,,,,,,,,,,,,,,,,,,,,,,,,,,,,,,,,,,,,,,,,,,,,,,,,,,,,,,,,,,,,,,,,,,,,,,,,,,,,,,,,,,,,,,,,,,,,,,,,,,,,,,,,,
CD8+ Tem_NOVERSHTERN_2,FASLG,C8G,CD8A,CD8B,CX3CR1,GZMH,GZMB,GZMK,IFNG,PDCD1,PRF1,PTGDR,SLC1A7,ZAP70,KLRG1,NMUR1,CXCR6,TBX21,COL5A3,PYHIN1,,,,,,,,,,,,,,,,,,,,,,,,,,,,,,,,,,,,,,,,,,,,,,,,,,,,,,,,,,,,,,,,,,,,,,,,,,,,,,,,,,,,,,,,,,,,,,,,,,,,,,,,,,,,,,,,,,,,,,,,,,,,,,,,,,,,,,,,,,,,,,,,,,,,,,,,,,,,,,,,,,,,,,,,,,,,,,,,,,,,
cDC_HPCA_1,ALCAM,ANXA1,CD1C,CD1E,DBI,FCER1A,ITGAX,PITPNA,SSR1,RAB7A,CLEC10A,TCTN3,CCDC88A,SLAMF8,,,,,,,,,,,,,,,,,,,,,,,,,,,,,,,,,,,,,,,,,,,,,,,,,,,,,,,,,,,,,,,,,,,,,,,,,,,,,,,,,,,,,,,,,,,,,,,,,,,,,,,,,,,,,,,,,,,,,,,,,,,,,,,,,,,,,,,,,,,,,,,,,,,,,,,,,,,,,,,,,,,,,,,,,,,,,,,,,,,,,,,,,,
cDC_HPCA_2,ALCAM,CD1C,CD1E,DBI,FCER1A,ITGAX,SSR1,RAB7A,ACTR3,CLEC10A,CCDC88A,SLAMF8,,,,,,,,,,,,,,,,,,,,,,,,,,,,,,,,,,,,,,,,,,,,,,,,,,,,,,,,,,,,,,,,,,,,,,,,,,,,,,,,,,,,,,,,,,,,,,,,,,,,,,,,,,,,,,,,,,,,,,,,,,,,,,,,,,,,,,,,,,,,,,,,,,,,,,,,,,,,,,,,,,,,,,,,,,,,,,,,,,,,,,,,,,,,
cDC_HPCA_3,CD1C,CD86,FCER1A,FLT3,S100A10,CD163,CLEC10A,FGL2,CD93,WDFY3,CLEC4A,,,,,,,,,,,,,,,,,,,,,,,,,,,,,,,,,,,,,,,,,,,,,,,,,,,,,,,,,,,,,,,,,,,,,,,,,,,,,,,,,,,,,,,,,,,,,,,,,,,,,,,,,,,,,,,,,,,,,,,,,,,,,,,,,,,,,,,,,,,,,,,,,,,,,,,,,,,,,,,,,,,,,,,,,,,,,,,,,,,,,,,,,,,,,
cDC_NOVERSHTERN_1,CD1A,CD1B,CD1C,CD1E,CD80,DNASE1L3,FCER1A,GFRA2,CCL17,CCL24,RRP1B,CD209,KCNK13,,,,,,,,,,,,,,,,,,,,,,,,,,,,,,,,,,,,,,,,,,,,,,,,,,,,,,,,,,,,,,,,,,,,,,,,,,,,,,,,,,,,,,,,,,,,,,,,,,,,,,,,,,,,,,,,,,,,,,,,,,,,,,,,,,,,,,,,,,,,,,,,,,,,,,,,,,,,,,,,,,,,,,,,,,,,,,,,,,,,,,,,,,,
cDC_NOVERSHTERN_3,ALOX15,CD1A,CD1B,CD1C,CD1E,CD80,CD86,CRH,DNASE1L3,FCER1A,GFRA2,CCL13,CCL17,CCL23,CCL24,ALDH1A2,CLEC10A,RRP1B,CD209,KCNK13,,,,,,,,,,,,,,,,,,,,,,,,,,,,,,,,,,,,,,,,,,,,,,,,,,,,,,,,,,,,,,,,,,,,,,,,,,,,,,,,,,,,,,,,,,,,,,,,,,,,,,,,,,,,,,,,,,,,,,,,,,,,,,,,,,,,,,,,,,,,,,,,,,,,,,,,,,,,,,,,,,,,,,,,,,,,,,,,,,,,
