dataset.name,sample.id,cell.type,measured
CIVA1,S1,B.cells,2.20253688489902e-5
CIVA1,S1,CD8.T.cells,0.0477924205008186
CIVA1,S1,monocytic.lineage,0.948597583159419
CIVA1,S1,monocytic.lineage,6.06417229306467e-4
CIVA1,S1,neutrophils,0.0029272508201503
CIVA1,S1,NK.cells,5.42676033074219e-5
CIVA1,S1,CD4.T.cells,NA
CIVA1,S1,fibroblasts,NA
CIVA1,S1,endothelial.cells,NA
CIVA1,S10,B.cells,0.0137276189091323
CIVA1,S10,CD8.T.cells,0.740547064605012
CIVA1,S10,monocytic.lineage,0.0100160234685999
CIVA1,S10,monocytic.lineage,0.0976715895379074
CIVA1,S10,neutrophils,0.120538160367287
CIVA1,S10,NK.cells,0.0173674180411742
CIVA1,S10,CD4.T.cells,NA
CIVA1,S10,fibroblasts,NA
CIVA1,S10,endothelial.cells,NA
CIVA1,S11,B.cells,6.1816685054658e-7
CIVA1,S11,CD8.T.cells,0.7312194121434
CIVA1,S11,monocytic.lineage,1.78520343807904e-4
CIVA1,S11,monocytic.lineage,1.05132364260702e-4
CIVA1,S11,neutrophils,0.0273823032122011
CIVA1,S11,NK.cells,0.011049313310139
CIVA1,S11,CD4.T.cells,NA
CIVA1,S11,fibroblasts,NA
CIVA1,S11,endothelial.cells,NA
CIVA1,S12,B.cells,3.56010291423093e-5
CIVA1,S12,CD8.T.cells,0.0950305513664146
CIVA1,S12,monocytic.lineage,0.874207855812684
CIVA1,S12,monocytic.lineage,0.00112397408129864
CIVA1,S12,neutrophils,0.0295126428128619
CIVA1,S12,NK.cells,1.68510883908934e-8
CIVA1,S12,CD4.T.cells,NA
CIVA1,S12,fibroblasts,NA
CIVA1,S12,endothelial.cells,NA
CIVA1,S13,B.cells,0.380822544993194
CIVA1,S13,CD8.T.cells,2.71595224582218e-4
CIVA1,S13,monocytic.lineage,0.0679845607446844
CIVA1,S13,monocytic.lineage,0.0293188810856526
CIVA1,S13,neutrophils,0.405409807581133
CIVA1,S13,NK.cells,8.19211265300357e-5
CIVA1,S13,CD4.T.cells,NA
CIVA1,S13,fibroblasts,NA
CIVA1,S13,endothelial.cells,NA
CIVA1,S14,B.cells,0.159856047287691
CIVA1,S14,CD8.T.cells,0.083836981529337
CIVA1,S14,monocytic.lineage,4.43627899586176e-8
CIVA1,S14,monocytic.lineage,0.676708149160268
CIVA1,S14,neutrophils,2.26788773651439e-9
CIVA1,S14,NK.cells,3.86342927648095e-4
CIVA1,S14,CD4.T.cells,NA
CIVA1,S14,fibroblasts,NA
CIVA1,S14,endothelial.cells,NA
CIVA1,S15,B.cells,0.0922456216051216
CIVA1,S15,CD8.T.cells,1.12654716779968e-11
CIVA1,S15,monocytic.lineage,2.25892224375303e-15
CIVA1,S15,monocytic.lineage,5.1374475882381e-6
CIVA1,S15,neutrophils,0.754881354733301
CIVA1,S15,NK.cells,0.151435611612673
CIVA1,S15,CD4.T.cells,NA
CIVA1,S15,fibroblasts,NA
CIVA1,S15,endothelial.cells,NA
CIVA1,S16,B.cells,0.2291646685073
CIVA1,S16,CD8.T.cells,2.11343205042811e-7
CIVA1,S16,monocytic.lineage,0.712361222788175
CIVA1,S16,monocytic.lineage,2.04278942916149e-6
CIVA1,S16,neutrophils,0.0439912119682353
CIVA1,S16,NK.cells,0.0144805686036669
CIVA1,S16,CD4.T.cells,NA
CIVA1,S16,fibroblasts,NA
CIVA1,S16,endothelial.cells,NA
CIVA1,S17,B.cells,1.53575073695235e-4
CIVA1,S17,CD8.T.cells,2.31135826312851e-12
CIVA1,S17,monocytic.lineage,0.832965490807088
CIVA1,S17,monocytic.lineage,0.138146106909672
CIVA1,S17,neutrophils,4.17391652547599e-4
CIVA1,S17,NK.cells,0.0274277847636547
CIVA1,S17,CD4.T.cells,NA
CIVA1,S17,fibroblasts,NA
CIVA1,S17,endothelial.cells,NA
CIVA1,S18,B.cells,0.0917196260310511
CIVA1,S18,CD8.T.cells,0.0491640055612112
CIVA1,S18,monocytic.lineage,9.45117283949454e-10
CIVA1,S18,monocytic.lineage,1.87365144219051e-5
CIVA1,S18,neutrophils,0.736209359258451
CIVA1,S18,NK.cells,0.0017592567182782
CIVA1,S18,CD4.T.cells,NA
CIVA1,S18,fibroblasts,NA
CIVA1,S18,endothelial.cells,NA
CIVA1,S19,B.cells,0.0366989677436115
CIVA1,S19,CD8.T.cells,4.56438548576728e-5
CIVA1,S19,monocytic.lineage,0.00641807289752988
CIVA1,S19,monocytic.lineage,9.34149109300535e-9
CIVA1,S19,neutrophils,0.708739186410879
CIVA1,S19,NK.cells,9.75881695715682e-4
CIVA1,S19,CD4.T.cells,NA
CIVA1,S19,fibroblasts,NA
CIVA1,S19,endothelial.cells,NA
CIVA1,S2,B.cells,3.04765078270531e-9
CIVA1,S2,CD8.T.cells,0.0684241585640752
CIVA1,S2,monocytic.lineage,5.75267582415079e-10
CIVA1,S2,monocytic.lineage,0.0961390060750004
CIVA1,S2,neutrophils,0.835412718406293
CIVA1,S2,NK.cells,2.34308466906644e-5
CIVA1,S2,CD4.T.cells,NA
CIVA1,S2,fibroblasts,NA
CIVA1,S2,endothelial.cells,NA
CIVA1,S20,B.cells,0.00557989854064446
CIVA1,S20,CD8.T.cells,0.00223254182382383
CIVA1,S20,monocytic.lineage,0.00980291142789353
CIVA1,S20,monocytic.lineage,0.849957361402188
CIVA1,S20,neutrophils,0.110115561438005
CIVA1,S20,NK.cells,0.0192053058537479
CIVA1,S20,CD4.T.cells,NA
CIVA1,S20,fibroblasts,NA
CIVA1,S20,endothelial.cells,NA
CIVA1,S3,B.cells,1.82156114070107e-5
CIVA1,S3,CD8.T.cells,2.58704005677078e-4
CIVA1,S3,monocytic.lineage,0.104797287736746
CIVA1,S3,monocytic.lineage,3.72371121799358e-8
CIVA1,S3,neutrophils,0.881211567024437
CIVA1,S3,NK.cells,0.0135286769448149
CIVA1,S3,CD4.T.cells,NA
CIVA1,S3,fibroblasts,NA
CIVA1,S3,endothelial.cells,NA
CIVA1,S4,B.cells,8.20862592302911e-7
CIVA1,S4,CD8.T.cells,0.998810418104042
CIVA1,S4,monocytic.lineage,2.42255380724888e-5
CIVA1,S4,monocytic.lineage,6.32685327696016e-4
CIVA1,S4,neutrophils,5.2935576466719e-4
CIVA1,S4,NK.cells,2.49420383064542e-6
CIVA1,S4,CD4.T.cells,NA
CIVA1,S4,fibroblasts,NA
CIVA1,S4,endothelial.cells,NA
CIVA1,S5,B.cells,0.346382845522982
CIVA1,S5,CD8.T.cells,1.2453939307628e-7
CIVA1,S5,monocytic.lineage,4.4315932590527e-6
CIVA1,S5,monocytic.lineage,0.0124489750017704
CIVA1,S5,neutrophils,0.379047355773524
CIVA1,S5,NK.cells,0.261782813970497
CIVA1,S5,CD4.T.cells,NA
CIVA1,S5,fibroblasts,NA
CIVA1,S5,endothelial.cells,NA
CIVA1,S6,B.cells,5.17968743016955e-4
CIVA1,S6,CD8.T.cells,0.104969936425836
CIVA1,S6,monocytic.lineage,1.69539661681327e-4
CIVA1,S6,monocytic.lineage,0.383744186697337
CIVA1,S6,neutrophils,0.435948148882921
CIVA1,S6,NK.cells,1.86829155811524e-4
CIVA1,S6,CD4.T.cells,NA
CIVA1,S6,fibroblasts,NA
CIVA1,S6,endothelial.cells,NA
CIVA1,S7,B.cells,0.146913645912483
CIVA1,S7,CD8.T.cells,0.0650698266337453
CIVA1,S7,monocytic.lineage,3.98384107538867e-4
CIVA1,S7,monocytic.lineage,3.85689356088355e-9
CIVA1,S7,neutrophils,0.617769015919055
CIVA1,S7,NK.cells,2.91842446194484e-4
CIVA1,S7,CD4.T.cells,NA
CIVA1,S7,fibroblasts,NA
CIVA1,S7,endothelial.cells,NA
CIVA1,S8,B.cells,0.00485949606511004
CIVA1,S8,CD8.T.cells,0.83355995213402
CIVA1,S8,monocytic.lineage,0.0186235269965224
CIVA1,S8,monocytic.lineage,0.0942540124963653
CIVA1,S8,neutrophils,0.0486300575312974
CIVA1,S8,NK.cells,1.09874979296385e-5
CIVA1,S8,CD4.T.cells,NA
CIVA1,S8,fibroblasts,NA
CIVA1,S8,endothelial.cells,NA
CIVA1,S9,B.cells,0.0725985701627352
CIVA1,S9,CD8.T.cells,8.12051750907405e-7
CIVA1,S9,monocytic.lineage,0.00143040665857417
CIVA1,S9,monocytic.lineage,0.00198931215703537
CIVA1,S9,neutrophils,9.68503869028268e-6
CIVA1,S9,NK.cells,0.923971213931209
CIVA1,S9,CD4.T.cells,NA
CIVA1,S9,fibroblasts,NA
CIVA1,S9,endothelial.cells,NA
CIAS4,S1,B.cells,0.8671727937829377
CIAS4,S1,CD4.T.cells,0.08201088938395751
CIAS4,S1,CD8.T.cells,0.0013109980229725215
CIAS4,S1,monocytic.lineage,0.049505124265067826
CIAS4,S1,NK.cells,1.94545064898037e-7
CIAS4,S1,neutrophils,NA
CIAS4,S1,fibroblasts,NA
CIAS4,S1,endothelial.cells,NA
CIAS4,S10,B.cells,0.34228249219092777
CIAS4,S10,CD4.T.cells,0.5743888556149346
CIAS4,S10,CD8.T.cells,0.017896068689535197
CIAS4,S10,monocytic.lineage,0.021219602800078185
CIAS4,S10,NK.cells,0.0442129807045245
CIAS4,S10,neutrophils,NA
CIAS4,S10,fibroblasts,NA
CIAS4,S10,endothelial.cells,NA
CIAS4,S11,B.cells,0.674381778003377
CIAS4,S11,CD4.T.cells,0.2013044043757345
CIAS4,S11,CD8.T.cells,0.08409920614694821
CIAS4,S11,monocytic.lineage,0.0395757362999226
CIAS4,S11,NK.cells,6.38875174018083e-4
CIAS4,S11,neutrophils,NA
CIAS4,S11,fibroblasts,NA
CIAS4,S11,endothelial.cells,NA
CIAS4,S12,B.cells,0.695934518633538
CIAS4,S12,CD4.T.cells,0.047810184662012346
CIAS4,S12,CD8.T.cells,0.2562385712758163
CIAS4,S12,monocytic.lineage,1.67031227260645e-5
CIAS4,S12,NK.cells,2.23059076033646e-8
CIAS4,S12,neutrophils,NA
CIAS4,S12,fibroblasts,NA
CIAS4,S12,endothelial.cells,NA
CIAS4,S13,B.cells,0.9012692985112615
CIAS4,S13,CD4.T.cells,0.07820642552447582
CIAS4,S13,CD8.T.cells,0.009841552686016991
CIAS4,S13,monocytic.lineage,0.01068257545453836
CIAS4,S13,NK.cells,1.47823707347181e-7
CIAS4,S13,neutrophils,NA
CIAS4,S13,fibroblasts,NA
CIAS4,S13,endothelial.cells,NA
CIAS4,S14,B.cells,1.4388555993311014e-4
CIAS4,S14,CD4.T.cells,0.11378028906631543
CIAS4,S14,CD8.T.cells,0.3423244219843043
CIAS4,S14,monocytic.lineage,0.17173407346900707
CIAS4,S14,NK.cells,0.37201732992044
CIAS4,S14,neutrophils,NA
CIAS4,S14,fibroblasts,NA
CIAS4,S14,endothelial.cells,NA
CIAS4,S15,B.cells,0.00890744458814945
CIAS4,S15,CD4.T.cells,1.612618660868574e-5
CIAS4,S15,CD8.T.cells,0.35805845035156314
CIAS4,S15,monocytic.lineage,0.5895389044155157
CIAS4,S15,NK.cells,0.0434790744581635
CIAS4,S15,neutrophils,NA
CIAS4,S15,fibroblasts,NA
CIAS4,S15,endothelial.cells,NA
CIAS4,S16,B.cells,0.8032553955963176
CIAS4,S16,CD4.T.cells,0.1967403514071952
CIAS4,S16,CD8.T.cells,3.971267419281203e-6
CIAS4,S16,monocytic.lineage,2.8172906800418093e-7
CIAS4,S16,NK.cells,9.29728622397413e-20
CIAS4,S16,neutrophils,NA
CIAS4,S16,fibroblasts,NA
CIAS4,S16,endothelial.cells,NA
CIAS4,S17,B.cells,0.059322976602835704
CIAS4,S17,CD4.T.cells,4.1831102416940454e-5
CIAS4,S17,CD8.T.cells,0.2088609048902144
CIAS4,S17,monocytic.lineage,1.3501505770174846e-4
CIAS4,S17,NK.cells,0.731639272346831
CIAS4,S17,neutrophils,NA
CIAS4,S17,fibroblasts,NA
CIAS4,S17,endothelial.cells,NA
CIAS4,S18,B.cells,5.697041459688432e-4
CIAS4,S18,CD4.T.cells,0.24012453716094434
CIAS4,S18,CD8.T.cells,0.7422910025467769
CIAS4,S18,monocytic.lineage,0.0016340142451690234
CIAS4,S18,NK.cells,0.0153807419011416
CIAS4,S18,neutrophils,NA
CIAS4,S18,fibroblasts,NA
CIAS4,S18,endothelial.cells,NA
CIAS4,S19,B.cells,1.294696152110316e-4
CIAS4,S19,CD4.T.cells,0.04740098722946312
CIAS4,S19,CD8.T.cells,0.017229270462752938
CIAS4,S19,monocytic.lineage,0.3631148888233311
CIAS4,S19,NK.cells,0.57212538386924106
CIAS4,S19,neutrophils,NA
CIAS4,S19,fibroblasts,NA
CIAS4,S19,endothelial.cells,NA
CIAS4,S2,B.cells,0.021400357372241736
CIAS4,S2,CD4.T.cells,0.4640943127473497
CIAS4,S2,CD8.T.cells,0.2215657966222158
CIAS4,S2,monocytic.lineage,0.292939533257499
CIAS4,S2,NK.cells,6.92729716304902e-13
CIAS4,S2,neutrophils,NA
CIAS4,S2,fibroblasts,NA
CIAS4,S2,endothelial.cells,NA
CIAS4,S20,B.cells,0.04413189514652604
CIAS4,S20,CD4.T.cells,1.0919697787915656e-9
CIAS4,S20,CD8.T.cells,8.802683075835132e-4
CIAS4,S20,monocytic.lineage,0.917952659137271
CIAS4,S20,NK.cells,0.0370351763166494
CIAS4,S20,neutrophils,NA
CIAS4,S20,fibroblasts,NA
CIAS4,S20,endothelial.cells,NA
CIAS4,S3,B.cells,0.40312052283840333
CIAS4,S3,CD4.T.cells,0.5864749843068715
CIAS4,S3,CD8.T.cells,0.0038054448778253483
CIAS4,S3,monocytic.lineage,0.006400317097127965
CIAS4,S3,NK.cells,1.98730879771439e-4
CIAS4,S3,neutrophils,NA
CIAS4,S3,fibroblasts,NA
CIAS4,S3,endothelial.cells,NA
CIAS4,S4,B.cells,0.013197102223382868
CIAS4,S4,CD4.T.cells,0.5415564923769368
CIAS4,S4,CD8.T.cells,0.4425449110615861
CIAS4,S4,monocytic.lineage,5.626475292528701e-4
CIAS4,S4,NK.cells,0.00213884680884194
CIAS4,S4,neutrophils,NA
CIAS4,S4,fibroblasts,NA
CIAS4,S4,endothelial.cells,NA
CIAS4,S5,B.cells,9.24182742172343e-4
CIAS4,S5,CD4.T.cells,0.15712895343278735
CIAS4,S5,CD8.T.cells,0.37397446043463994
CIAS4,S5,monocytic.lineage,0.463373560644828
CIAS4,S5,NK.cells,0.00459884274557192
CIAS4,S5,neutrophils,NA
CIAS4,S5,fibroblasts,NA
CIAS4,S5,endothelial.cells,NA
CIAS4,S6,B.cells,0.4829316985624899
CIAS4,S6,CD4.T.cells,4.4337877731988903e-5
CIAS4,S6,CD8.T.cells,0.0454665025289266
CIAS4,S6,monocytic.lineage,0.0048215098474507995
CIAS4,S6,NK.cells,0.4667359511834
CIAS4,S6,neutrophils,NA
CIAS4,S6,fibroblasts,NA
CIAS4,S6,endothelial.cells,NA
CIAS4,S7,B.cells,0.0813270812336996
CIAS4,S7,CD4.T.cells,0.509921811992889
CIAS4,S7,CD8.T.cells,0.33641876489370537
CIAS4,S7,monocytic.lineage,0.0723271617088482
CIAS4,S7,NK.cells,5.18017085902215e-6
CIAS4,S7,neutrophils,NA
CIAS4,S7,fibroblasts,NA
CIAS4,S7,endothelial.cells,NA
CIAS4,S8,B.cells,0.116543116421999
CIAS4,S8,CD4.T.cells,0.30674491056133507
CIAS4,S8,CD8.T.cells,0.15725491717390142
CIAS4,S8,monocytic.lineage,0.41402626027441
CIAS4,S8,NK.cells,0.00543079556835489
CIAS4,S8,neutrophils,NA
CIAS4,S8,fibroblasts,NA
CIAS4,S8,endothelial.cells,NA
CIAS4,S9,B.cells,0.552429051038837
CIAS4,S9,CD4.T.cells,0.4268389602057465
CIAS4,S9,CD8.T.cells,0.0027985147650265844
CIAS4,S9,monocytic.lineage,0.01793345380146747
CIAS4,S9,NK.cells,2.01889231621412e-8
CIAS4,S9,neutrophils,NA
CIAS4,S9,fibroblasts,NA
CIAS4,S9,endothelial.cells,NA
CIAS5,S1,B.cells,0.00414673455223209
CIAS5,S1,CD4.T.cells,0.646688430309393
CIAS5,S1,CD8.T.cells,0.0717197836012652
CIAS5,S1,monocytic.lineage,0.250542976760392
CIAS5,S1,neutrophils,0.0163678367323902
CIAS5,S1,NK.cells,0.0105342380443275
CIAS5,S1,fibroblasts,NA
CIAS5,S1,endothelial.cells,NA
CIAS5,S10,B.cells,7.04572569389922e-4
CIAS5,S10,CD4.T.cells,0.00169761246319196
CIAS5,S10,CD8.T.cells,0.116481853799834
CIAS5,S10,monocytic.lineage,0.8810758199634906
CIAS5,S10,neutrophils,2.37294283162652e-7
CIAS5,S10,NK.cells,3.99039098106892e-5
CIAS5,S10,fibroblasts,NA
CIAS5,S10,endothelial.cells,NA
CIAS5,S11,B.cells,2.56326259070168e-5
CIAS5,S11,CD4.T.cells,1.90725846548184e-5
CIAS5,S11,CD8.T.cells,4.3131107146858e-4
CIAS5,S11,monocytic.lineage,0.9981072970798796
CIAS5,S11,neutrophils,6.39975756355353e-4
CIAS5,S11,NK.cells,7.76710881734669e-4
CIAS5,S11,fibroblasts,NA
CIAS5,S11,endothelial.cells,NA
CIAS5,S12,B.cells,0.00190091647042708
CIAS5,S12,CD4.T.cells,4.93891118817198e-9
CIAS5,S12,CD8.T.cells,0.0180222522024152
CIAS5,S12,monocytic.lineage,0.9599153634010587
CIAS5,S12,neutrophils,7.42118333123838e-9
CIAS5,S12,NK.cells,0.0201614555660044
CIAS5,S12,fibroblasts,NA
CIAS5,S12,endothelial.cells,NA
CIAS5,S13,B.cells,0.00163477683584918
CIAS5,S13,CD4.T.cells,2.36845549411932e-4
CIAS5,S13,CD8.T.cells,5.2348903911672e-11
CIAS5,S13,monocytic.lineage,0.020014952238176103
CIAS5,S13,neutrophils,1.11097718759527e-4
CIAS5,S13,NK.cells,0.978002327605454
CIAS5,S13,fibroblasts,NA
CIAS5,S13,endothelial.cells,NA
CIAS5,S14,B.cells,1.40821531083564e-5
CIAS5,S14,CD4.T.cells,8.87539855576311e-4
CIAS5,S14,CD8.T.cells,0.0191299044782263
CIAS5,S14,monocytic.lineage,0.9714553547772121
CIAS5,S14,neutrophils,6.66145016255568e-15
CIAS5,S14,NK.cells,0.00851311873587056
CIAS5,S14,fibroblasts,NA
CIAS5,S14,endothelial.cells,NA
CIAS5,S15,B.cells,1.87128353298105e-4
CIAS5,S15,CD4.T.cells,3.31643175828523e-5
CIAS5,S15,CD8.T.cells,5.76297987657222e-5
CIAS5,S15,monocytic.lineage,0.974954188175475
CIAS5,S15,neutrophils,8.32830699358195e-7
CIAS5,S15,NK.cells,0.0247670565241786
CIAS5,S15,fibroblasts,NA
CIAS5,S15,endothelial.cells,NA
CIAS5,S16,B.cells,0.00100329254005574
CIAS5,S16,CD4.T.cells,0.52319190698005
CIAS5,S16,CD8.T.cells,0.014732683278893
CIAS5,S16,monocytic.lineage,0.22319346214340507
CIAS5,S16,neutrophils,0.115134000756672
CIAS5,S16,NK.cells,0.122744654300925
CIAS5,S16,fibroblasts,NA
CIAS5,S16,endothelial.cells,NA
CIAS5,S17,B.cells,0.0040377558511951
CIAS5,S17,CD4.T.cells,2.49906374892791e-8
CIAS5,S17,CD8.T.cells,0.170944518645711
CIAS5,S17,monocytic.lineage,1.4717195146185825e-5
CIAS5,S17,neutrophils,0.00227264415089568
CIAS5,S17,NK.cells,0.822730339166414
CIAS5,S17,fibroblasts,NA
CIAS5,S17,endothelial.cells,NA
CIAS5,S18,B.cells,0.792834646707192
CIAS5,S18,CD4.T.cells,0.207041562603574
CIAS5,S18,CD8.T.cells,8.23018606185522e-8
CIAS5,S18,monocytic.lineage,1.1395464762420727e-4
CIAS5,S18,neutrophils,9.75339678578125e-6
CIAS5,S18,NK.cells,3.42963214679871e-10
CIAS5,S18,fibroblasts,NA
CIAS5,S18,endothelial.cells,NA
CIAS5,S19,B.cells,0.105009437778945
CIAS5,S19,CD4.T.cells,7.09945128191655e-9
CIAS5,S19,CD8.T.cells,1.65250960424583e-7
CIAS5,S19,monocytic.lineage,0.351149495797767
CIAS5,S19,neutrophils,0.0125474960671284
CIAS5,S19,NK.cells,0.531293398005748
CIAS5,S19,fibroblasts,NA
CIAS5,S19,endothelial.cells,NA
CIAS5,S2,B.cells,0.0680020517381687
CIAS5,S2,CD4.T.cells,0.390263021598396
CIAS5,S2,CD8.T.cells,3.47508672606888e-4
CIAS5,S2,monocytic.lineage,0.2052908257948602
CIAS5,S2,neutrophils,2.041031579996e-4
CIAS5,S2,NK.cells,0.335892489037969
CIAS5,S2,fibroblasts,NA
CIAS5,S2,endothelial.cells,NA
CIAS5,S20,B.cells,0.0063361972687369
CIAS5,S20,CD4.T.cells,0.718642226841919
CIAS5,S20,CD8.T.cells,0.0419050184846483
CIAS5,S20,monocytic.lineage,0.23027502317251788
CIAS5,S20,neutrophils,2.75752349454259e-10
CIAS5,S20,NK.cells,0.00284153395642608
CIAS5,S20,fibroblasts,NA
CIAS5,S20,endothelial.cells,NA
CIAS5,S21,B.cells,3.28905897604598e-9
CIAS5,S21,CD4.T.cells,8.60550008984917e-4
CIAS5,S21,CD8.T.cells,0.0484001917644132
CIAS5,S21,monocytic.lineage,0.7683065877459249
CIAS5,S21,neutrophils,3.85137313548112e-5
CIAS5,S21,NK.cells,0.182394153460263
CIAS5,S21,fibroblasts,NA
CIAS5,S21,endothelial.cells,NA
CIAS5,S22,B.cells,2.31312817591155e-6
CIAS5,S22,CD4.T.cells,5.99728340528707e-13
CIAS5,S22,CD8.T.cells,0.836690594582193
CIAS5,S22,monocytic.lineage,0.030220553228845072
CIAS5,S22,neutrophils,0.130022338383404
CIAS5,S22,NK.cells,0.00306420067678258
CIAS5,S22,fibroblasts,NA
CIAS5,S22,endothelial.cells,NA
CIAS5,S23,B.cells,2.10154280995827e-11
CIAS5,S23,CD4.T.cells,0.288720184348419
CIAS5,S23,CD8.T.cells,0.00946774225168187
CIAS5,S23,monocytic.lineage,0.07237122743454268
CIAS5,S23,neutrophils,0.608981272393165
CIAS5,S23,NK.cells,0.0204595735511755
CIAS5,S23,fibroblasts,NA
CIAS5,S23,endothelial.cells,NA
CIAS5,S24,B.cells,1.73084043957228e-6
CIAS5,S24,CD4.T.cells,0.00139887395209058
CIAS5,S24,CD8.T.cells,0.0182223928817388
CIAS5,S24,monocytic.lineage,0.6304780261013456
CIAS5,S24,neutrophils,7.31429140951029e-4
CIAS5,S24,NK.cells,0.349167547083435
CIAS5,S24,fibroblasts,NA
CIAS5,S24,endothelial.cells,NA
CIAS5,S25,B.cells,0.968532868843563
CIAS5,S25,CD4.T.cells,4.28055008474879e-8
CIAS5,S25,CD8.T.cells,0.00112893247503176
CIAS5,S25,monocytic.lineage,0.01893327604660688
CIAS5,S25,neutrophils,6.81287441308094e-11
CIAS5,S25,NK.cells,0.0114048797611684
CIAS5,S25,fibroblasts,NA
CIAS5,S25,endothelial.cells,NA
CIAS5,S3,B.cells,7.05312756785702e-4
CIAS5,S3,CD4.T.cells,0.537942055976097
CIAS5,S3,CD8.T.cells,0.0738335007771816
CIAS5,S3,monocytic.lineage,0.2815166114535304
CIAS5,S3,neutrophils,3.19619531659057e-4
CIAS5,S3,NK.cells,0.105682899504746
CIAS5,S3,fibroblasts,NA
CIAS5,S3,endothelial.cells,NA
CIAS5,S4,B.cells,4.01855571065698e-6
CIAS5,S4,CD4.T.cells,0.0245428263293419
CIAS5,S4,CD8.T.cells,0.0669157546474483
CIAS5,S4,monocytic.lineage,0.8930309454568881
CIAS5,S4,neutrophils,0.0153944757432843
CIAS5,S4,NK.cells,1.11979267326892e-4
CIAS5,S4,fibroblasts,NA
CIAS5,S4,endothelial.cells,NA
CIAS5,S5,B.cells,1.84948816086312e-4
CIAS5,S5,CD4.T.cells,1.28324425194544e-10
CIAS5,S5,CD8.T.cells,0.032020223193368
CIAS5,S5,monocytic.lineage,0.46055877269487666
CIAS5,S5,neutrophils,0.389560036839819
CIAS5,S5,NK.cells,0.117676018327526
CIAS5,S5,fibroblasts,NA
CIAS5,S5,endothelial.cells,NA
CIAS5,S6,B.cells,2.9784121204886e-4
CIAS5,S6,CD4.T.cells,1.57296324091431e-5
CIAS5,S6,CD8.T.cells,0.176719499831248
CIAS5,S6,monocytic.lineage,0.0023787630994666397
CIAS5,S6,neutrophils,0.820031964291732
CIAS5,S6,NK.cells,5.56201933095609e-4
CIAS5,S6,fibroblasts,NA
CIAS5,S6,endothelial.cells,NA
CIAS5,S7,B.cells,5.47315955633473e-7
CIAS5,S7,CD4.T.cells,0.533277927174066
CIAS5,S7,CD8.T.cells,0.0353269335552857
CIAS5,S7,monocytic.lineage,8.805542665561611e-4
CIAS5,S7,neutrophils,0.011987930232534
CIAS5,S7,NK.cells,0.418526107455603
CIAS5,S7,fibroblasts,NA
CIAS5,S7,endothelial.cells,NA
CIAS5,S8,B.cells,0.106708058166507
CIAS5,S8,CD4.T.cells,1.62847927683791e-7
CIAS5,S8,CD8.T.cells,0.0227461681224949
CIAS5,S8,monocytic.lineage,0.2126515588887836
CIAS5,S8,neutrophils,1.97216850768761e-4
CIAS5,S8,NK.cells,0.657696835123518
CIAS5,S8,fibroblasts,NA
CIAS5,S8,endothelial.cells,NA
CIAS5,S9,B.cells,0.0462878854435586
CIAS5,S9,CD4.T.cells,0.0220690726493143
CIAS5,S9,CD8.T.cells,3.24350822793205e-8
CIAS5,S9,monocytic.lineage,0.9309228714444301
CIAS5,S9,neutrophils,1.07579425244776e-5
CIAS5,S9,NK.cells,7.09380085090491e-4
CIAS5,S9,fibroblasts,NA
CIAS5,S9,endothelial.cells,NA
CIVA2,S1,B.cells,0.254601585598732
CIVA2,S1,monocytic.lineage,0.349641935318957
CIVA2,S1,monocytic.lineage,0.00187090603611875
CIVA2,S1,neutrophils,0.00213622159102295
CIVA2,S1,NK.cells,0.00137279195017417
CIVA2,S1,CD4.T.cells,NA
CIVA2,S1,CD8.T.cells,NA
CIVA2,S1,fibroblasts,NA
CIVA2,S1,endothelial.cells,NA
CIVA2,S10,B.cells,0.148982130216896
CIVA2,S10,monocytic.lineage,0.239928653578089
CIVA2,S10,monocytic.lineage,0.142507758778933
CIVA2,S10,neutrophils,2.95014625982414e-5
CIVA2,S10,NK.cells,4.70618273044256e-5
CIVA2,S10,CD4.T.cells,NA
CIVA2,S10,CD8.T.cells,NA
CIVA2,S10,fibroblasts,NA
CIVA2,S10,endothelial.cells,NA
CIVA2,S11,B.cells,0.745047835694969
CIVA2,S11,monocytic.lineage,0.036279988804948
CIVA2,S11,monocytic.lineage,0.2166927399962
CIVA2,S11,neutrophils,0.00197653431389489
CIVA2,S11,NK.cells,2.89891037738851e-6
CIVA2,S11,CD4.T.cells,NA
CIVA2,S11,CD8.T.cells,NA
CIVA2,S11,fibroblasts,NA
CIVA2,S11,endothelial.cells,NA
CIVA2,S12,B.cells,1.71327592348395e-4
CIVA2,S12,monocytic.lineage,0.0384333790376218
CIVA2,S12,monocytic.lineage,0.0865785686107325
CIVA2,S12,neutrophils,2.36624355273731e-5
CIVA2,S12,NK.cells,1.14050438109029e-4
CIVA2,S12,CD4.T.cells,NA
CIVA2,S12,CD8.T.cells,NA
CIVA2,S12,fibroblasts,NA
CIVA2,S12,endothelial.cells,NA
CIVA2,S13,B.cells,0.00229947576706674
CIVA2,S13,monocytic.lineage,4.07204469350438e-10
CIVA2,S13,monocytic.lineage,0.575746458235897
CIVA2,S13,neutrophils,0.34236744975001
CIVA2,S13,NK.cells,0.0136144925429778
CIVA2,S13,CD4.T.cells,NA
CIVA2,S13,CD8.T.cells,NA
CIVA2,S13,fibroblasts,NA
CIVA2,S13,endothelial.cells,NA
CIVA2,S14,B.cells,7.76699234941051e-16
CIVA2,S14,monocytic.lineage,2.23863349340044e-4
CIVA2,S14,monocytic.lineage,0.99845059257252
CIVA2,S14,neutrophils,1.34093222569101e-4
CIVA2,S14,NK.cells,0.00119075814464012
CIVA2,S14,CD4.T.cells,NA
CIVA2,S14,CD8.T.cells,NA
CIVA2,S14,fibroblasts,NA
CIVA2,S14,endothelial.cells,NA
CIVA2,S15,B.cells,8.63676974255728e-4
CIVA2,S15,monocytic.lineage,0.0160109386434387
CIVA2,S15,monocytic.lineage,6.53563193009373e-4
CIVA2,S15,neutrophils,5.93251702545543e-9
CIVA2,S15,NK.cells,0.980504996008485
CIVA2,S15,CD4.T.cells,NA
CIVA2,S15,CD8.T.cells,NA
CIVA2,S15,fibroblasts,NA
CIVA2,S15,endothelial.cells,NA
CIVA2,S16,B.cells,0.857884592929695
CIVA2,S16,monocytic.lineage,0.020530881238249
CIVA2,S16,monocytic.lineage,0.0104200323344442
CIVA2,S16,neutrophils,0.00196542657228244
CIVA2,S16,NK.cells,8.71309743451281e-9
CIVA2,S16,CD4.T.cells,NA
CIVA2,S16,CD8.T.cells,NA
CIVA2,S16,fibroblasts,NA
CIVA2,S16,endothelial.cells,NA
CIVA2,S17,B.cells,0.256262728464535
CIVA2,S17,monocytic.lineage,0.111236841495892
CIVA2,S17,monocytic.lineage,0.562849406272167
CIVA2,S17,neutrophils,5.15342454299312e-4
CIVA2,S17,NK.cells,2.1052225999634e-9
CIVA2,S17,CD4.T.cells,NA
CIVA2,S17,CD8.T.cells,NA
CIVA2,S17,fibroblasts,NA
CIVA2,S17,endothelial.cells,NA
CIVA2,S18,B.cells,0.0555820032223421
CIVA2,S18,monocytic.lineage,0.158646957864148
CIVA2,S18,monocytic.lineage,0.369735301966371
CIVA2,S18,neutrophils,0.00245233349956523
CIVA2,S18,NK.cells,0.0634257058390422
CIVA2,S18,CD4.T.cells,NA
CIVA2,S18,CD8.T.cells,NA
CIVA2,S18,fibroblasts,NA
CIVA2,S18,endothelial.cells,NA
CIVA2,S19,B.cells,8.5772073348835e-4
CIVA2,S19,monocytic.lineage,0.0145890369641106
CIVA2,S19,monocytic.lineage,6.0941882140553e-4
CIVA2,S19,neutrophils,0.0746510161325131
CIVA2,S19,NK.cells,0.00442226965271788
CIVA2,S19,CD4.T.cells,NA
CIVA2,S19,CD8.T.cells,NA
CIVA2,S19,fibroblasts,NA
CIVA2,S19,endothelial.cells,NA
CIVA2,S2,B.cells,0.20841036207961
CIVA2,S2,monocytic.lineage,0.03491244049991
CIVA2,S2,monocytic.lineage,2.72128039155806e-4
CIVA2,S2,neutrophils,0.0177423598715886
CIVA2,S2,NK.cells,0.738661132215972
CIVA2,S2,CD4.T.cells,NA
CIVA2,S2,CD8.T.cells,NA
CIVA2,S2,fibroblasts,NA
CIVA2,S2,endothelial.cells,NA
CIVA2,S20,B.cells,0.0131444964509215
CIVA2,S20,monocytic.lineage,1.15775310485052e-4
CIVA2,S20,monocytic.lineage,6.76212542893775e-4
CIVA2,S20,neutrophils,0.334448691595883
CIVA2,S20,NK.cells,0.00190313628899828
CIVA2,S20,CD4.T.cells,NA
CIVA2,S20,CD8.T.cells,NA
CIVA2,S20,fibroblasts,NA
CIVA2,S20,endothelial.cells,NA
CIVA2,S3,B.cells,0.699710461520618
CIVA2,S3,monocytic.lineage,0.00289867510413202
CIVA2,S3,monocytic.lineage,0.0704170374719529
CIVA2,S3,neutrophils,0.00982001486545783
CIVA2,S3,NK.cells,0.0160692799061582
CIVA2,S3,CD4.T.cells,NA
CIVA2,S3,CD8.T.cells,NA
CIVA2,S3,fibroblasts,NA
CIVA2,S3,endothelial.cells,NA
CIVA2,S4,B.cells,0.0282801617930151
CIVA2,S4,monocytic.lineage,0.00678453585068971
CIVA2,S4,monocytic.lineage,1.33813958151938e-5
CIVA2,S4,neutrophils,0.431263418854246
CIVA2,S4,NK.cells,0.0157839536108769
CIVA2,S4,CD4.T.cells,NA
CIVA2,S4,CD8.T.cells,NA
CIVA2,S4,fibroblasts,NA
CIVA2,S4,endothelial.cells,NA
CIVA2,S5,B.cells,3.17964582830805e-5
CIVA2,S5,monocytic.lineage,0.262378056589174
CIVA2,S5,monocytic.lineage,0.664064076173999
CIVA2,S5,neutrophils,0.0600919873385119
CIVA2,S5,NK.cells,0.0134331357594569
CIVA2,S5,CD4.T.cells,NA
CIVA2,S5,CD8.T.cells,NA
CIVA2,S5,fibroblasts,NA
CIVA2,S5,endothelial.cells,NA
CIVA2,S6,B.cells,0.898636200666985
CIVA2,S6,monocytic.lineage,0.00162977924397857
CIVA2,S6,monocytic.lineage,0.0129077445548582
CIVA2,S6,neutrophils,0.0578116251908133
CIVA2,S6,NK.cells,0.0289996994511216
CIVA2,S6,CD4.T.cells,NA
CIVA2,S6,CD8.T.cells,NA
CIVA2,S6,fibroblasts,NA
CIVA2,S6,endothelial.cells,NA
CIVA2,S7,B.cells,0.1638891541051
CIVA2,S7,monocytic.lineage,0.00308105963262559
CIVA2,S7,monocytic.lineage,0.12250205134904
CIVA2,S7,neutrophils,5.056042214878e-7
CIVA2,S7,NK.cells,0.529648008903007
CIVA2,S7,CD4.T.cells,NA
CIVA2,S7,CD8.T.cells,NA
CIVA2,S7,fibroblasts,NA
CIVA2,S7,endothelial.cells,NA
CIVA2,S8,B.cells,3.96317850897908e-5
CIVA2,S8,monocytic.lineage,2.75681518425882e-14
CIVA2,S8,monocytic.lineage,0.00267546076738951
CIVA2,S8,neutrophils,0.958567085223697
CIVA2,S8,NK.cells,0.00734147275322396
CIVA2,S8,CD4.T.cells,NA
CIVA2,S8,CD8.T.cells,NA
CIVA2,S8,fibroblasts,NA
CIVA2,S8,endothelial.cells,NA
CIVA2,S9,B.cells,0.0333191853777504
CIVA2,S9,monocytic.lineage,0.492417294688389
CIVA2,S9,monocytic.lineage,0.00311195524305902
CIVA2,S9,neutrophils,0.147416003211255
CIVA2,S9,NK.cells,0.31796469137686
CIVA2,S9,CD4.T.cells,NA
CIVA2,S9,CD8.T.cells,NA
CIVA2,S9,fibroblasts,NA
CIVA2,S9,endothelial.cells,NA
CIVA3,S1,B.cells,8.77011746394092e-4
CIVA3,S1,CD4.T.cells,0.115187621125913
CIVA3,S1,CD8.T.cells,0.0255940719973633
CIVA3,S1,monocytic.lineage,0.854980826609102
CIVA3,S1,NK.cells,0.00156951162386496
CIVA3,S1,neutrophils,NA
CIVA3,S1,fibroblasts,NA
CIVA3,S1,endothelial.cells,NA
CIVA3,S10,B.cells,2.40871262950421e-8
CIVA3,S10,CD4.T.cells,0.340512661790187
CIVA3,S10,CD8.T.cells,4.01700708836445e-10
CIVA3,S10,monocytic.lineage,8.60860677294275e-15
CIVA3,S10,NK.cells,0.0222579639084606
CIVA3,S10,neutrophils,NA
CIVA3,S10,fibroblasts,NA
CIVA3,S10,endothelial.cells,NA
CIVA3,S11,B.cells,5.16118452675484e-9
CIVA3,S11,CD4.T.cells,0.034480327982629
CIVA3,S11,CD8.T.cells,0.00812854065946491
CIVA3,S11,monocytic.lineage,0.0259199273484056
CIVA3,S11,NK.cells,1.59805187610458e-5
CIVA3,S11,neutrophils,NA
CIVA3,S11,fibroblasts,NA
CIVA3,S11,endothelial.cells,NA
CIVA3,S12,B.cells,0.201712194752224
CIVA3,S12,CD4.T.cells,0.127061364470643
CIVA3,S12,CD8.T.cells,6.39651714964924e-6
CIVA3,S12,monocytic.lineage,3.37406524745899e-9
CIVA3,S12,NK.cells,9.33891314258653e-7
CIVA3,S12,neutrophils,NA
CIVA3,S12,fibroblasts,NA
CIVA3,S12,endothelial.cells,NA
CIVA3,S13,B.cells,0.0143204269860778
CIVA3,S13,CD4.T.cells,8.07377523651528e-4
CIVA3,S13,CD8.T.cells,0.105799084373187
CIVA3,S13,monocytic.lineage,0.849714643740489
CIVA3,S13,NK.cells,0.0292905614329577
CIVA3,S13,neutrophils,NA
CIVA3,S13,fibroblasts,NA
CIVA3,S13,endothelial.cells,NA
CIVA3,S14,B.cells,8.09407799050837e-6
CIVA3,S14,CD4.T.cells,0.033862510532081
CIVA3,S14,CD8.T.cells,0.0598576285779545
CIVA3,S14,monocytic.lineage,1.65564480424808e-4
CIVA3,S14,NK.cells,0.90001167901588
CIVA3,S14,neutrophils,NA
CIVA3,S14,fibroblasts,NA
CIVA3,S14,endothelial.cells,NA
CIVA3,S15,B.cells,0.415267292452149
CIVA3,S15,CD4.T.cells,0.230858738985709
CIVA3,S15,CD8.T.cells,0.00170952556032586
CIVA3,S15,monocytic.lineage,0.107089251937076
CIVA3,S15,NK.cells,0.244094328903116
CIVA3,S15,neutrophils,NA
CIVA3,S15,fibroblasts,NA
CIVA3,S15,endothelial.cells,NA
CIVA3,S16,B.cells,4.19140610770091e-5
CIVA3,S16,CD4.T.cells,0.0193140595485933
CIVA3,S16,CD8.T.cells,0.0178630613707745
CIVA3,S16,monocytic.lineage,1.05581072670632e-7
CIVA3,S16,NK.cells,0.681161186434383
CIVA3,S16,neutrophils,NA
CIVA3,S16,fibroblasts,NA
CIVA3,S16,endothelial.cells,NA
CIVA3,S17,B.cells,1.11025216399135e-7
CIVA3,S17,CD4.T.cells,4.15358268280958e-4
CIVA3,S17,CD8.T.cells,0.078140665533616
CIVA3,S17,monocytic.lineage,0.648853825916645
CIVA3,S17,NK.cells,0.244965765440512
CIVA3,S17,neutrophils,NA
CIVA3,S17,fibroblasts,NA
CIVA3,S17,endothelial.cells,NA
CIVA3,S18,B.cells,1.20136699880022e-6
CIVA3,S18,CD4.T.cells,1.23768125644637e-4
CIVA3,S18,CD8.T.cells,0.30599789730061
CIVA3,S18,monocytic.lineage,0.0282055064130314
CIVA3,S18,NK.cells,0.0133043543035078
CIVA3,S18,neutrophils,NA
CIVA3,S18,fibroblasts,NA
CIVA3,S18,endothelial.cells,NA
CIVA3,S19,B.cells,4.25484611255523e-7
CIVA3,S19,CD4.T.cells,0.110432201838609
CIVA3,S19,CD8.T.cells,0.339230666175691
CIVA3,S19,monocytic.lineage,0.00145478936463985
CIVA3,S19,NK.cells,0.438747207028022
CIVA3,S19,neutrophils,NA
CIVA3,S19,fibroblasts,NA
CIVA3,S19,endothelial.cells,NA
CIVA3,S2,B.cells,0.64332515612308006
CIVA3,S2,CD4.T.cells,0.0256907584141501
CIVA3,S2,CD8.T.cells,3.64954456425217e-4
CIVA3,S2,monocytic.lineage,0.217419904989104
CIVA3,S2,NK.cells,0.00102012806389525
CIVA3,S2,neutrophils,NA
CIVA3,S2,fibroblasts,NA
CIVA3,S2,endothelial.cells,NA
CIVA3,S20,B.cells,0.858010300204461
CIVA3,S20,CD4.T.cells,0.00613025358960379
CIVA3,S20,CD8.T.cells,2.76113268185337e-4
CIVA3,S20,monocytic.lineage,0.0109289663007015
CIVA3,S20,NK.cells,3.18951024653687e-10
CIVA3,S20,neutrophils,NA
CIVA3,S20,fibroblasts,NA
CIVA3,S20,endothelial.cells,NA
CIVA3,S3,B.cells,1.61933221243471e-7
CIVA3,S3,CD4.T.cells,0.00256050329952372
CIVA3,S3,CD8.T.cells,1.95059494188283e-5
CIVA3,S3,monocytic.lineage,3.32006641021054e-4
CIVA3,S3,NK.cells,0.720322650628914
CIVA3,S3,neutrophils,NA
CIVA3,S3,fibroblasts,NA
CIVA3,S3,endothelial.cells,NA
CIVA3,S4,B.cells,0.0206457189638498
CIVA3,S4,CD4.T.cells,0.978728419081941
CIVA3,S4,CD8.T.cells,3.19757593093284e-12
CIVA3,S4,monocytic.lineage,6.13236607615548e-4
CIVA3,S4,NK.cells,8.9070683866414e-6
CIVA3,S4,neutrophils,NA
CIVA3,S4,fibroblasts,NA
CIVA3,S4,endothelial.cells,NA
CIVA3,S5,B.cells,0.394891095891147
CIVA3,S5,CD4.T.cells,0.582872805673579
CIVA3,S5,CD8.T.cells,1.22309126757419e-4
CIVA3,S5,monocytic.lineage,0.0203802864650345
CIVA3,S5,NK.cells,1.3799801638888e-7
CIVA3,S5,neutrophils,NA
CIVA3,S5,fibroblasts,NA
CIVA3,S5,endothelial.cells,NA
CIVA3,S6,B.cells,0.00957295595934272
CIVA3,S6,CD4.T.cells,1.64394036617424e-7
CIVA3,S6,CD8.T.cells,0.145666841692338
CIVA3,S6,monocytic.lineage,0.09760434046638
CIVA3,S6,NK.cells,0.580757352316784
CIVA3,S6,neutrophils,NA
CIVA3,S6,fibroblasts,NA
CIVA3,S6,endothelial.cells,NA
CIVA3,S7,B.cells,0.00207796170440609
CIVA3,S7,CD4.T.cells,0.960893192068229
CIVA3,S7,CD8.T.cells,0.0337253405137533
CIVA3,S7,monocytic.lineage,6.12741807068074e-4
CIVA3,S7,NK.cells,0.00269049301819827
CIVA3,S7,neutrophils,NA
CIVA3,S7,fibroblasts,NA
CIVA3,S7,endothelial.cells,NA
CIVA3,S8,B.cells,0.0546386747549285
CIVA3,S8,CD4.T.cells,0.568668834009542
CIVA3,S8,CD8.T.cells,8.20148965910142e-4
CIVA3,S8,monocytic.lineage,0.216502895992604
CIVA3,S8,NK.cells,0.143552996625311
CIVA3,S8,neutrophils,NA
CIVA3,S8,fibroblasts,NA
CIVA3,S8,endothelial.cells,NA
CIVA3,S9,B.cells,0.11874568251132
CIVA3,S9,CD4.T.cells,0.500765550918112
CIVA3,S9,CD8.T.cells,0.370925435080536
CIVA3,S9,monocytic.lineage,0.00480721928344784
CIVA3,S9,NK.cells,0.00475570227610426
CIVA3,S9,neutrophils,NA
CIVA3,S9,fibroblasts,NA
CIVA3,S9,endothelial.cells,NA
CIAS6,S1,B.cells,0.8200971185324649
CIAS6,S1,CD4.T.cells,0.134201717053272
CIAS6,S1,CD8.T.cells,0.0018928848712076263
CIAS6,S1,monocytic.lineage,4.996243650638876e-7
CIAS6,S1,neutrophils,4.09558715547817e-5
CIAS6,S1,NK.cells,0.0437668240471351
CIAS6,S1,fibroblasts,NA
CIAS6,S1,endothelial.cells,NA
CIAS6,S10,B.cells,2.653798328589253e-7
CIAS6,S10,CD4.T.cells,0.10044797134079773
CIAS6,S10,CD8.T.cells,0.015071849769323064
CIAS6,S10,monocytic.lineage,0.0650762815977043
CIAS6,S10,neutrophils,0.753439473522482
CIAS6,S10,NK.cells,0.0659641583898602
CIAS6,S10,fibroblasts,NA
CIAS6,S10,endothelial.cells,NA
CIAS6,S11,B.cells,0.024343174667558542
CIAS6,S11,CD4.T.cells,0.15093984221623502
CIAS6,S11,CD8.T.cells,0.6308376059924796
CIAS6,S11,monocytic.lineage,0.10441115402209218
CIAS6,S11,neutrophils,0.0296930788357046
CIAS6,S11,NK.cells,0.0597751442659308
CIAS6,S11,fibroblasts,NA
CIAS6,S11,endothelial.cells,NA
CIAS6,S12,B.cells,4.848395057702619e-4
CIAS6,S12,CD4.T.cells,0.21104795742221852
CIAS6,S12,CD8.T.cells,0.621940853183535
CIAS6,S12,monocytic.lineage,0.1665233924801362
CIAS6,S12,neutrophils,9.7814147502736e-9
CIAS6,S12,NK.cells,2.94762692535743e-6
CIAS6,S12,fibroblasts,NA
CIAS6,S12,endothelial.cells,NA
CIAS6,S13,B.cells,0.06760214532695002
CIAS6,S13,CD4.T.cells,0.011896410643713103
CIAS6,S13,CD8.T.cells,0.30830806503882047
CIAS6,S13,monocytic.lineage,0.15234296288369062
CIAS6,S13,neutrophils,1.54859913639015e-9
CIAS6,S13,NK.cells,0.459850414558226
CIAS6,S13,fibroblasts,NA
CIAS6,S13,endothelial.cells,NA
CIAS6,S14,B.cells,0.017533758445078616
CIAS6,S14,CD4.T.cells,0.05166765162364356
CIAS6,S14,CD8.T.cells,0.10038636402075674
CIAS6,S14,monocytic.lineage,0.7984690648391607
CIAS6,S14,neutrophils,0.0319431610713609
CIAS6,S14,NK.cells,4.62604750488763e-18
CIAS6,S14,fibroblasts,NA
CIAS6,S14,endothelial.cells,NA
CIAS6,S15,B.cells,5.682852921649229e-7
CIAS6,S15,CD4.T.cells,0.0011182399349575867
CIAS6,S15,CD8.T.cells,0.6886747779448527
CIAS6,S15,monocytic.lineage,0.05191599766439593
CIAS6,S15,neutrophils,0.25825718157041
CIAS6,S15,NK.cells,3.32346000913386e-5
CIAS6,S15,fibroblasts,NA
CIAS6,S15,endothelial.cells,NA
CIAS6,S16,B.cells,0.25944332770114
CIAS6,S16,CD4.T.cells,3.1537315702704787e-6
CIAS6,S16,CD8.T.cells,0.49209814012720504
CIAS6,S16,monocytic.lineage,0.006072133795537502
CIAS6,S16,neutrophils,0.242383244644546
CIAS6,S16,NK.cells,3.13216005604271e-16
CIAS6,S16,fibroblasts,NA
CIAS6,S16,endothelial.cells,NA
CIAS6,S17,B.cells,0.37234341137130816
CIAS6,S17,CD4.T.cells,0.01224543247423547
CIAS6,S17,CD8.T.cells,0.22609642487915566
CIAS6,S17,monocytic.lineage,0.28151745699574693
CIAS6,S17,neutrophils,2.39742261755556e-4
CIAS6,S17,NK.cells,0.107557532017798
CIAS6,S17,fibroblasts,NA
CIAS6,S17,endothelial.cells,NA
CIAS6,S18,B.cells,3.4880859034422e-5
CIAS6,S18,CD4.T.cells,0.4867382793716019
CIAS6,S18,CD8.T.cells,0.4638252405088846
CIAS6,S18,monocytic.lineage,0.04940130846254638
CIAS6,S18,neutrophils,1.39443344847492e-13
CIAS6,S18,NK.cells,2.90797792867638e-7
CIAS6,S18,fibroblasts,NA
CIAS6,S18,endothelial.cells,NA
CIAS6,S19,B.cells,2.6284956991859136e-8
CIAS6,S19,CD4.T.cells,0.004333602782047118
CIAS6,S19,CD8.T.cells,0.036966975161797463
CIAS6,S19,monocytic.lineage,0.642634205368148
CIAS6,S19,neutrophils,1.7920809493555e-13
CIAS6,S19,NK.cells,0.316065190402871
CIAS6,S19,fibroblasts,NA
CIAS6,S19,endothelial.cells,NA
CIAS6,S2,B.cells,0.5622174216043997
CIAS6,S2,CD4.T.cells,0.11926650932859284
CIAS6,S2,CD8.T.cells,0.08392236428760022
CIAS6,S2,monocytic.lineage,0.012440593999822013
CIAS6,S2,neutrophils,0.219717215370268
CIAS6,S2,NK.cells,0.00243589540931714
CIAS6,S2,fibroblasts,NA
CIAS6,S2,endothelial.cells,NA
CIAS6,S20,B.cells,2.312054319891995e-10
CIAS6,S20,CD4.T.cells,0.05180104790779788
CIAS6,S20,CD8.T.cells,0.6341706180648676
CIAS6,S20,monocytic.lineage,0.3135965219606422
CIAS6,S20,neutrophils,2.39811390996711e-8
CIAS6,S20,NK.cells,4.31787854347682e-4
CIAS6,S20,fibroblasts,NA
CIAS6,S20,endothelial.cells,NA
CIAS6,S21,B.cells,0.01711321188443803
CIAS6,S21,CD4.T.cells,0.854911024216257
CIAS6,S21,CD8.T.cells,0.025166991571457627
CIAS6,S21,monocytic.lineage,0.0660057145181485
CIAS6,S21,neutrophils,2.3545711606634e-4
CIAS6,S21,NK.cells,0.0365676006936324
CIAS6,S21,fibroblasts,NA
CIAS6,S21,endothelial.cells,NA
CIAS6,S22,B.cells,4.966230581588612e-4
CIAS6,S22,CD4.T.cells,0.10286340201463211
CIAS6,S22,CD8.T.cells,0.02526061076405782
CIAS6,S22,monocytic.lineage,0.38505900323464315
CIAS6,S22,neutrophils,8.58540625644614e-5
CIAS6,S22,NK.cells,0.486234506865944
CIAS6,S22,fibroblasts,NA
CIAS6,S22,endothelial.cells,NA
CIAS6,S23,B.cells,2.3915684349782427e-4
CIAS6,S23,CD4.T.cells,0.14356729408458122
CIAS6,S23,CD8.T.cells,0.16759208741415405
CIAS6,S23,monocytic.lineage,0.6866641931825473
CIAS6,S23,neutrophils,5.57177170327013e-4
CIAS6,S23,NK.cells,0.0013800913048922
CIAS6,S23,fibroblasts,NA
CIAS6,S23,endothelial.cells,NA
CIAS6,S24,B.cells,9.34342798131432e-6
CIAS6,S24,CD4.T.cells,0.17148295180315676
CIAS6,S24,CD8.T.cells,4.8436724893735015e-4
CIAS6,S24,monocytic.lineage,0.8280229646445635
CIAS6,S24,neutrophils,3.64393269894075e-7
CIAS6,S24,NK.cells,8.48209069453139e-9
CIAS6,S24,fibroblasts,NA
CIAS6,S24,endothelial.cells,NA
CIAS6,S25,B.cells,0.07273925246699837
CIAS6,S25,CD4.T.cells,0.003673812874308324
CIAS6,S25,CD8.T.cells,0.9067389922967405
CIAS6,S25,monocytic.lineage,6.443387538017911e-4
CIAS6,S25,neutrophils,4.53352977240447e-22
CIAS6,S25,NK.cells,0.0162036036081506
CIAS6,S25,fibroblasts,NA
CIAS6,S25,endothelial.cells,NA
CIAS6,S26,B.cells,0.05761452287933533
CIAS6,S26,CD4.T.cells,0.8110886461390292
CIAS6,S26,CD8.T.cells,0.03412878352424696
CIAS6,S26,monocytic.lineage,0.097168047350459
CIAS6,S26,neutrophils,2.66606104211792e-11
CIAS6,S26,NK.cells,8.02686027090814e-11
CIAS6,S26,fibroblasts,NA
CIAS6,S26,endothelial.cells,NA
CIAS6,S27,B.cells,0.8325477612496667
CIAS6,S27,CD4.T.cells,0.005978997145572049
CIAS6,S27,CD8.T.cells,0.019679411074308272
CIAS6,S27,monocytic.lineage,0.14160627638423043
CIAS6,S27,neutrophils,1.80981807650171e-4
CIAS6,S27,NK.cells,6.57233857203721e-6
CIAS6,S27,fibroblasts,NA
CIAS6,S27,endothelial.cells,NA
CIAS6,S28,B.cells,0.34607052422612294
CIAS6,S28,CD4.T.cells,0.1596149391445077
CIAS6,S28,CD8.T.cells,0.1346494210795372
CIAS6,S28,monocytic.lineage,0.35895734446595223
CIAS6,S28,neutrophils,7.07734439631509e-4
CIAS6,S28,NK.cells,3.66442474091626e-8
CIAS6,S28,fibroblasts,NA
CIAS6,S28,endothelial.cells,NA
CIAS6,S29,B.cells,0.22826624593072303
CIAS6,S29,CD4.T.cells,0.3287296643719251
CIAS6,S29,CD8.T.cells,0.18247996238140363
CIAS6,S29,monocytic.lineage,0.2605241253592928
CIAS6,S29,neutrophils,6.38734130511905e-15
CIAS6,S29,NK.cells,1.95664771557271e-9
CIAS6,S29,fibroblasts,NA
CIAS6,S29,endothelial.cells,NA
CIAS6,S3,B.cells,5.760935155413473e-7
CIAS6,S3,CD4.T.cells,0.9762665478759863
CIAS6,S3,CD8.T.cells,0.00403534766248753
CIAS6,S3,monocytic.lineage,1.1768076347500622e-4
CIAS6,S3,neutrophils,0.0180687684953005
CIAS6,S3,NK.cells,0.00151107910923557
CIAS6,S3,fibroblasts,NA
CIAS6,S3,endothelial.cells,NA
CIAS6,S30,B.cells,0.05189478703420998
CIAS6,S30,CD4.T.cells,0.7961500158288531
CIAS6,S30,CD8.T.cells,3.158668337708772e-4
CIAS6,S30,monocytic.lineage,0.15052902584593605
CIAS6,S30,neutrophils,3.87667144147563e-20
CIAS6,S30,NK.cells,0.00111030445722997
CIAS6,S30,fibroblasts,NA
CIAS6,S30,endothelial.cells,NA
CIAS6,S4,B.cells,3.0006971508989745e-5
CIAS6,S4,CD4.T.cells,0.7446747088881849
CIAS6,S4,CD8.T.cells,4.961340601554498e-4
CIAS6,S4,monocytic.lineage,1.408271627417054e-5
CIAS6,S4,neutrophils,0.254784753894935
CIAS6,S4,NK.cells,3.13468941595236e-7
CIAS6,S4,fibroblasts,NA
CIAS6,S4,endothelial.cells,NA
CIAS6,S5,B.cells,0.032534071480786075
CIAS6,S5,CD4.T.cells,0.7502497542866013
CIAS6,S5,CD8.T.cells,2.1954960245213346e-4
CIAS6,S5,monocytic.lineage,0.2169959575439071
CIAS6,S5,neutrophils,1.47296918817829e-9
CIAS6,S5,NK.cells,6.65613283897293e-7
CIAS6,S5,fibroblasts,NA
CIAS6,S5,endothelial.cells,NA
CIAS6,S6,B.cells,8.022242503214273e-5
CIAS6,S6,CD4.T.cells,0.028042047996643032
CIAS6,S6,CD8.T.cells,0.2935912770997
CIAS6,S6,monocytic.lineage,0.678286452478623
CIAS6,S6,neutrophils,3.72064318220332e-20
CIAS6,S6,NK.cells,1.76876937033674e-15
CIAS6,S6,fibroblasts,NA
CIAS6,S6,endothelial.cells,NA
CIAS6,S7,B.cells,0.11999069781836515
CIAS6,S7,CD4.T.cells,0.24828806925595717
CIAS6,S7,CD8.T.cells,1.3427653698536154e-5
CIAS6,S7,monocytic.lineage,0.0774726487141594
CIAS6,S7,neutrophils,6.51008832699048e-11
CIAS6,S7,NK.cells,0.554235156492719
CIAS6,S7,fibroblasts,NA
CIAS6,S7,endothelial.cells,NA
CIAS6,S8,B.cells,0.02438226755608868
CIAS6,S8,CD4.T.cells,0.006257009532275588
CIAS6,S8,CD8.T.cells,0.04063051147974829
CIAS6,S8,monocytic.lineage,0.928699683160603
CIAS6,S8,neutrophils,2.28430683474854e-7
CIAS6,S8,NK.cells,3.02998406006261e-5
CIAS6,S8,fibroblasts,NA
CIAS6,S8,endothelial.cells,NA
CIAS6,S9,B.cells,1.2217447646199492e-5
CIAS6,S9,CD4.T.cells,0.28163494851215787
CIAS6,S9,CD8.T.cells,0.06946005874939823
CIAS6,S9,monocytic.lineage,0.004923056692612685
CIAS6,S9,neutrophils,0.111365840105538
CIAS6,S9,NK.cells,0.532603878492647
CIAS6,S9,fibroblasts,NA
CIAS6,S9,endothelial.cells,NA
