dataset.name,sample.id,cell.type,measured
FIVA1,S1,monocytes,5.27470943365278e-5
FIVA1,S1,myeloid.dendritic.cells,0.632766306100883
FIVA1,S1,neutrophils,1.88465400023973e-9
FIVA1,S1,NK.cells,9.41356647568197e-6
FIVA1,S1,memory.B.cells,NA
FIVA1,S1,naive.B.cells,NA
FIVA1,S1,memory.CD4.T.cells,NA
FIVA1,S1,naive.CD4.T.cells,NA
FIVA1,S1,regulatory.T.cells,NA
FIVA1,S1,memory.CD8.T.cells,NA
FIVA1,S1,naive.CD8.T.cells,NA
FIVA1,S1,macrophages,NA
FIVA1,S1,fibroblasts,NA
FIVA1,S1,endothelial.cells,NA
FIVA1,S10,monocytes,0.728282269789086
FIVA1,S10,myeloid.dendritic.cells,0.152934565933944
FIVA1,S10,neutrophils,0.0176637613822072
FIVA1,S10,NK.cells,0.0735537915308307
FIVA1,S10,memory.B.cells,NA
FIVA1,S10,naive.B.cells,NA
FIVA1,S10,memory.CD4.T.cells,NA
FIVA1,S10,naive.CD4.T.cells,NA
FIVA1,S10,regulatory.T.cells,NA
FIVA1,S10,memory.CD8.T.cells,NA
FIVA1,S10,naive.CD8.T.cells,NA
FIVA1,S10,macrophages,NA
FIVA1,S10,fibroblasts,NA
FIVA1,S10,endothelial.cells,NA
FIVA1,S11,monocytes,0.885366078934306
FIVA1,S11,myeloid.dendritic.cells,0.0479101999076211
FIVA1,S11,neutrophils,0.00881756742603989
FIVA1,S11,NK.cells,7.16562627317682e-4
FIVA1,S11,memory.B.cells,NA
FIVA1,S11,naive.B.cells,NA
FIVA1,S11,memory.CD4.T.cells,NA
FIVA1,S11,naive.CD4.T.cells,NA
FIVA1,S11,regulatory.T.cells,NA
FIVA1,S11,memory.CD8.T.cells,NA
FIVA1,S11,naive.CD8.T.cells,NA
FIVA1,S11,macrophages,NA
FIVA1,S11,fibroblasts,NA
FIVA1,S11,endothelial.cells,NA
FIVA1,S12,monocytes,0.305064267457261
FIVA1,S12,myeloid.dendritic.cells,0.00262947992207954
FIVA1,S12,neutrophils,0.22058657794134
FIVA1,S12,NK.cells,0.214985593540452
FIVA1,S12,memory.B.cells,NA
FIVA1,S12,naive.B.cells,NA
FIVA1,S12,memory.CD4.T.cells,NA
FIVA1,S12,naive.CD4.T.cells,NA
FIVA1,S12,regulatory.T.cells,NA
FIVA1,S12,memory.CD8.T.cells,NA
FIVA1,S12,naive.CD8.T.cells,NA
FIVA1,S12,macrophages,NA
FIVA1,S12,fibroblasts,NA
FIVA1,S12,endothelial.cells,NA
FIVA1,S13,monocytes,0.0216899655120548
FIVA1,S13,myeloid.dendritic.cells,0.343618078344649
FIVA1,S13,neutrophils,0.273027927508902
FIVA1,S13,NK.cells,0.0391936447667836
FIVA1,S13,memory.B.cells,NA
FIVA1,S13,naive.B.cells,NA
FIVA1,S13,memory.CD4.T.cells,NA
FIVA1,S13,naive.CD4.T.cells,NA
FIVA1,S13,regulatory.T.cells,NA
FIVA1,S13,memory.CD8.T.cells,NA
FIVA1,S13,naive.CD8.T.cells,NA
FIVA1,S13,macrophages,NA
FIVA1,S13,fibroblasts,NA
FIVA1,S13,endothelial.cells,NA
FIVA1,S14,monocytes,0.00197520815613623
FIVA1,S14,myeloid.dendritic.cells,0.0169106538298426
FIVA1,S14,neutrophils,0.595439231735571
FIVA1,S14,NK.cells,0.14335607482272
FIVA1,S14,memory.B.cells,NA
FIVA1,S14,naive.B.cells,NA
FIVA1,S14,memory.CD4.T.cells,NA
FIVA1,S14,naive.CD4.T.cells,NA
FIVA1,S14,regulatory.T.cells,NA
FIVA1,S14,memory.CD8.T.cells,NA
FIVA1,S14,naive.CD8.T.cells,NA
FIVA1,S14,macrophages,NA
FIVA1,S14,fibroblasts,NA
FIVA1,S14,endothelial.cells,NA
FIVA1,S15,monocytes,0.0771740491934841
FIVA1,S15,myeloid.dendritic.cells,0.656531046708745
FIVA1,S15,neutrophils,0.250421138768454
FIVA1,S15,NK.cells,0.015871720823785702
FIVA1,S15,memory.B.cells,NA
FIVA1,S15,naive.B.cells,NA
FIVA1,S15,memory.CD4.T.cells,NA
FIVA1,S15,naive.CD4.T.cells,NA
FIVA1,S15,regulatory.T.cells,NA
FIVA1,S15,memory.CD8.T.cells,NA
FIVA1,S15,naive.CD8.T.cells,NA
FIVA1,S15,macrophages,NA
FIVA1,S15,fibroblasts,NA
FIVA1,S15,endothelial.cells,NA
FIVA1,S16,monocytes,0.755600982798182
FIVA1,S16,myeloid.dendritic.cells,0.0133125554839322
FIVA1,S16,neutrophils,0.00956149100921415
FIVA1,S16,NK.cells,0.0889533071907388
FIVA1,S16,memory.B.cells,NA
FIVA1,S16,naive.B.cells,NA
FIVA1,S16,memory.CD4.T.cells,NA
FIVA1,S16,naive.CD4.T.cells,NA
FIVA1,S16,regulatory.T.cells,NA
FIVA1,S16,memory.CD8.T.cells,NA
FIVA1,S16,naive.CD8.T.cells,NA
FIVA1,S16,macrophages,NA
FIVA1,S16,fibroblasts,NA
FIVA1,S16,endothelial.cells,NA
FIVA1,S17,monocytes,3.47434771600773e-4
FIVA1,S17,myeloid.dendritic.cells,0.161883087522874
FIVA1,S17,neutrophils,0.256180170113095
FIVA1,S17,NK.cells,0.577771540589675
FIVA1,S17,memory.B.cells,NA
FIVA1,S17,naive.B.cells,NA
FIVA1,S17,memory.CD4.T.cells,NA
FIVA1,S17,naive.CD4.T.cells,NA
FIVA1,S17,regulatory.T.cells,NA
FIVA1,S17,memory.CD8.T.cells,NA
FIVA1,S17,naive.CD8.T.cells,NA
FIVA1,S17,macrophages,NA
FIVA1,S17,fibroblasts,NA
FIVA1,S17,endothelial.cells,NA
FIVA1,S18,monocytes,0.172555217738192
FIVA1,S18,myeloid.dendritic.cells,0.255026564805303
FIVA1,S18,neutrophils,0.19649481614528
FIVA1,S18,NK.cells,0.375822817726759
FIVA1,S18,memory.B.cells,NA
FIVA1,S18,naive.B.cells,NA
FIVA1,S18,memory.CD4.T.cells,NA
FIVA1,S18,naive.CD4.T.cells,NA
FIVA1,S18,regulatory.T.cells,NA
FIVA1,S18,memory.CD8.T.cells,NA
FIVA1,S18,naive.CD8.T.cells,NA
FIVA1,S18,macrophages,NA
FIVA1,S18,fibroblasts,NA
FIVA1,S18,endothelial.cells,NA
FIVA1,S19,monocytes,2.04914653389512e-6
FIVA1,S19,myeloid.dendritic.cells,1.69502164393645e-4
FIVA1,S19,neutrophils,0.180091294384148
FIVA1,S19,NK.cells,0.0122678322570617
FIVA1,S19,memory.B.cells,NA
FIVA1,S19,naive.B.cells,NA
FIVA1,S19,memory.CD4.T.cells,NA
FIVA1,S19,naive.CD4.T.cells,NA
FIVA1,S19,regulatory.T.cells,NA
FIVA1,S19,memory.CD8.T.cells,NA
FIVA1,S19,naive.CD8.T.cells,NA
FIVA1,S19,macrophages,NA
FIVA1,S19,fibroblasts,NA
FIVA1,S19,endothelial.cells,NA
FIVA1,S2,monocytes,5.29694160630831e-6
FIVA1,S2,myeloid.dendritic.cells,0.599845461777085
FIVA1,S2,neutrophils,0.396998334418801
FIVA1,S2,NK.cells,0.00251117845263735
FIVA1,S2,memory.B.cells,NA
FIVA1,S2,naive.B.cells,NA
FIVA1,S2,memory.CD4.T.cells,NA
FIVA1,S2,naive.CD4.T.cells,NA
FIVA1,S2,regulatory.T.cells,NA
FIVA1,S2,memory.CD8.T.cells,NA
FIVA1,S2,naive.CD8.T.cells,NA
FIVA1,S2,macrophages,NA
FIVA1,S2,fibroblasts,NA
FIVA1,S2,endothelial.cells,NA
FIVA1,S20,monocytes,2.31849448142339e-6
FIVA1,S20,myeloid.dendritic.cells,1.19496645033917e-5
FIVA1,S20,neutrophils,0.126928187876924
FIVA1,S20,NK.cells,0.306551898968193
FIVA1,S20,memory.B.cells,NA
FIVA1,S20,naive.B.cells,NA
FIVA1,S20,memory.CD4.T.cells,NA
FIVA1,S20,naive.CD4.T.cells,NA
FIVA1,S20,regulatory.T.cells,NA
FIVA1,S20,memory.CD8.T.cells,NA
FIVA1,S20,naive.CD8.T.cells,NA
FIVA1,S20,macrophages,NA
FIVA1,S20,fibroblasts,NA
FIVA1,S20,endothelial.cells,NA
FIVA1,S3,monocytes,0.515254157708927
FIVA1,S3,myeloid.dendritic.cells,0.267494382615488
FIVA1,S3,neutrophils,0.00676001222556467
FIVA1,S3,NK.cells,0.0449177266159613
FIVA1,S3,memory.B.cells,NA
FIVA1,S3,naive.B.cells,NA
FIVA1,S3,memory.CD4.T.cells,NA
FIVA1,S3,naive.CD4.T.cells,NA
FIVA1,S3,regulatory.T.cells,NA
FIVA1,S3,memory.CD8.T.cells,NA
FIVA1,S3,naive.CD8.T.cells,NA
FIVA1,S3,macrophages,NA
FIVA1,S3,fibroblasts,NA
FIVA1,S3,endothelial.cells,NA
FIVA1,S4,monocytes,7.23218158795428e-4
FIVA1,S4,myeloid.dendritic.cells,0.116591655804631
FIVA1,S4,neutrophils,0.663675620590563
FIVA1,S4,NK.cells,0.216096723924591
FIVA1,S4,memory.B.cells,NA
FIVA1,S4,naive.B.cells,NA
FIVA1,S4,memory.CD4.T.cells,NA
FIVA1,S4,naive.CD4.T.cells,NA
FIVA1,S4,regulatory.T.cells,NA
FIVA1,S4,memory.CD8.T.cells,NA
FIVA1,S4,naive.CD8.T.cells,NA
FIVA1,S4,macrophages,NA
FIVA1,S4,fibroblasts,NA
FIVA1,S4,endothelial.cells,NA
FIVA1,S5,monocytes,0.019144088984068
FIVA1,S5,myeloid.dendritic.cells,1.24697118602119e-9
FIVA1,S5,neutrophils,0.975878616141246
FIVA1,S5,NK.cells,5.69298672192377e-5
FIVA1,S5,memory.B.cells,NA
FIVA1,S5,naive.B.cells,NA
FIVA1,S5,memory.CD4.T.cells,NA
FIVA1,S5,naive.CD4.T.cells,NA
FIVA1,S5,regulatory.T.cells,NA
FIVA1,S5,memory.CD8.T.cells,NA
FIVA1,S5,naive.CD8.T.cells,NA
FIVA1,S5,macrophages,NA
FIVA1,S5,fibroblasts,NA
FIVA1,S5,endothelial.cells,NA
FIVA1,S6,monocytes,0.00290614201785457
FIVA1,S6,myeloid.dendritic.cells,1.35459450847942e-9
FIVA1,S6,neutrophils,0.852013240028375
FIVA1,S6,NK.cells,0.137116194536494
FIVA1,S6,memory.B.cells,NA
FIVA1,S6,naive.B.cells,NA
FIVA1,S6,memory.CD4.T.cells,NA
FIVA1,S6,naive.CD4.T.cells,NA
FIVA1,S6,regulatory.T.cells,NA
FIVA1,S6,memory.CD8.T.cells,NA
FIVA1,S6,naive.CD8.T.cells,NA
FIVA1,S6,macrophages,NA
FIVA1,S6,fibroblasts,NA
FIVA1,S6,endothelial.cells,NA
FIVA1,S7,monocytes,0.454042450749981
FIVA1,S7,myeloid.dendritic.cells,0.308329048763853
FIVA1,S7,neutrophils,0.174047521831072
FIVA1,S7,NK.cells,0.0235835082876649
FIVA1,S7,memory.B.cells,NA
FIVA1,S7,naive.B.cells,NA
FIVA1,S7,memory.CD4.T.cells,NA
FIVA1,S7,naive.CD4.T.cells,NA
FIVA1,S7,regulatory.T.cells,NA
FIVA1,S7,memory.CD8.T.cells,NA
FIVA1,S7,naive.CD8.T.cells,NA
FIVA1,S7,macrophages,NA
FIVA1,S7,fibroblasts,NA
FIVA1,S7,endothelial.cells,NA
FIVA1,S8,monocytes,0.0676374106561628
FIVA1,S8,myeloid.dendritic.cells,0.444118242003275
FIVA1,S8,neutrophils,6.0181513533028e-5
FIVA1,S8,NK.cells,0.485226318522885
FIVA1,S8,memory.B.cells,NA
FIVA1,S8,naive.B.cells,NA
FIVA1,S8,memory.CD4.T.cells,NA
FIVA1,S8,naive.CD4.T.cells,NA
FIVA1,S8,regulatory.T.cells,NA
FIVA1,S8,memory.CD8.T.cells,NA
FIVA1,S8,naive.CD8.T.cells,NA
FIVA1,S8,macrophages,NA
FIVA1,S8,fibroblasts,NA
FIVA1,S8,endothelial.cells,NA
FIVA1,S9,monocytes,7.34627879230283e-6
FIVA1,S9,myeloid.dendritic.cells,0.139252355756199
FIVA1,S9,neutrophils,0.713239727594796
FIVA1,S9,NK.cells,0.0437836246688105
FIVA1,S9,memory.B.cells,NA
FIVA1,S9,naive.B.cells,NA
FIVA1,S9,memory.CD4.T.cells,NA
FIVA1,S9,naive.CD4.T.cells,NA
FIVA1,S9,regulatory.T.cells,NA
FIVA1,S9,memory.CD8.T.cells,NA
FIVA1,S9,naive.CD8.T.cells,NA
FIVA1,S9,macrophages,NA
FIVA1,S9,fibroblasts,NA
FIVA1,S9,endothelial.cells,NA
FIAS4,S1,memory.B.cells,1.47883027730361e-9
FIAS4,S1,memory.CD8.T.cells,0.4675255778277629
FIAS4,S1,monocytes,0.186884480831661
FIAS4,S1,myeloid.dendritic.cells,0.00838756252617459
FIAS4,S1,naive.B.cells,3.35402435322169e-4
FIAS4,S1,naive.CD8.T.cells,0.336356352031284
FIAS4,S1,NK.cells,5.10622868950725e-4
FIAS4,S1,regulatory.T.cells,1.4931937215504e-14
FIAS4,S1,memory.CD4.T.cells,NA
FIAS4,S1,naive.CD4.T.cells,NA
FIAS4,S1,neutrophils,NA
FIAS4,S1,macrophages,NA
FIAS4,S1,fibroblasts,NA
FIAS4,S1,endothelial.cells,NA
FIAS4,S10,memory.B.cells,0.339483824799997
FIAS4,S10,memory.CD8.T.cells,1.6400161440277002e-6
FIAS4,S10,monocytes,0.122264611908332
FIAS4,S10,myeloid.dendritic.cells,4.03641304104207e-5
FIAS4,S10,naive.B.cells,0.00917930720078775
FIAS4,S10,naive.CD8.T.cells,0.174286600898885
FIAS4,S10,NK.cells,0.35474337093885
FIAS4,S10,regulatory.T.cells,2.80106593490579e-7
FIAS4,S10,memory.CD4.T.cells,NA
FIAS4,S10,naive.CD4.T.cells,NA
FIAS4,S10,neutrophils,NA
FIAS4,S10,macrophages,NA
FIAS4,S10,fibroblasts,NA
FIAS4,S10,endothelial.cells,NA
FIAS4,S11,memory.B.cells,1.85369440796722e-4
FIAS4,S11,memory.CD8.T.cells,0.00684485394886602
FIAS4,S11,monocytes,0.507547601952232
FIAS4,S11,myeloid.dendritic.cells,0.00739694180414138
FIAS4,S11,naive.B.cells,2.2758559205913e-4
FIAS4,S11,naive.CD8.T.cells,0.0224742715260167
FIAS4,S11,NK.cells,0.433985310962411
FIAS4,S11,regulatory.T.cells,0.0213380647734772
FIAS4,S11,memory.CD4.T.cells,NA
FIAS4,S11,naive.CD4.T.cells,NA
FIAS4,S11,neutrophils,NA
FIAS4,S11,macrophages,NA
FIAS4,S11,fibroblasts,NA
FIAS4,S11,endothelial.cells,NA
FIAS4,S12,memory.B.cells,NA
FIAS4,S12,memory.CD8.T.cells,0.001918274419022407
FIAS4,S12,monocytes,2.82389803477809e-6
FIAS4,S12,myeloid.dendritic.cells,NA
FIAS4,S12,naive.B.cells,NA
FIAS4,S12,naive.CD8.T.cells,0.0627260649103463
FIAS4,S12,NK.cells,0.929609234191152
FIAS4,S12,regulatory.T.cells,0.00574360258144397
FIAS4,S12,memory.CD4.T.cells,NA
FIAS4,S12,naive.CD4.T.cells,NA
FIAS4,S12,neutrophils,NA
FIAS4,S12,macrophages,NA
FIAS4,S12,fibroblasts,NA
FIAS4,S12,endothelial.cells,NA
FIAS4,S13,memory.B.cells,8.41299281277888e-5
FIAS4,S13,memory.CD8.T.cells,5.876545158328041e-6
FIAS4,S13,monocytes,1.21324944069523e-9
FIAS4,S13,myeloid.dendritic.cells,2.65535356508274e-5
FIAS4,S13,naive.B.cells,2.83292475242074e-7
FIAS4,S13,naive.CD8.T.cells,0.00181888981148168
FIAS4,S13,NK.cells,0.984868370446603
FIAS4,S13,regulatory.T.cells,0.0131958952272537
FIAS4,S13,memory.CD4.T.cells,NA
FIAS4,S13,naive.CD4.T.cells,NA
FIAS4,S13,neutrophils,NA
FIAS4,S13,macrophages,NA
FIAS4,S13,fibroblasts,NA
FIAS4,S13,endothelial.cells,NA
FIAS4,S14,memory.B.cells,NA
FIAS4,S14,memory.CD8.T.cells,0.0545461954218264
FIAS4,S14,monocytes,0.939770321594345
FIAS4,S14,myeloid.dendritic.cells,NA
FIAS4,S14,naive.B.cells,NA
FIAS4,S14,naive.CD8.T.cells,2.05676321857847e-5
FIAS4,S14,NK.cells,1.11805163115987e-9
FIAS4,S14,regulatory.T.cells,0.00566291423359146
FIAS4,S14,memory.CD4.T.cells,NA
FIAS4,S14,naive.CD4.T.cells,NA
FIAS4,S14,neutrophils,NA
FIAS4,S14,macrophages,NA
FIAS4,S14,fibroblasts,NA
FIAS4,S14,endothelial.cells,NA
FIAS4,S15,memory.B.cells,0.0214011679583605
FIAS4,S15,memory.CD8.T.cells,0.05915611155754823
FIAS4,S15,monocytes,0.00581440361994631
FIAS4,S15,myeloid.dendritic.cells,0.31132821480578
FIAS4,S15,naive.B.cells,2.74541798135773e-9
FIAS4,S15,naive.CD8.T.cells,0.602300099128857
FIAS4,S15,NK.cells,1.84090480823814e-10
FIAS4,S15,regulatory.T.cells,7.55905656286703e-20
FIAS4,S15,memory.CD4.T.cells,NA
FIAS4,S15,naive.CD4.T.cells,NA
FIAS4,S15,neutrophils,NA
FIAS4,S15,macrophages,NA
FIAS4,S15,fibroblasts,NA
FIAS4,S15,endothelial.cells,NA
FIAS4,S16,memory.B.cells,5.10730578600121e-5
FIAS4,S16,memory.CD8.T.cells,0.7262676850923215
FIAS4,S16,monocytes,2.35948609061323e-5
FIAS4,S16,myeloid.dendritic.cells,0.253486047299321
FIAS4,S16,naive.B.cells,8.7544696310637e-4
FIAS4,S16,naive.CD8.T.cells,0.0192659176328457
FIAS4,S16,NK.cells,3.02340272177952e-5
FIAS4,S16,regulatory.T.cells,1.06642097825598e-9
FIAS4,S16,memory.CD4.T.cells,NA
FIAS4,S16,naive.CD4.T.cells,NA
FIAS4,S16,neutrophils,NA
FIAS4,S16,macrophages,NA
FIAS4,S16,fibroblasts,NA
FIAS4,S16,endothelial.cells,NA
FIAS4,S17,memory.B.cells,6.64227918606577e-7
FIAS4,S17,memory.CD8.T.cells,0.9956866472371255
FIAS4,S17,monocytes,2.19167679438975e-5
FIAS4,S17,myeloid.dendritic.cells,1.32401140103847e-5
FIAS4,S17,naive.B.cells,1.54200804862493e-20
FIAS4,S17,naive.CD8.T.cells,0.00224717686806715
FIAS4,S17,NK.cells,4.2237275053145e-9
FIAS4,S17,regulatory.T.cells,0.0020303505612071
FIAS4,S17,memory.CD4.T.cells,NA
FIAS4,S17,naive.CD4.T.cells,NA
FIAS4,S17,neutrophils,NA
FIAS4,S17,macrophages,NA
FIAS4,S17,fibroblasts,NA
FIAS4,S17,endothelial.cells,NA
FIAS4,S18,memory.B.cells,NA
FIAS4,S18,memory.CD8.T.cells,0.2854267569349829
FIAS4,S18,monocytes,0.115142486162102
FIAS4,S18,myeloid.dendritic.cells,NA
FIAS4,S18,naive.B.cells,NA
FIAS4,S18,naive.CD8.T.cells,0.599370856429098
FIAS4,S18,NK.cells,5.74177617852454e-5
FIAS4,S18,regulatory.T.cells,2.48271203192689e-6
FIAS4,S18,memory.CD4.T.cells,NA
FIAS4,S18,naive.CD4.T.cells,NA
FIAS4,S18,neutrophils,NA
FIAS4,S18,macrophages,NA
FIAS4,S18,fibroblasts,NA
FIAS4,S18,endothelial.cells,NA
FIAS4,S19,memory.B.cells,0.00160330774169272
FIAS4,S19,memory.CD8.T.cells,0.2628069494347665
FIAS4,S19,monocytes,0.533451976864709
FIAS4,S19,myeloid.dendritic.cells,0.0592896538864992
FIAS4,S19,naive.B.cells,5.23966052446196e-8
FIAS4,S19,naive.CD8.T.cells,0.142781287085829
FIAS4,S19,NK.cells,6.67187973476796e-5
FIAS4,S19,regulatory.T.cells,5.37925504091613e-8
FIAS4,S19,memory.CD4.T.cells,NA
FIAS4,S19,naive.CD4.T.cells,NA
FIAS4,S19,neutrophils,NA
FIAS4,S19,macrophages,NA
FIAS4,S19,fibroblasts,NA
FIAS4,S19,endothelial.cells,NA
FIAS4,S2,memory.B.cells,8.0813994338748e-5
FIAS4,S2,memory.CD8.T.cells,3.72435583212087e-8
FIAS4,S2,monocytes,0.819927034782083
FIAS4,S2,myeloid.dendritic.cells,0.0215747196863278
FIAS4,S2,naive.B.cells,1.76091496657819e-6
FIAS4,S2,naive.CD8.T.cells,0.0110714932723649
FIAS4,S2,NK.cells,0.00146691664697029
FIAS4,S2,regulatory.T.cells,0.145877223459391
FIAS4,S2,memory.CD4.T.cells,NA
FIAS4,S2,naive.CD4.T.cells,NA
FIAS4,S2,neutrophils,NA
FIAS4,S2,macrophages,NA
FIAS4,S2,fibroblasts,NA
FIAS4,S2,endothelial.cells,NA
FIAS4,S20,memory.B.cells,0.00100856667398156
FIAS4,S20,memory.CD8.T.cells,0.998569268573666
FIAS4,S20,monocytes,4.28498132288536e-5
FIAS4,S20,myeloid.dendritic.cells,1.46333185810844e-15
FIAS4,S20,naive.B.cells,3.79178538752296e-15
FIAS4,S20,naive.CD8.T.cells,1.15892327140033e-9
FIAS4,S20,NK.cells,9.26498154164175e-5
FIAS4,S20,regulatory.T.cells,2.86663964778718e-4
FIAS4,S20,memory.CD4.T.cells,NA
FIAS4,S20,naive.CD4.T.cells,NA
FIAS4,S20,neutrophils,NA
FIAS4,S20,macrophages,NA
FIAS4,S20,fibroblasts,NA
FIAS4,S20,endothelial.cells,NA
FIAS4,S3,memory.B.cells,6.94451656918275e-7
FIAS4,S3,memory.CD8.T.cells,4.03649350365291e-8
FIAS4,S3,monocytes,4.68238805989399e-5
FIAS4,S3,myeloid.dendritic.cells,5.70987019220928e-4
FIAS4,S3,naive.B.cells,0.693398887444476
FIAS4,S3,naive.CD8.T.cells,3.50934297756028e-6
FIAS4,S3,NK.cells,0.0169457130865989
FIAS4,S3,regulatory.T.cells,0.289033344409535
FIAS4,S3,memory.CD4.T.cells,NA
FIAS4,S3,naive.CD4.T.cells,NA
FIAS4,S3,neutrophils,NA
FIAS4,S3,macrophages,NA
FIAS4,S3,fibroblasts,NA
FIAS4,S3,endothelial.cells,NA
FIAS4,S4,memory.B.cells,0.00280176050536602
FIAS4,S4,memory.CD8.T.cells,2.29634642325429e-5
FIAS4,S4,monocytes,0.127943250433721
FIAS4,S4,myeloid.dendritic.cells,0.825752191924733
FIAS4,S4,naive.B.cells,0.0181334999747815
FIAS4,S4,naive.CD8.T.cells,0.00156382507993815
FIAS4,S4,NK.cells,0.0237816876735791
FIAS4,S4,regulatory.T.cells,8.20943648669144e-7
FIAS4,S4,memory.CD4.T.cells,NA
FIAS4,S4,naive.CD4.T.cells,NA
FIAS4,S4,neutrophils,NA
FIAS4,S4,macrophages,NA
FIAS4,S4,fibroblasts,NA
FIAS4,S4,endothelial.cells,NA
FIAS4,S5,memory.B.cells,NA
FIAS4,S5,memory.CD8.T.cells,7.44101281547389e-7
FIAS4,S5,monocytes,0.0138677866513873
FIAS4,S5,myeloid.dendritic.cells,NA
FIAS4,S5,naive.B.cells,NA
FIAS4,S5,naive.CD8.T.cells,0.955645516174681
FIAS4,S5,NK.cells,0.0284179336897898
FIAS4,S5,regulatory.T.cells,0.00206801938286005
FIAS4,S5,memory.CD4.T.cells,NA
FIAS4,S5,naive.CD4.T.cells,NA
FIAS4,S5,neutrophils,NA
FIAS4,S5,macrophages,NA
FIAS4,S5,fibroblasts,NA
FIAS4,S5,endothelial.cells,NA
FIAS4,S6,memory.B.cells,NA
FIAS4,S6,memory.CD8.T.cells,0.004105473272398777
FIAS4,S6,monocytes,0.90110182194727
FIAS4,S6,myeloid.dendritic.cells,NA
FIAS4,S6,naive.B.cells,NA
FIAS4,S6,naive.CD8.T.cells,2.16177352457519e-7
FIAS4,S6,NK.cells,0.0947924883463017
FIAS4,S6,regulatory.T.cells,2.56677097770936e-10
FIAS4,S6,memory.CD4.T.cells,NA
FIAS4,S6,naive.CD4.T.cells,NA
FIAS4,S6,neutrophils,NA
FIAS4,S6,macrophages,NA
FIAS4,S6,fibroblasts,NA
FIAS4,S6,endothelial.cells,NA
FIAS4,S7,memory.B.cells,0.00420208455064551
FIAS4,S7,memory.CD8.T.cells,0.00704848089173432
FIAS4,S7,monocytes,0.0196313893754027
FIAS4,S7,myeloid.dendritic.cells,5.57775296839093e-6
FIAS4,S7,naive.B.cells,0.0229623294852633
FIAS4,S7,naive.CD8.T.cells,8.55746658438797e-8
FIAS4,S7,NK.cells,0.151598586248307
FIAS4,S7,regulatory.T.cells,0.794551466121013
FIAS4,S7,memory.CD4.T.cells,NA
FIAS4,S7,naive.CD4.T.cells,NA
FIAS4,S7,neutrophils,NA
FIAS4,S7,macrophages,NA
FIAS4,S7,fibroblasts,NA
FIAS4,S7,endothelial.cells,NA
FIAS4,S8,memory.B.cells,0.161224497793203
FIAS4,S8,memory.CD8.T.cells,0.0177982842331969
FIAS4,S8,monocytes,0.0596839888189273
FIAS4,S8,myeloid.dendritic.cells,0.556759239455074
FIAS4,S8,naive.B.cells,0.00663688632206104
FIAS4,S8,naive.CD8.T.cells,0.00589448216583273
FIAS4,S8,NK.cells,0.191912686941513
FIAS4,S8,regulatory.T.cells,8.99342701925381e-5
FIAS4,S8,memory.CD4.T.cells,NA
FIAS4,S8,naive.CD4.T.cells,NA
FIAS4,S8,neutrophils,NA
FIAS4,S8,macrophages,NA
FIAS4,S8,fibroblasts,NA
FIAS4,S8,endothelial.cells,NA
FIAS4,S9,memory.B.cells,0.141919421373234
FIAS4,S9,memory.CD8.T.cells,0.07166060259754758
FIAS4,S9,monocytes,0.501953165391406
FIAS4,S9,myeloid.dendritic.cells,6.58257963332782e-5
FIAS4,S9,naive.B.cells,0.068475850604095
FIAS4,S9,naive.CD8.T.cells,0.00156698556306745
FIAS4,S9,NK.cells,0.213449885793475
FIAS4,S9,regulatory.T.cells,9.08262880840314e-4
FIAS4,S9,memory.CD4.T.cells,NA
FIAS4,S9,naive.CD4.T.cells,NA
FIAS4,S9,neutrophils,NA
FIAS4,S9,macrophages,NA
FIAS4,S9,fibroblasts,NA
FIAS4,S9,endothelial.cells,NA
FIAS5,S1,monocytes,0.473783665214879
FIAS5,S1,myeloid.dendritic.cells,0.0326573753997231
FIAS5,S1,neutrophils,0.476760249158824
FIAS5,S1,NK.cells,0.0167987102265732
FIAS5,S1,memory.B.cells,NA
FIAS5,S1,naive.B.cells,NA
FIAS5,S1,memory.CD4.T.cells,NA
FIAS5,S1,naive.CD4.T.cells,NA
FIAS5,S1,regulatory.T.cells,NA
FIAS5,S1,memory.CD8.T.cells,NA
FIAS5,S1,naive.CD8.T.cells,NA
FIAS5,S1,macrophages,NA
FIAS5,S1,fibroblasts,NA
FIAS5,S1,endothelial.cells,NA
FIAS5,S10,monocytes,0.606157250149101
FIAS5,S10,myeloid.dendritic.cells,0.272276730366041
FIAS5,S10,neutrophils,0.0973238215040284
FIAS5,S10,NK.cells,0.0242421979808304
FIAS5,S10,memory.B.cells,NA
FIAS5,S10,naive.B.cells,NA
FIAS5,S10,memory.CD4.T.cells,NA
FIAS5,S10,naive.CD4.T.cells,NA
FIAS5,S10,regulatory.T.cells,NA
FIAS5,S10,memory.CD8.T.cells,NA
FIAS5,S10,naive.CD8.T.cells,NA
FIAS5,S10,macrophages,NA
FIAS5,S10,fibroblasts,NA
FIAS5,S10,endothelial.cells,NA
FIAS5,S11,monocytes,0.0903698537330312
FIAS5,S11,myeloid.dendritic.cells,0.114354458371931
FIAS5,S11,neutrophils,0.259178005165315
FIAS5,S11,NK.cells,0.536097682729723
FIAS5,S11,memory.B.cells,NA
FIAS5,S11,naive.B.cells,NA
FIAS5,S11,memory.CD4.T.cells,NA
FIAS5,S11,naive.CD4.T.cells,NA
FIAS5,S11,regulatory.T.cells,NA
FIAS5,S11,memory.CD8.T.cells,NA
FIAS5,S11,naive.CD8.T.cells,NA
FIAS5,S11,macrophages,NA
FIAS5,S11,fibroblasts,NA
FIAS5,S11,endothelial.cells,NA
FIAS5,S12,monocytes,0.00266688912238077
FIAS5,S12,myeloid.dendritic.cells,0.536909396463602
FIAS5,S12,neutrophils,0.187539791933627
FIAS5,S12,NK.cells,0.272883922480391
FIAS5,S12,memory.B.cells,NA
FIAS5,S12,naive.B.cells,NA
FIAS5,S12,memory.CD4.T.cells,NA
FIAS5,S12,naive.CD4.T.cells,NA
FIAS5,S12,regulatory.T.cells,NA
FIAS5,S12,memory.CD8.T.cells,NA
FIAS5,S12,naive.CD8.T.cells,NA
FIAS5,S12,macrophages,NA
FIAS5,S12,fibroblasts,NA
FIAS5,S12,endothelial.cells,NA
FIAS5,S13,monocytes,0.0455531487478234
FIAS5,S13,myeloid.dendritic.cells,0.739258341467805
FIAS5,S13,neutrophils,4.61900338998567e-4
FIAS5,S13,NK.cells,0.214726609445373
FIAS5,S13,memory.B.cells,NA
FIAS5,S13,naive.B.cells,NA
FIAS5,S13,memory.CD4.T.cells,NA
FIAS5,S13,naive.CD4.T.cells,NA
FIAS5,S13,regulatory.T.cells,NA
FIAS5,S13,memory.CD8.T.cells,NA
FIAS5,S13,naive.CD8.T.cells,NA
FIAS5,S13,macrophages,NA
FIAS5,S13,fibroblasts,NA
FIAS5,S13,endothelial.cells,NA
FIAS5,S14,monocytes,2.9637364107462e-4
FIAS5,S14,myeloid.dendritic.cells,0.385999105011931
FIAS5,S14,neutrophils,0.613704521346994
FIAS5,S14,NK.cells,1.14157550176968e-16
FIAS5,S14,memory.B.cells,NA
FIAS5,S14,naive.B.cells,NA
FIAS5,S14,memory.CD4.T.cells,NA
FIAS5,S14,naive.CD4.T.cells,NA
FIAS5,S14,regulatory.T.cells,NA
FIAS5,S14,memory.CD8.T.cells,NA
FIAS5,S14,naive.CD8.T.cells,NA
FIAS5,S14,macrophages,NA
FIAS5,S14,fibroblasts,NA
FIAS5,S14,endothelial.cells,NA
FIAS5,S15,monocytes,0.0465821573529196
FIAS5,S15,myeloid.dendritic.cells,0.919011715212286
FIAS5,S15,neutrophils,0.00157729040604894
FIAS5,S15,NK.cells,0.0328288370287456
FIAS5,S15,memory.B.cells,NA
FIAS5,S15,naive.B.cells,NA
FIAS5,S15,memory.CD4.T.cells,NA
FIAS5,S15,naive.CD4.T.cells,NA
FIAS5,S15,regulatory.T.cells,NA
FIAS5,S15,memory.CD8.T.cells,NA
FIAS5,S15,naive.CD8.T.cells,NA
FIAS5,S15,macrophages,NA
FIAS5,S15,fibroblasts,NA
FIAS5,S15,endothelial.cells,NA
FIAS5,S16,monocytes,0.0315735420418873
FIAS5,S16,myeloid.dendritic.cells,0.0191245925815477
FIAS5,S16,neutrophils,0.947444608214444
FIAS5,S16,NK.cells,0.00185725716212105
FIAS5,S16,memory.B.cells,NA
FIAS5,S16,naive.B.cells,NA
FIAS5,S16,memory.CD4.T.cells,NA
FIAS5,S16,naive.CD4.T.cells,NA
FIAS5,S16,regulatory.T.cells,NA
FIAS5,S16,memory.CD8.T.cells,NA
FIAS5,S16,naive.CD8.T.cells,NA
FIAS5,S16,macrophages,NA
FIAS5,S16,fibroblasts,NA
FIAS5,S16,endothelial.cells,NA
FIAS5,S17,monocytes,0.468731465493716
FIAS5,S17,myeloid.dendritic.cells,2.02028141956068e-4
FIAS5,S17,neutrophils,0.00933631883107018
FIAS5,S17,NK.cells,0.521730187533258
FIAS5,S17,memory.B.cells,NA
FIAS5,S17,naive.B.cells,NA
FIAS5,S17,memory.CD4.T.cells,NA
FIAS5,S17,naive.CD4.T.cells,NA
FIAS5,S17,regulatory.T.cells,NA
FIAS5,S17,memory.CD8.T.cells,NA
FIAS5,S17,naive.CD8.T.cells,NA
FIAS5,S17,macrophages,NA
FIAS5,S17,fibroblasts,NA
FIAS5,S17,endothelial.cells,NA
FIAS5,S18,monocytes,0.502473072881931
FIAS5,S18,myeloid.dendritic.cells,0.0308259841772301
FIAS5,S18,neutrophils,0.00195347092439564
FIAS5,S18,NK.cells,0.464747472016443
FIAS5,S18,memory.B.cells,NA
FIAS5,S18,naive.B.cells,NA
FIAS5,S18,memory.CD4.T.cells,NA
FIAS5,S18,naive.CD4.T.cells,NA
FIAS5,S18,regulatory.T.cells,NA
FIAS5,S18,memory.CD8.T.cells,NA
FIAS5,S18,naive.CD8.T.cells,NA
FIAS5,S18,macrophages,NA
FIAS5,S18,fibroblasts,NA
FIAS5,S18,endothelial.cells,NA
FIAS5,S19,monocytes,4.99305493948088e-4
FIAS5,S19,myeloid.dendritic.cells,0.40202333458655
FIAS5,S19,neutrophils,0.029372206320751
FIAS5,S19,NK.cells,0.568105153598751
FIAS5,S19,memory.B.cells,NA
FIAS5,S19,naive.B.cells,NA
FIAS5,S19,memory.CD4.T.cells,NA
FIAS5,S19,naive.CD4.T.cells,NA
FIAS5,S19,regulatory.T.cells,NA
FIAS5,S19,memory.CD8.T.cells,NA
FIAS5,S19,naive.CD8.T.cells,NA
FIAS5,S19,macrophages,NA
FIAS5,S19,fibroblasts,NA
FIAS5,S19,endothelial.cells,NA
FIAS5,S2,monocytes,0.589463069086013
FIAS5,S2,myeloid.dendritic.cells,0.00249781031617262
FIAS5,S2,neutrophils,0.406979388312304
FIAS5,S2,NK.cells,0.00105973228550987
FIAS5,S2,memory.B.cells,NA
FIAS5,S2,naive.B.cells,NA
FIAS5,S2,memory.CD4.T.cells,NA
FIAS5,S2,naive.CD4.T.cells,NA
FIAS5,S2,regulatory.T.cells,NA
FIAS5,S2,memory.CD8.T.cells,NA
FIAS5,S2,naive.CD8.T.cells,NA
FIAS5,S2,macrophages,NA
FIAS5,S2,fibroblasts,NA
FIAS5,S2,endothelial.cells,NA
FIAS5,S20,monocytes,0.140841372265092
FIAS5,S20,myeloid.dendritic.cells,0.147897629110772
FIAS5,S20,neutrophils,0.00497306646412945
FIAS5,S20,NK.cells,0.706287932160006
FIAS5,S20,memory.B.cells,NA
FIAS5,S20,naive.B.cells,NA
FIAS5,S20,memory.CD4.T.cells,NA
FIAS5,S20,naive.CD4.T.cells,NA
FIAS5,S20,regulatory.T.cells,NA
FIAS5,S20,memory.CD8.T.cells,NA
FIAS5,S20,naive.CD8.T.cells,NA
FIAS5,S20,macrophages,NA
FIAS5,S20,fibroblasts,NA
FIAS5,S20,endothelial.cells,NA
FIAS5,S21,monocytes,0.12539882118181
FIAS5,S21,myeloid.dendritic.cells,6.1103960827309e-5
FIAS5,S21,neutrophils,0.523129744631548
FIAS5,S21,NK.cells,0.351410330225815
FIAS5,S21,memory.B.cells,NA
FIAS5,S21,naive.B.cells,NA
FIAS5,S21,memory.CD4.T.cells,NA
FIAS5,S21,naive.CD4.T.cells,NA
FIAS5,S21,regulatory.T.cells,NA
FIAS5,S21,memory.CD8.T.cells,NA
FIAS5,S21,naive.CD8.T.cells,NA
FIAS5,S21,macrophages,NA
FIAS5,S21,fibroblasts,NA
FIAS5,S21,endothelial.cells,NA
FIAS5,S22,monocytes,0.339400306283647
FIAS5,S22,myeloid.dendritic.cells,0.00163331958566623
FIAS5,S22,neutrophils,0.524043719658496
FIAS5,S22,NK.cells,0.134922654472191
FIAS5,S22,memory.B.cells,NA
FIAS5,S22,naive.B.cells,NA
FIAS5,S22,memory.CD4.T.cells,NA
FIAS5,S22,naive.CD4.T.cells,NA
FIAS5,S22,regulatory.T.cells,NA
FIAS5,S22,memory.CD8.T.cells,NA
FIAS5,S22,naive.CD8.T.cells,NA
FIAS5,S22,macrophages,NA
FIAS5,S22,fibroblasts,NA
FIAS5,S22,endothelial.cells,NA
FIAS5,S23,monocytes,0.553592346588421
FIAS5,S23,myeloid.dendritic.cells,0.00128833483679201
FIAS5,S23,neutrophils,2.14848192770238e-5
FIAS5,S23,NK.cells,0.44509783375551
FIAS5,S23,memory.B.cells,NA
FIAS5,S23,naive.B.cells,NA
FIAS5,S23,memory.CD4.T.cells,NA
FIAS5,S23,naive.CD4.T.cells,NA
FIAS5,S23,regulatory.T.cells,NA
FIAS5,S23,memory.CD8.T.cells,NA
FIAS5,S23,naive.CD8.T.cells,NA
FIAS5,S23,macrophages,NA
FIAS5,S23,fibroblasts,NA
FIAS5,S23,endothelial.cells,NA
FIAS5,S24,monocytes,0.0182622882232542
FIAS5,S24,myeloid.dendritic.cells,0.202095977948372
FIAS5,S24,neutrophils,0.779561256123819
FIAS5,S24,NK.cells,8.04777045546025e-5
FIAS5,S24,memory.B.cells,NA
FIAS5,S24,naive.B.cells,NA
FIAS5,S24,memory.CD4.T.cells,NA
FIAS5,S24,naive.CD4.T.cells,NA
FIAS5,S24,regulatory.T.cells,NA
FIAS5,S24,memory.CD8.T.cells,NA
FIAS5,S24,naive.CD8.T.cells,NA
FIAS5,S24,macrophages,NA
FIAS5,S24,fibroblasts,NA
FIAS5,S24,endothelial.cells,NA
FIAS5,S25,monocytes,0.00218437861024441
FIAS5,S25,myeloid.dendritic.cells,0.179695879637655
FIAS5,S25,neutrophils,0.815730869656614
FIAS5,S25,NK.cells,0.00238887209548625
FIAS5,S25,memory.B.cells,NA
FIAS5,S25,naive.B.cells,NA
FIAS5,S25,memory.CD4.T.cells,NA
FIAS5,S25,naive.CD4.T.cells,NA
FIAS5,S25,regulatory.T.cells,NA
FIAS5,S25,memory.CD8.T.cells,NA
FIAS5,S25,naive.CD8.T.cells,NA
FIAS5,S25,macrophages,NA
FIAS5,S25,fibroblasts,NA
FIAS5,S25,endothelial.cells,NA
FIAS5,S3,monocytes,0.137064276100029
FIAS5,S3,myeloid.dendritic.cells,0.337941158350936
FIAS5,S3,neutrophils,0.344387787174248
FIAS5,S3,NK.cells,0.180606778374787
FIAS5,S3,memory.B.cells,NA
FIAS5,S3,naive.B.cells,NA
FIAS5,S3,memory.CD4.T.cells,NA
FIAS5,S3,naive.CD4.T.cells,NA
FIAS5,S3,regulatory.T.cells,NA
FIAS5,S3,memory.CD8.T.cells,NA
FIAS5,S3,naive.CD8.T.cells,NA
FIAS5,S3,macrophages,NA
FIAS5,S3,fibroblasts,NA
FIAS5,S3,endothelial.cells,NA
FIAS5,S4,monocytes,0.649209761224481
FIAS5,S4,myeloid.dendritic.cells,0.00274934724256603
FIAS5,S4,neutrophils,0.253795096849792
FIAS5,S4,NK.cells,0.0942457946831609
FIAS5,S4,memory.B.cells,NA
FIAS5,S4,naive.B.cells,NA
FIAS5,S4,memory.CD4.T.cells,NA
FIAS5,S4,naive.CD4.T.cells,NA
FIAS5,S4,regulatory.T.cells,NA
FIAS5,S4,memory.CD8.T.cells,NA
FIAS5,S4,naive.CD8.T.cells,NA
FIAS5,S4,macrophages,NA
FIAS5,S4,fibroblasts,NA
FIAS5,S4,endothelial.cells,NA
FIAS5,S5,monocytes,0.0292166878869163
FIAS5,S5,myeloid.dendritic.cells,0.361924601611702
FIAS5,S5,neutrophils,0.14018767367252
FIAS5,S5,NK.cells,0.468671036828862
FIAS5,S5,memory.B.cells,NA
FIAS5,S5,naive.B.cells,NA
FIAS5,S5,memory.CD4.T.cells,NA
FIAS5,S5,naive.CD4.T.cells,NA
FIAS5,S5,regulatory.T.cells,NA
FIAS5,S5,memory.CD8.T.cells,NA
FIAS5,S5,naive.CD8.T.cells,NA
FIAS5,S5,macrophages,NA
FIAS5,S5,fibroblasts,NA
FIAS5,S5,endothelial.cells,NA
FIAS5,S6,monocytes,0.477478907971456
FIAS5,S6,myeloid.dendritic.cells,0.432062009908255
FIAS5,S6,neutrophils,0.0904417253813489
FIAS5,S6,NK.cells,1.73567389403325e-5
FIAS5,S6,memory.B.cells,NA
FIAS5,S6,naive.B.cells,NA
FIAS5,S6,memory.CD4.T.cells,NA
FIAS5,S6,naive.CD4.T.cells,NA
FIAS5,S6,regulatory.T.cells,NA
FIAS5,S6,memory.CD8.T.cells,NA
FIAS5,S6,naive.CD8.T.cells,NA
FIAS5,S6,macrophages,NA
FIAS5,S6,fibroblasts,NA
FIAS5,S6,endothelial.cells,NA
FIAS5,S7,monocytes,0.900581438182317
FIAS5,S7,myeloid.dendritic.cells,0.0687989995628588
FIAS5,S7,neutrophils,0.00218454477244263
FIAS5,S7,NK.cells,0.0284350174823814
FIAS5,S7,memory.B.cells,NA
FIAS5,S7,naive.B.cells,NA
FIAS5,S7,memory.CD4.T.cells,NA
FIAS5,S7,naive.CD4.T.cells,NA
FIAS5,S7,regulatory.T.cells,NA
FIAS5,S7,memory.CD8.T.cells,NA
FIAS5,S7,naive.CD8.T.cells,NA
FIAS5,S7,macrophages,NA
FIAS5,S7,fibroblasts,NA
FIAS5,S7,endothelial.cells,NA
FIAS5,S8,monocytes,1.00995008246159e-5
FIAS5,S8,myeloid.dendritic.cells,0.00304127993278678
FIAS5,S8,neutrophils,0.358447368318949
FIAS5,S8,NK.cells,0.638501252247439
FIAS5,S8,memory.B.cells,NA
FIAS5,S8,naive.B.cells,NA
FIAS5,S8,memory.CD4.T.cells,NA
FIAS5,S8,naive.CD4.T.cells,NA
FIAS5,S8,regulatory.T.cells,NA
FIAS5,S8,memory.CD8.T.cells,NA
FIAS5,S8,naive.CD8.T.cells,NA
FIAS5,S8,macrophages,NA
FIAS5,S8,fibroblasts,NA
FIAS5,S8,endothelial.cells,NA
FIAS5,S9,monocytes,1.10359412677867e-4
FIAS5,S9,myeloid.dendritic.cells,0.301352604166604
FIAS5,S9,neutrophils,0.0018129787722406
FIAS5,S9,NK.cells,0.696724057648478
FIAS5,S9,memory.B.cells,NA
FIAS5,S9,naive.B.cells,NA
FIAS5,S9,memory.CD4.T.cells,NA
FIAS5,S9,naive.CD4.T.cells,NA
FIAS5,S9,regulatory.T.cells,NA
FIAS5,S9,memory.CD8.T.cells,NA
FIAS5,S9,naive.CD8.T.cells,NA
FIAS5,S9,macrophages,NA
FIAS5,S9,fibroblasts,NA
FIAS5,S9,endothelial.cells,NA
FIVA2,S1,macrophages,1.02089672327796e-5
FIVA2,S1,myeloid.dendritic.cells,0.414477702878516
FIVA2,S1,neutrophils,9.44927312579675e-4
FIVA2,S1,NK.cells,0.00119833306285651
FIVA2,S1,memory.B.cells,NA
FIVA2,S1,naive.B.cells,NA
FIVA2,S1,memory.CD4.T.cells,NA
FIVA2,S1,naive.CD4.T.cells,NA
FIVA2,S1,regulatory.T.cells,NA
FIVA2,S1,memory.CD8.T.cells,NA
FIVA2,S1,naive.CD8.T.cells,NA
FIVA2,S1,monocytes,NA
FIVA2,S1,fibroblasts,NA
FIVA2,S1,endothelial.cells,NA
FIVA2,S10,macrophages,3.62642948454007e-10
FIVA2,S10,myeloid.dendritic.cells,0.0439526004184752
FIVA2,S10,neutrophils,0.00449920612995133
FIVA2,S10,NK.cells,0.0360672879106841
FIVA2,S10,memory.B.cells,NA
FIVA2,S10,naive.B.cells,NA
FIVA2,S10,memory.CD4.T.cells,NA
FIVA2,S10,naive.CD4.T.cells,NA
FIVA2,S10,regulatory.T.cells,NA
FIVA2,S10,memory.CD8.T.cells,NA
FIVA2,S10,naive.CD8.T.cells,NA
FIVA2,S10,monocytes,NA
FIVA2,S10,fibroblasts,NA
FIVA2,S10,endothelial.cells,NA
FIVA2,S11,macrophages,0.442761047380223
FIVA2,S11,myeloid.dendritic.cells,7.20935176199574e-4
FIVA2,S11,neutrophils,0.51443368125697
FIVA2,S11,NK.cells,0.0288680577310179
FIVA2,S11,memory.B.cells,NA
FIVA2,S11,naive.B.cells,NA
FIVA2,S11,memory.CD4.T.cells,NA
FIVA2,S11,naive.CD4.T.cells,NA
FIVA2,S11,regulatory.T.cells,NA
FIVA2,S11,memory.CD8.T.cells,NA
FIVA2,S11,naive.CD8.T.cells,NA
FIVA2,S11,monocytes,NA
FIVA2,S11,fibroblasts,NA
FIVA2,S11,endothelial.cells,NA
FIVA2,S12,macrophages,0.0103755374753122
FIVA2,S12,myeloid.dendritic.cells,0.00553881375597246
FIVA2,S12,neutrophils,9.2395011548162e-5
FIVA2,S12,NK.cells,0.983992750121897
FIVA2,S12,memory.B.cells,NA
FIVA2,S12,naive.B.cells,NA
FIVA2,S12,memory.CD4.T.cells,NA
FIVA2,S12,naive.CD4.T.cells,NA
FIVA2,S12,regulatory.T.cells,NA
FIVA2,S12,memory.CD8.T.cells,NA
FIVA2,S12,naive.CD8.T.cells,NA
FIVA2,S12,monocytes,NA
FIVA2,S12,fibroblasts,NA
FIVA2,S12,endothelial.cells,NA
FIVA2,S13,macrophages,0.720936078305175
FIVA2,S13,myeloid.dendritic.cells,0.205553055154579
FIVA2,S13,neutrophils,0.049038367101625
FIVA2,S13,NK.cells,0.014914651446912
FIVA2,S13,memory.B.cells,NA
FIVA2,S13,naive.B.cells,NA
FIVA2,S13,memory.CD4.T.cells,NA
FIVA2,S13,naive.CD4.T.cells,NA
FIVA2,S13,regulatory.T.cells,NA
FIVA2,S13,memory.CD8.T.cells,NA
FIVA2,S13,naive.CD8.T.cells,NA
FIVA2,S13,monocytes,NA
FIVA2,S13,fibroblasts,NA
FIVA2,S13,endothelial.cells,NA
FIVA2,S14,macrophages,2.65194873462998e-4
FIVA2,S14,myeloid.dendritic.cells,0.0228578621013653
FIVA2,S14,neutrophils,0.0766896469751165
FIVA2,S14,NK.cells,0.900133718747109
FIVA2,S14,memory.B.cells,NA
FIVA2,S14,naive.B.cells,NA
FIVA2,S14,memory.CD4.T.cells,NA
FIVA2,S14,naive.CD4.T.cells,NA
FIVA2,S14,regulatory.T.cells,NA
FIVA2,S14,memory.CD8.T.cells,NA
FIVA2,S14,naive.CD8.T.cells,NA
FIVA2,S14,monocytes,NA
FIVA2,S14,fibroblasts,NA
FIVA2,S14,endothelial.cells,NA
FIVA2,S15,macrophages,0.15019571406145
FIVA2,S15,myeloid.dendritic.cells,0.840515457591722
FIVA2,S15,neutrophils,0.00927676296463888
FIVA2,S15,NK.cells,1.19846518676745e-5
FIVA2,S15,memory.B.cells,NA
FIVA2,S15,naive.B.cells,NA
FIVA2,S15,memory.CD4.T.cells,NA
FIVA2,S15,naive.CD4.T.cells,NA
FIVA2,S15,regulatory.T.cells,NA
FIVA2,S15,memory.CD8.T.cells,NA
FIVA2,S15,naive.CD8.T.cells,NA
FIVA2,S15,monocytes,NA
FIVA2,S15,fibroblasts,NA
FIVA2,S15,endothelial.cells,NA
FIVA2,S16,macrophages,0.00400254047202926
FIVA2,S16,myeloid.dendritic.cells,2.55850769306333e-5
FIVA2,S16,neutrophils,0.0811761863732964
FIVA2,S16,NK.cells,0.00528670786482395
FIVA2,S16,memory.B.cells,NA
FIVA2,S16,naive.B.cells,NA
FIVA2,S16,memory.CD4.T.cells,NA
FIVA2,S16,naive.CD4.T.cells,NA
FIVA2,S16,regulatory.T.cells,NA
FIVA2,S16,memory.CD8.T.cells,NA
FIVA2,S16,naive.CD8.T.cells,NA
FIVA2,S16,monocytes,NA
FIVA2,S16,fibroblasts,NA
FIVA2,S16,endothelial.cells,NA
FIVA2,S17,macrophages,3.46225479128568e-4
FIVA2,S17,myeloid.dendritic.cells,0.230257187600465
FIVA2,S17,neutrophils,0.258213996304801
FIVA2,S17,NK.cells,0.402302366043405
FIVA2,S17,memory.B.cells,NA
FIVA2,S17,naive.B.cells,NA
FIVA2,S17,memory.CD4.T.cells,NA
FIVA2,S17,naive.CD4.T.cells,NA
FIVA2,S17,regulatory.T.cells,NA
FIVA2,S17,memory.CD8.T.cells,NA
FIVA2,S17,naive.CD8.T.cells,NA
FIVA2,S17,monocytes,NA
FIVA2,S17,fibroblasts,NA
FIVA2,S17,endothelial.cells,NA
FIVA2,S18,macrophages,1.12655546224426e-6
FIVA2,S18,myeloid.dendritic.cells,0.22531069554054
FIVA2,S18,neutrophils,0.119924213243687
FIVA2,S18,NK.cells,0.0396332894151793
FIVA2,S18,memory.B.cells,NA
FIVA2,S18,naive.B.cells,NA
FIVA2,S18,memory.CD4.T.cells,NA
FIVA2,S18,naive.CD4.T.cells,NA
FIVA2,S18,regulatory.T.cells,NA
FIVA2,S18,memory.CD8.T.cells,NA
FIVA2,S18,naive.CD8.T.cells,NA
FIVA2,S18,monocytes,NA
FIVA2,S18,fibroblasts,NA
FIVA2,S18,endothelial.cells,NA
FIVA2,S19,macrophages,0.10829484737573
FIVA2,S19,myeloid.dendritic.cells,0.00431500937095676
FIVA2,S19,neutrophils,0.836060696270474
FIVA2,S19,NK.cells,0.049937768013346
FIVA2,S19,memory.B.cells,NA
FIVA2,S19,naive.B.cells,NA
FIVA2,S19,memory.CD4.T.cells,NA
FIVA2,S19,naive.CD4.T.cells,NA
FIVA2,S19,regulatory.T.cells,NA
FIVA2,S19,memory.CD8.T.cells,NA
FIVA2,S19,naive.CD8.T.cells,NA
FIVA2,S19,monocytes,NA
FIVA2,S19,fibroblasts,NA
FIVA2,S19,endothelial.cells,NA
FIVA2,S2,macrophages,4.06868852391754e-4
FIVA2,S2,myeloid.dendritic.cells,0.0103394877808265
FIVA2,S2,neutrophils,0.00109334476639663
FIVA2,S2,NK.cells,3.24334128857327e-4
FIVA2,S2,memory.B.cells,NA
FIVA2,S2,naive.B.cells,NA
FIVA2,S2,memory.CD4.T.cells,NA
FIVA2,S2,naive.CD4.T.cells,NA
FIVA2,S2,regulatory.T.cells,NA
FIVA2,S2,memory.CD8.T.cells,NA
FIVA2,S2,naive.CD8.T.cells,NA
FIVA2,S2,monocytes,NA
FIVA2,S2,fibroblasts,NA
FIVA2,S2,endothelial.cells,NA
FIVA2,S20,macrophages,0.00425960565240073
FIVA2,S20,myeloid.dendritic.cells,0.0311712170855456
FIVA2,S20,neutrophils,0.0246224317417165
FIVA2,S20,NK.cells,5.44765573928489e-8
FIVA2,S20,memory.B.cells,NA
FIVA2,S20,naive.B.cells,NA
FIVA2,S20,memory.CD4.T.cells,NA
FIVA2,S20,naive.CD4.T.cells,NA
FIVA2,S20,regulatory.T.cells,NA
FIVA2,S20,memory.CD8.T.cells,NA
FIVA2,S20,naive.CD8.T.cells,NA
FIVA2,S20,monocytes,NA
FIVA2,S20,fibroblasts,NA
FIVA2,S20,endothelial.cells,NA
FIVA2,S3,macrophages,0.23650759088009
FIVA2,S3,myeloid.dendritic.cells,0.0351738971506108
FIVA2,S3,neutrophils,4.4089696621147e-6
FIVA2,S3,NK.cells,0.00193173518041858
FIVA2,S3,memory.B.cells,NA
FIVA2,S3,naive.B.cells,NA
FIVA2,S3,memory.CD4.T.cells,NA
FIVA2,S3,naive.CD4.T.cells,NA
FIVA2,S3,regulatory.T.cells,NA
FIVA2,S3,memory.CD8.T.cells,NA
FIVA2,S3,naive.CD8.T.cells,NA
FIVA2,S3,monocytes,NA
FIVA2,S3,fibroblasts,NA
FIVA2,S3,endothelial.cells,NA
FIVA2,S4,macrophages,0.607559958568575
FIVA2,S4,myeloid.dendritic.cells,5.69248524777555e-4
FIVA2,S4,neutrophils,0.308410894126254
FIVA2,S4,NK.cells,8.20441757904428e-5
FIVA2,S4,memory.B.cells,NA
FIVA2,S4,naive.B.cells,NA
FIVA2,S4,memory.CD4.T.cells,NA
FIVA2,S4,naive.CD4.T.cells,NA
FIVA2,S4,regulatory.T.cells,NA
FIVA2,S4,memory.CD8.T.cells,NA
FIVA2,S4,naive.CD8.T.cells,NA
FIVA2,S4,monocytes,NA
FIVA2,S4,fibroblasts,NA
FIVA2,S4,endothelial.cells,NA
FIVA2,S5,macrophages,0.605812660903824
FIVA2,S5,myeloid.dendritic.cells,0.177623120511188
FIVA2,S5,neutrophils,8.18366060187148e-4
FIVA2,S5,NK.cells,0.0261719204311654
FIVA2,S5,memory.B.cells,NA
FIVA2,S5,naive.B.cells,NA
FIVA2,S5,memory.CD4.T.cells,NA
FIVA2,S5,naive.CD4.T.cells,NA
FIVA2,S5,regulatory.T.cells,NA
FIVA2,S5,memory.CD8.T.cells,NA
FIVA2,S5,naive.CD8.T.cells,NA
FIVA2,S5,monocytes,NA
FIVA2,S5,fibroblasts,NA
FIVA2,S5,endothelial.cells,NA
FIVA2,S6,macrophages,1.04798912830441e-7
FIVA2,S6,myeloid.dendritic.cells,0.962243877046024
FIVA2,S6,neutrophils,0.0234259177035914
FIVA2,S6,NK.cells,3.5786640942947e-4
FIVA2,S6,memory.B.cells,NA
FIVA2,S6,naive.B.cells,NA
FIVA2,S6,memory.CD4.T.cells,NA
FIVA2,S6,naive.CD4.T.cells,NA
FIVA2,S6,regulatory.T.cells,NA
FIVA2,S6,memory.CD8.T.cells,NA
FIVA2,S6,naive.CD8.T.cells,NA
FIVA2,S6,monocytes,NA
FIVA2,S6,fibroblasts,NA
FIVA2,S6,endothelial.cells,NA
FIVA2,S7,macrophages,0.110724636579285
FIVA2,S7,myeloid.dendritic.cells,0.111047752297481
FIVA2,S7,neutrophils,0.721068224694922
FIVA2,S7,NK.cells,0.0555205881959183
FIVA2,S7,memory.B.cells,NA
FIVA2,S7,naive.B.cells,NA
FIVA2,S7,memory.CD4.T.cells,NA
FIVA2,S7,naive.CD4.T.cells,NA
FIVA2,S7,regulatory.T.cells,NA
FIVA2,S7,memory.CD8.T.cells,NA
FIVA2,S7,naive.CD8.T.cells,NA
FIVA2,S7,monocytes,NA
FIVA2,S7,fibroblasts,NA
FIVA2,S7,endothelial.cells,NA
FIVA2,S8,macrophages,0.00794389216057102
FIVA2,S8,myeloid.dendritic.cells,2.657943813146e-6
FIVA2,S8,neutrophils,7.66146085430744e-6
FIVA2,S8,NK.cells,0.116569387899591
FIVA2,S8,memory.B.cells,NA
FIVA2,S8,naive.B.cells,NA
FIVA2,S8,memory.CD4.T.cells,NA
FIVA2,S8,naive.CD4.T.cells,NA
FIVA2,S8,regulatory.T.cells,NA
FIVA2,S8,memory.CD8.T.cells,NA
FIVA2,S8,naive.CD8.T.cells,NA
FIVA2,S8,monocytes,NA
FIVA2,S8,fibroblasts,NA
FIVA2,S8,endothelial.cells,NA
FIVA2,S9,macrophages,0.50386984247816
FIVA2,S9,myeloid.dendritic.cells,0.00299480009706588
FIVA2,S9,neutrophils,4.70174935578687e-5
FIVA2,S9,NK.cells,0.0254888393531848
FIVA2,S9,memory.B.cells,NA
FIVA2,S9,naive.B.cells,NA
FIVA2,S9,memory.CD4.T.cells,NA
FIVA2,S9,naive.CD4.T.cells,NA
FIVA2,S9,regulatory.T.cells,NA
FIVA2,S9,memory.CD8.T.cells,NA
FIVA2,S9,naive.CD8.T.cells,NA
FIVA2,S9,monocytes,NA
FIVA2,S9,fibroblasts,NA
FIVA2,S9,endothelial.cells,NA
FIAS6,S1,memory.B.cells,0.0352948832958443
FIAS6,S1,memory.CD4.T.cells,3.622968938993398e-4
FIAS6,S1,memory.CD8.T.cells,0.0233154920884061
FIAS6,S1,monocytes,0.7298651162847597
FIAS6,S1,naive.B.cells,2.67525567826789e-6
FIAS6,S1,naive.CD4.T.cells,0.0446151294224516
FIAS6,S1,naive.CD8.T.cells,3.1729932310931e-15
FIAS6,S1,neutrophils,1.47311095969409e-9
FIAS6,S1,NK.cells,0.166544405285846
FIAS6,S1,regulatory.T.cells,NA
FIAS6,S1,myeloid.dendritic.cells,NA
FIAS6,S1,macrophages,NA
FIAS6,S1,fibroblasts,NA
FIAS6,S1,endothelial.cells,NA
FIAS6,S10,memory.B.cells,0.00632177372556495
FIAS6,S10,memory.CD4.T.cells,0.19374828320626897
FIAS6,S10,memory.CD8.T.cells,1.3012130793161553e-4
FIAS6,S10,monocytes,5.927607030971118e-4
FIAS6,S10,naive.B.cells,0.790537991141148
FIAS6,S10,naive.CD4.T.cells,1.35640326365512e-15
FIAS6,S10,naive.CD8.T.cells,9.68816618463907e-48
FIAS6,S10,neutrophils,2.50481312599726e-15
FIAS6,S10,NK.cells,0.00866906991598536
FIAS6,S10,regulatory.T.cells,NA
FIAS6,S10,myeloid.dendritic.cells,NA
FIAS6,S10,macrophages,NA
FIAS6,S10,fibroblasts,NA
FIAS6,S10,endothelial.cells,NA
FIAS6,S11,memory.B.cells,2.58986425162858e-8
FIAS6,S11,memory.CD4.T.cells,0.42675084916264505
FIAS6,S11,memory.CD8.T.cells,0.4936530905876117
FIAS6,S11,monocytes,0.040681519927050595
FIAS6,S11,naive.B.cells,3.87565112387926e-14
FIAS6,S11,naive.CD4.T.cells,0.00156056109657181
FIAS6,S11,naive.CD8.T.cells,2.33804805446364e-10
FIAS6,S11,neutrophils,0.0373539524299839
FIAS6,S11,NK.cells,6.63651197573816e-10
FIAS6,S11,regulatory.T.cells,NA
FIAS6,S11,myeloid.dendritic.cells,NA
FIAS6,S11,macrophages,NA
FIAS6,S11,fibroblasts,NA
FIAS6,S11,endothelial.cells,NA
FIAS6,S12,memory.B.cells,2.75239340028228e-7
FIAS6,S12,memory.CD4.T.cells,8.15709837929049e-4
FIAS6,S12,memory.CD8.T.cells,3.0290807987234356e-10
FIAS6,S12,monocytes,0.9526181184711083
FIAS6,S12,naive.B.cells,2.13837407404111e-13
FIAS6,S12,naive.CD4.T.cells,0.00159720636187426
FIAS6,S12,naive.CD8.T.cells,0.0145183721371683
FIAS6,S12,neutrophils,2.94552262841767e-22
FIAS6,S12,NK.cells,0.0304503176494578
FIAS6,S12,regulatory.T.cells,NA
FIAS6,S12,myeloid.dendritic.cells,NA
FIAS6,S12,macrophages,NA
FIAS6,S12,fibroblasts,NA
FIAS6,S12,endothelial.cells,NA
FIAS6,S13,memory.B.cells,2.92702430839625e-5
FIAS6,S13,memory.CD4.T.cells,0.13129646567980754
FIAS6,S13,memory.CD8.T.cells,7.4977445841152907e-05
FIAS6,S13,monocytes,0.10978432115606718
FIAS6,S13,naive.B.cells,2.40668563499596e-5
FIAS6,S13,naive.CD4.T.cells,4.00535669422239e-7
FIAS6,S13,naive.CD8.T.cells,0.757717560378261
FIAS6,S13,neutrophils,6.10435328556594e-5
FIAS6,S13,NK.cells,0.00101189417206391
FIAS6,S13,regulatory.T.cells,NA
FIAS6,S13,myeloid.dendritic.cells,NA
FIAS6,S13,macrophages,NA
FIAS6,S13,fibroblasts,NA
FIAS6,S13,endothelial.cells,NA
FIAS6,S14,memory.B.cells,9.45350616841496e-11
FIAS6,S14,memory.CD4.T.cells,3.087898185551622e-4
FIAS6,S14,memory.CD8.T.cells,0.032332556019217
FIAS6,S14,monocytes,3.322306597878609e-5
FIAS6,S14,naive.B.cells,9.09311842786081e-4
FIAS6,S14,naive.CD4.T.cells,0.522476139606933
FIAS6,S14,naive.CD8.T.cells,2.31509072899852e-10
FIAS6,S14,neutrophils,6.89676838528925e-14
FIAS6,S14,NK.cells,0.443939979320416
FIAS6,S14,regulatory.T.cells,NA
FIAS6,S14,myeloid.dendritic.cells,NA
FIAS6,S14,macrophages,NA
FIAS6,S14,fibroblasts,NA
FIAS6,S14,endothelial.cells,NA
FIAS6,S15,memory.B.cells,3.8573705961261e-15
FIAS6,S15,memory.CD4.T.cells,3.340984140551566e-4
FIAS6,S15,memory.CD8.T.cells,8.276577254516615e-4
FIAS6,S15,monocytes,0.839405527650359
FIAS6,S15,naive.B.cells,0.114867071204002
FIAS6,S15,naive.CD4.T.cells,7.61251351346928e-5
FIAS6,S15,naive.CD8.T.cells,0.0444828607456645
FIAS6,S15,neutrophils,6.8052158607916e-17
FIAS6,S15,NK.cells,6.65912532876414e-6
FIAS6,S15,regulatory.T.cells,NA
FIAS6,S15,myeloid.dendritic.cells,NA
FIAS6,S15,macrophages,NA
FIAS6,S15,fibroblasts,NA
FIAS6,S15,endothelial.cells,NA
FIAS6,S16,memory.B.cells,0.00638990744060501
FIAS6,S16,memory.CD4.T.cells,1.6187824880900727e-6
FIAS6,S16,memory.CD8.T.cells,0.011126657298860119
FIAS6,S16,monocytes,0.7929346151829015
FIAS6,S16,naive.B.cells,4.72647467877304e-9
FIAS6,S16,naive.CD4.T.cells,0.189268315416974
FIAS6,S16,naive.CD8.T.cells,2.7888115169514e-4
FIAS6,S16,neutrophils,1.06417494646627e-35
FIAS6,S16,NK.cells,1.5607737575401e-15
FIAS6,S16,regulatory.T.cells,NA
FIAS6,S16,myeloid.dendritic.cells,NA
FIAS6,S16,macrophages,NA
FIAS6,S16,fibroblasts,NA
FIAS6,S16,endothelial.cells,NA
FIAS6,S17,memory.B.cells,0.00281778873873142
FIAS6,S17,memory.CD4.T.cells,1.750260176280217e-4
FIAS6,S17,memory.CD8.T.cells,0.1362999963939245
FIAS6,S17,monocytes,0.011812391267767543
FIAS6,S17,naive.B.cells,1.52427109535297e-14
FIAS6,S17,naive.CD4.T.cells,0.00543472353308535
FIAS6,S17,naive.CD8.T.cells,0.331776171097803
FIAS6,S17,neutrophils,0.140485730436179
FIAS6,S17,NK.cells,0.371198172514865
FIAS6,S17,regulatory.T.cells,NA
FIAS6,S17,myeloid.dendritic.cells,NA
FIAS6,S17,macrophages,NA
FIAS6,S17,fibroblasts,NA
FIAS6,S17,endothelial.cells,NA
FIAS6,S18,memory.B.cells,2.90936489622612e-5
FIAS6,S18,memory.CD4.T.cells,1.3698855700243843e-6
FIAS6,S18,memory.CD8.T.cells,0.09079797910872267
FIAS6,S18,monocytes,0.3876082686990005
FIAS6,S18,naive.B.cells,5.0609743828125e-6
FIAS6,S18,naive.CD4.T.cells,0.00656705982080271
FIAS6,S18,naive.CD8.T.cells,0.270552287180548
FIAS6,S18,neutrophils,1.04612968949809e-6
FIAS6,S18,NK.cells,0.244437834552322
FIAS6,S18,regulatory.T.cells,NA
FIAS6,S18,myeloid.dendritic.cells,NA
FIAS6,S18,macrophages,NA
FIAS6,S18,fibroblasts,NA
FIAS6,S18,endothelial.cells,NA
FIAS6,S19,memory.B.cells,0.250065511987943
FIAS6,S19,memory.CD4.T.cells,0.010396102532294327
FIAS6,S19,memory.CD8.T.cells,0.00520819926120111
FIAS6,S19,monocytes,0.002798798746365549
FIAS6,S19,naive.B.cells,0.729488812927839
FIAS6,S19,naive.CD4.T.cells,5.94174206926216e-4
FIAS6,S19,naive.CD8.T.cells,5.01567342698838e-5
FIAS6,S19,neutrophils,1.03235003512373e-5
FIAS6,S19,NK.cells,0.0013879201028095
FIAS6,S19,regulatory.T.cells,NA
FIAS6,S19,myeloid.dendritic.cells,NA
FIAS6,S19,macrophages,NA
FIAS6,S19,fibroblasts,NA
FIAS6,S19,endothelial.cells,NA
FIAS6,S2,memory.B.cells,4.63797642617492e-13
FIAS6,S2,memory.CD4.T.cells,0.02010840559739559
FIAS6,S2,memory.CD8.T.cells,0.012858477557377863
FIAS6,S2,monocytes,0.147891377290937
FIAS6,S2,naive.B.cells,9.45981234300382e-13
FIAS6,S2,naive.CD4.T.cells,0.139398308501286
FIAS6,S2,naive.CD8.T.cells,1.63736082905044e-14
FIAS6,S2,neutrophils,0.679743430129489
FIAS6,S2,NK.cells,9.2208830163484e-10
FIAS6,S2,regulatory.T.cells,NA
FIAS6,S2,myeloid.dendritic.cells,NA
FIAS6,S2,macrophages,NA
FIAS6,S2,fibroblasts,NA
FIAS6,S2,endothelial.cells,NA
FIAS6,S20,memory.B.cells,5.02405556352963e-4
FIAS6,S20,memory.CD4.T.cells,0.081089194675353915
FIAS6,S20,memory.CD8.T.cells,0.002868677033470012
FIAS6,S20,monocytes,0.49115018718805653
FIAS6,S20,naive.B.cells,1.22565513885527e-19
FIAS6,S20,naive.CD4.T.cells,1.67005484745858e-15
FIAS6,S20,naive.CD8.T.cells,0.10352530587616
FIAS6,S20,neutrophils,0.320330678467644
FIAS6,S20,NK.cells,5.33551202960606e-4
FIAS6,S20,regulatory.T.cells,NA
FIAS6,S20,myeloid.dendritic.cells,NA
FIAS6,S20,macrophages,NA
FIAS6,S20,fibroblasts,NA
FIAS6,S20,endothelial.cells,NA
FIAS6,S21,memory.B.cells,0.181699533286183
FIAS6,S21,memory.CD4.T.cells,5.1269895964972305e-5
FIAS6,S21,memory.CD8.T.cells,0.06299801059953636
FIAS6,S21,monocytes,0.7205899703723291
FIAS6,S21,naive.B.cells,3.63875085649015e-9
FIAS6,S21,naive.CD4.T.cells,0.0346562097438081
FIAS6,S21,naive.CD8.T.cells,3.66139938396454e-24
FIAS6,S21,neutrophils,4.36664709307834e-8
FIAS6,S21,NK.cells,4.95879695688239e-6
FIAS6,S21,regulatory.T.cells,NA
FIAS6,S21,myeloid.dendritic.cells,NA
FIAS6,S21,macrophages,NA
FIAS6,S21,fibroblasts,NA
FIAS6,S21,endothelial.cells,NA
FIAS6,S22,memory.B.cells,4.31673209701258e-4
FIAS6,S22,memory.CD4.T.cells,0.15034127512525688
FIAS6,S22,memory.CD8.T.cells,0.7437956301036001
FIAS6,S22,monocytes,4.131033741334746e-5
FIAS6,S22,naive.B.cells,6.04800575054042e-9
FIAS6,S22,naive.CD4.T.cells,0.0286559033121758
FIAS6,S22,naive.CD8.T.cells,7.69132456428118e-5
FIAS6,S22,neutrophils,0.0766572886181148
FIAS6,S22,NK.cells,8.95933906736665e-14
FIAS6,S22,regulatory.T.cells,NA
FIAS6,S22,myeloid.dendritic.cells,NA
FIAS6,S22,macrophages,NA
FIAS6,S22,fibroblasts,NA
FIAS6,S22,endothelial.cells,NA
FIAS6,S23,memory.B.cells,0.0274082166695507
FIAS6,S23,memory.CD4.T.cells,0.24437145147028055
FIAS6,S23,memory.CD8.T.cells,5.590663646969492e-13
FIAS6,S23,monocytes,0.727991456868292
FIAS6,S23,naive.B.cells,2.28756190281238e-4
FIAS6,S23,naive.CD4.T.cells,6.68605537532653e-9
FIAS6,S23,naive.CD8.T.cells,1.32857184641841e-9
FIAS6,S23,neutrophils,1.10753330598943e-7
FIAS6,S23,NK.cells,3.30778905263454e-11
FIAS6,S23,regulatory.T.cells,NA
FIAS6,S23,myeloid.dendritic.cells,NA
FIAS6,S23,macrophages,NA
FIAS6,S23,fibroblasts,NA
FIAS6,S23,endothelial.cells,NA
FIAS6,S24,memory.B.cells,7.21265099338477e-11
FIAS6,S24,memory.CD4.T.cells,0.7551025502951103
FIAS6,S24,memory.CD8.T.cells,0.00557649155984618
FIAS6,S24,monocytes,0.09755804110407686
FIAS6,S24,naive.B.cells,4.84335355680685e-12
FIAS6,S24,naive.CD4.T.cells,0.0654077540992454
FIAS6,S24,naive.CD8.T.cells,0.0763410829316495
FIAS6,S24,neutrophils,9.64117318995751e-7
FIAS6,S24,NK.cells,1.31158157825111e-5
FIAS6,S24,regulatory.T.cells,NA
FIAS6,S24,myeloid.dendritic.cells,NA
FIAS6,S24,macrophages,NA
FIAS6,S24,fibroblasts,NA
FIAS6,S24,endothelial.cells,NA
FIAS6,S25,memory.B.cells,0.00177406980526479
FIAS6,S25,memory.CD4.T.cells,0.011882140854097532
FIAS6,S25,memory.CD8.T.cells,0.9150339714692188
FIAS6,S25,monocytes,3.4669604253702804e-7
FIAS6,S25,naive.B.cells,2.0065219038562e-8
FIAS6,S25,naive.CD4.T.cells,0.0536727018419928
FIAS6,S25,naive.CD8.T.cells,5.13275535586694e-10
FIAS6,S25,neutrophils,0.0176367472527064
FIAS6,S25,NK.cells,1.50218202535929e-9
FIAS6,S25,regulatory.T.cells,NA
FIAS6,S25,myeloid.dendritic.cells,NA
FIAS6,S25,macrophages,NA
FIAS6,S25,fibroblasts,NA
FIAS6,S25,endothelial.cells,NA
FIAS6,S26,memory.B.cells,3.30917033299779e-13
FIAS6,S26,memory.CD4.T.cells,0.9955181127303766
FIAS6,S26,memory.CD8.T.cells,3.592382576438517e-4
FIAS6,S26,monocytes,0.003603419655019314
FIAS6,S26,naive.B.cells,1.03175964768432e-5
FIAS6,S26,naive.CD4.T.cells,5.08908525759119e-4
FIAS6,S26,naive.CD8.T.cells,1.23984446398632e-12
FIAS6,S26,neutrophils,1.78092038913889e-17
FIAS6,S26,NK.cells,3.23315341707641e-9
FIAS6,S26,regulatory.T.cells,NA
FIAS6,S26,myeloid.dendritic.cells,NA
FIAS6,S26,macrophages,NA
FIAS6,S26,fibroblasts,NA
FIAS6,S26,endothelial.cells,NA
FIAS6,S27,memory.B.cells,4.27587556037219e-10
FIAS6,S27,memory.CD4.T.cells,0.8554653911177829
FIAS6,S27,memory.CD8.T.cells,0.1413517351076012
FIAS6,S27,monocytes,5.731161511870011e-6
FIAS6,S27,naive.B.cells,1.24951431695095e-4
FIAS6,S27,naive.CD4.T.cells,0.00304108657647231
FIAS6,S27,naive.CD8.T.cells,1.87588500725119e-7
FIAS6,S27,neutrophils,1.09165888479749e-5
FIAS6,S27,NK.cells,2.93245179957122e-16
FIAS6,S27,regulatory.T.cells,NA
FIAS6,S27,myeloid.dendritic.cells,NA
FIAS6,S27,macrophages,NA
FIAS6,S27,fibroblasts,NA
FIAS6,S27,endothelial.cells,NA
FIAS6,S28,memory.B.cells,9.20091242801426e-8
FIAS6,S28,memory.CD4.T.cells,0.3558233032267395
FIAS6,S28,memory.CD8.T.cells,2.180203652618144e-6
FIAS6,S28,monocytes,0.25850282897579224
FIAS6,S28,naive.B.cells,0.341129705518952
FIAS6,S28,naive.CD4.T.cells,1.4606042387717e-4
FIAS6,S28,naive.CD8.T.cells,0.00264287642807828
FIAS6,S28,neutrophils,6.23082502945002e-5
FIAS6,S28,NK.cells,0.0416906449634908
FIAS6,S28,regulatory.T.cells,NA
FIAS6,S28,myeloid.dendritic.cells,NA
FIAS6,S28,macrophages,NA
FIAS6,S28,fibroblasts,NA
FIAS6,S28,endothelial.cells,NA
FIAS6,S29,memory.B.cells,5.77617696120116e-7
FIAS6,S29,memory.CD4.T.cells,0.0011901504357235272
FIAS6,S29,memory.CD8.T.cells,2.67561232735826e-4
FIAS6,S29,monocytes,0.0921391879522875
FIAS6,S29,naive.B.cells,0.66459812804089
FIAS6,S29,naive.CD4.T.cells,4.97550945854061e-6
FIAS6,S29,naive.CD8.T.cells,0.0660170573104988
FIAS6,S29,neutrophils,2.7967610700946e-22
FIAS6,S29,NK.cells,0.175782361900709
FIAS6,S29,regulatory.T.cells,NA
FIAS6,S29,myeloid.dendritic.cells,NA
FIAS6,S29,macrophages,NA
FIAS6,S29,fibroblasts,NA
FIAS6,S29,endothelial.cells,NA
FIAS6,S3,memory.B.cells,1.94476852246148e-18
FIAS6,S3,memory.CD4.T.cells,0.12567414545412994
FIAS6,S3,memory.CD8.T.cells,0.25797244745591763
FIAS6,S3,monocytes,0.4468394926572447
FIAS6,S3,naive.B.cells,2.27866559051861e-9
FIAS6,S3,naive.CD4.T.cells,7.30913626811506e-4
FIAS6,S3,naive.CD8.T.cells,2.73050222200195e-34
FIAS6,S3,neutrophils,0.155492450448812
FIAS6,S3,NK.cells,0.0132905480784182
FIAS6,S3,regulatory.T.cells,NA
FIAS6,S3,myeloid.dendritic.cells,NA
FIAS6,S3,macrophages,NA
FIAS6,S3,fibroblasts,NA
FIAS6,S3,endothelial.cells,NA
FIAS6,S30,memory.B.cells,5.69555577617072e-10
FIAS6,S30,memory.CD4.T.cells,4.914811080056132e-4
FIAS6,S30,memory.CD8.T.cells,0.2515092318276139
FIAS6,S30,monocytes,0.0021993505910887913
FIAS6,S30,naive.B.cells,0.158560014113292
FIAS6,S30,naive.CD4.T.cells,0.283101595285658
FIAS6,S30,naive.CD8.T.cells,0.272268734694827
FIAS6,S30,neutrophils,3.00770486886749e-5
FIAS6,S30,NK.cells,0.0318395147612708
FIAS6,S30,regulatory.T.cells,NA
FIAS6,S30,myeloid.dendritic.cells,NA
FIAS6,S30,macrophages,NA
FIAS6,S30,fibroblasts,NA
FIAS6,S30,endothelial.cells,NA
FIAS6,S4,memory.B.cells,2.7625753671988e-4
FIAS6,S4,memory.CD4.T.cells,0.059729310865826904
FIAS6,S4,memory.CD8.T.cells,0.005963416157102166
FIAS6,S4,monocytes,0.07218341024250328
FIAS6,S4,naive.B.cells,0.125115947219838
FIAS6,S4,naive.CD4.T.cells,0.0493774358395724
FIAS6,S4,naive.CD8.T.cells,4.3307713014506e-5
FIAS6,S4,neutrophils,0.687110603158311
FIAS6,S4,NK.cells,2.00311267111705e-4
FIAS6,S4,regulatory.T.cells,NA
FIAS6,S4,myeloid.dendritic.cells,NA
FIAS6,S4,macrophages,NA
FIAS6,S4,fibroblasts,NA
FIAS6,S4,endothelial.cells,NA
FIAS6,S5,memory.B.cells,0.952226533755048
FIAS6,S5,memory.CD4.T.cells,2.159176899874229e-4
FIAS6,S5,memory.CD8.T.cells,1.318472332041257e-5
FIAS6,S5,monocytes,7.633859545213685e-4
FIAS6,S5,naive.B.cells,4.57837189954365e-4
FIAS6,S5,naive.CD4.T.cells,0.0463132432363879
FIAS6,S5,naive.CD8.T.cells,2.10497265794833e-11
FIAS6,S5,neutrophils,4.55576228472695e-8
FIAS6,S5,NK.cells,9.85187210847499e-6
FIAS6,S5,regulatory.T.cells,NA
FIAS6,S5,myeloid.dendritic.cells,NA
FIAS6,S5,macrophages,NA
FIAS6,S5,fibroblasts,NA
FIAS6,S5,endothelial.cells,NA
FIAS6,S6,memory.B.cells,3.86317861042307e-6
FIAS6,S6,memory.CD4.T.cells,0.3444421197989629
FIAS6,S6,memory.CD8.T.cells,0.11755928707675226
FIAS6,S6,monocytes,0.007221817351703434
FIAS6,S6,naive.B.cells,0.0375593519830953
FIAS6,S6,naive.CD4.T.cells,8.30644497135684e-6
FIAS6,S6,naive.CD8.T.cells,0.194519853069159
FIAS6,S6,neutrophils,0.29641685358175
FIAS6,S6,NK.cells,0.00226854751499421
FIAS6,S6,regulatory.T.cells,NA
FIAS6,S6,myeloid.dendritic.cells,NA
FIAS6,S6,macrophages,NA
FIAS6,S6,fibroblasts,NA
FIAS6,S6,endothelial.cells,NA
FIAS6,S7,memory.B.cells,0.0839633693045041
FIAS6,S7,memory.CD4.T.cells,0.34163109156162064
FIAS6,S7,memory.CD8.T.cells,0.41897883503086
FIAS6,S7,monocytes,0.0029995213582150603
FIAS6,S7,naive.B.cells,9.55106794862654e-7
FIAS6,S7,naive.CD4.T.cells,0.133558020766171
FIAS6,S7,naive.CD8.T.cells,7.05925354976859e-5
FIAS6,S7,neutrophils,0.0187976139822472
FIAS6,S7,NK.cells,3.54089313946932e-10
FIAS6,S7,regulatory.T.cells,NA
FIAS6,S7,myeloid.dendritic.cells,NA
FIAS6,S7,macrophages,NA
FIAS6,S7,fibroblasts,NA
FIAS6,S7,endothelial.cells,NA
FIAS6,S8,memory.B.cells,0.0021525306813153
FIAS6,S8,memory.CD4.T.cells,0.0285195778417678
FIAS6,S8,memory.CD8.T.cells,3.45145557993581e-11
FIAS6,S8,monocytes,0.13966297220619714
FIAS6,S8,naive.B.cells,0.826511873837427
FIAS6,S8,naive.CD4.T.cells,9.39325314603857e-8
FIAS6,S8,naive.CD8.T.cells,3.1056448949267e-7
FIAS6,S8,neutrophils,4.08039223523055e-9
FIAS6,S8,NK.cells,0.00315263682136524
FIAS6,S8,regulatory.T.cells,NA
FIAS6,S8,myeloid.dendritic.cells,NA
FIAS6,S8,macrophages,NA
FIAS6,S8,fibroblasts,NA
FIAS6,S8,endothelial.cells,NA
FIAS6,S9,memory.B.cells,7.45386928157206e-5
FIAS6,S9,memory.CD4.T.cells,3.255109425840732e-5
FIAS6,S9,memory.CD8.T.cells,5.99570178788811e-6
FIAS6,S9,monocytes,0.003996085786583543
FIAS6,S9,naive.B.cells,1.1967726956301e-8
FIAS6,S9,naive.CD4.T.cells,2.0693126189896e-14
FIAS6,S9,naive.CD8.T.cells,0.207516003970856
FIAS6,S9,neutrophils,0.786396460874947
FIAS6,S9,NK.cells,0.00197835191100442
FIAS6,S9,regulatory.T.cells,NA
FIAS6,S9,myeloid.dendritic.cells,NA
FIAS6,S9,macrophages,NA
FIAS6,S9,fibroblasts,NA
FIAS6,S9,endothelial.cells,NA
