GeneSymbol,mix1,mix2,mix3,mix4,mix5,mix6,mix7
S1PR3,64.20501778,47.72998015,13.7604868,50.03229737,31.8757445,63.84730772,34.85251807
RXFP2,34.27356834,24.64142464,5.081786821,25.20758465,14.30065706,34.9102821,19.09327639
ADAMTS5,4.386000633,2.966033118,0,3.263649971,1.735849161,4.247599448,1.604246311
CLEC6A,253.5072011,171.4342558,0,188.6362632,100.3306427,245.5077274,92.72410706
FXYD6,528.0057728,379.5260929,66.96507517,416.9140123,259.5027534,506.7362705,221.2128315
NRG1,679.202226,468.2404822,30.19029613,505.6931403,276.1811551,665.9759466,283.1000818
PRLR,1.555097306,1.397518298,1.138674499,1.248168189,1.010412023,1.737540371,1.709575774
CLEC5A,165.5318985,111.9409536,0,123.1733009,65.51262328,160.3085042,60.54580467
VCAN-AS1,1389.188046,944.1512111,16.79234671,1031.629098,550.6269165,1352.100939,532.0771154
C9orf47,0.17695505,0.11966586,0,0.131673338,0.070033568,0.171371196,0.064723996
PLA2G7,1160.199189,796.1101777,36.52838421,870.0122914,477.373204,1127.32474,453.0566609
CYP1B1,183.5489523,124.1249869,0,136.5799011,72.64323958,177.757026,67.13581558
CYP27A1,132.1385308,89.3586872,0,98.3250912,52.29651727,127.9688713,48.33167351
IL31RA,5.919786979,4.747236529,2.501159438,4.46602596,3.007340815,6.377038648,4.961061796
ASGR2,3969.244463,2687.080303,9.269367315,2954.833716,1574.934365,3845.338279,1459.941168
HPSE,478.6675846,335.7191587,37.62874733,364.3813384,210.0914882,466.1435371,201.9267589
RP11-362F19.3,159.5282715,107.8810005,0,118.7059652,63.13656548,154.4943229,58.34988694
RPL7AP64,1038.153047,702.0510435,0,772.4960498,410.8702317,1005.393907,379.7202364
RP11-362F19.2,26.96600717,19.78440166,4.766710429,21.33301748,13.62226542,26.21896811,12.78684469
CDC42EP1,485.9417081,337.6087754,29.01355956,365.4738096,204.6703223,474.9814134,203.5431558
STAB1,1722.630261,1169.925519,17.80427522,1279.620499,682.6433324,1675.428018,655.4825578
TDRD6,28.16300689,19.04523463,0,20.95626615,11.14608409,27.2743172,10.30104728
TMEM150B,156.8570022,129.4430916,80.65816252,113.1987353,75.47852939,178.0349484,159.0002262
ASGR1,602.3510758,430.8197501,78.48118131,451.3201739,260.9836651,602.3906012,305.5584794
CLEC4D,173.8819053,139.1213805,76.72869084,119.9088056,72.5980468,199.2330751,173.0818302
CD163,13486.81724,9489.920241,1138.275549,10335.20069,6037.601981,13089.05508,5637.603689
RP11-1319K7.1,1063.204246,752.3637062,103.7279082,815.8305313,480.7549,1034.733193,458.534927
MCEMP1,631.9568335,436.7045744,33.29347286,466.1304338,251.7503059,625.3962904,278.6532699
RP11-597D13.9,866.5173857,593.6266887,23.00125111,652.4063319,359.384316,838.2020509,327.8960084
LPAR1,255.0248035,181.6485417,27.51319324,199.2761322,121.1685279,245.43447,105.5686524
LGALS12,392.2644095,288.5429966,82.93019476,281.6425357,159.3329483,413.2169211,261.8072874
FAM198B,1422.878855,984.0353708,64.81410554,1082.663975,612.9814089,1372.893762,546.2849573
AC011380.8,86.63243931,72.61973299,44.54965644,72.44466822,56.20390147,88.64189127,67.08475365
RP11-497H16.7,6082.228158,4205.211145,289.2165288,4586.366026,2562.222919,5912.572801,2436.230079
RP11-848G14.5,1882.099436,1302.040384,91.12896495,1421.754974,796.9493015,1827.582214,750.4780873
SLC46A2,2253.028748,1525.4125,5.519115683,1678.035963,895.2086893,2181.98009,827.305907
FOLR2,800.5235294,546.1462145,14.75419094,599.5861912,325.9376618,775.5954477,301.8766871
RP11-848G14.2,3403.929761,2351.116832,152.6075689,2570.197716,1436.841585,3303.030707,1345.460179
VCAN,27755.64534,18812.5477,151.6741701,20636.38521,10995.2242,26938.84202,10364.34288
RNASE4,1366.692246,1025.715903,303.2480822,1123.732662,766.7922675,1304.662474,631.2818334
LRP1,3218.798622,2213.844526,117.8109358,2416.388814,1332.092785,3129.620135,1270.608041
HOMER3,191.7006751,134.3645189,15.09266525,145.1053111,82.9375777,187.4967323,82.61958063
RPH3A,218.8199416,175.4891275,85.35317385,183.6018902,136.6180468,215.6476631,136.3949708
CCDC149,221.9900091,164.4988606,43.00691995,180.1912229,119.6964977,212.4358538,100.1124107
ARHGEF10L,2620.882688,1772.869865,1.66038573,1950.29015,1037.75964,2538.573835,960.4110794
RP11-356N1.2,601.6689696,411.667447,15.58042146,449.4444576,244.2488007,585.3691744,234.6475696
TBC1D2,945.2076731,716.8611971,254.5636356,726.6587236,466.7358103,964.2328458,594.5372888
FBN2,131.2239107,90.7530926,5.976998148,99.85941364,56.54854772,126.6026688,50.35605664
CD93,3737.680974,2571.355718,130.4287109,2828.009471,1577.675128,3610.771238,1421.837574
MGST1,3080.417932,2370.220868,893.1505705,2502.49369,1732.162632,3029.179106,1731.231481
RP11-67L14.1,339.2202668,229.5792062,0.538890282,252.6155777,134.6693381,328.4727819,124.2876438
SLC2A9,4738.312771,3826.205049,1864.960388,4162.720999,3235.706654,4491.775944,2582.344229
SIGLEC15,170.9484707,137.5334919,69.24433616,140.6248986,103.2091832,171.9346252,115.4232861
MYO7A,24.54463341,17.96153733,4.857433989,17.66380563,9.953384772,25.72237498,15.90850015
CTD-3014M21.1,884.5809593,715.3693345,363.0805157,747.8234325,564.6353792,871.3546356,560.7395087
FCGR1CP,216.7889152,146.6035133,0,161.3139614,85.79863252,209.9480948,79.2938366
CPM,2876.913259,2040.303501,297.3490616,2203.826106,1299.260674,2808.196738,1268.006271
OSCAR,4562.885969,3108.026324,67.41573598,3417.352303,1853.653742,4416.316205,1701.612773
CH17-373J23.1,4822.231411,3552.567895,884.4335553,3860.332945,2509.828086,4653.306455,2229.14661
NAIP,8130.605573,5806.920025,981.6706514,6220.091809,3692.320219,7984.226467,3766.021379
SGMS2,933.9308301,634.4242246,9.058437512,696.5644053,374.0757036,905.4268832,348.8011744
CD14,13336.44863,9029.875863,35.96347963,9928.171308,5292.932444,12921.39994,4910.771801
ANO5,118.419848,80.86616311,2.668131195,88.10364761,47.46115952,115.4466992,46.46017887
F13A1,13116.20656,9375.341954,1506.86538,10300.89569,6328.865685,12598.13578,5428.413133
TCN2,784.3344724,602.3647664,213.6680385,662.8070807,475.3597689,742.4095543,371.2097989
TMEM176A,120.5588904,91.74318226,32.86366265,94.38249817,62.10677534,121.4381445,72.74376799
RP11-903H12.5,808.7247139,587.3957,120.244378,646.3359925,412.8932732,773.5397426,343.259736
EREG,9552.396124,6526.119451,229.942414,7095.247496,3814.782378,9328.104128,3789.328862
LINC00968,184.7587274,126.9771938,6.039885529,139.7183033,77.78458939,178.443128,69.96204805
RP11-162P23.2,2252.098664,1804.507256,836.8923964,1983.102706,1533.230284,2116.519637,1159.93418
RIN2,2138.357371,1478.110097,95.74416738,1624.896268,917.6518546,2064.891668,823.5764134
TMEM176B,587.5002722,400.9809093,12.6487448,436.7795559,234.8635399,572.8939906,230.4713588
CD36,23127.0299,21050.88009,16069.52762,23158.33188,21549.9704,21110.93759,14812.69304
SHROOM1,52.18047292,39.067889,13.34057441,37.50422738,21.78315462,55.57907642,37.44359819
SMARCD3,883.0541725,675.8573389,242.915149,719.6703517,496.8831318,862.4407429,476.1702984
ATP2B1-AS1,2419.705077,1693.278899,199.1323679,1785.314026,981.20004,2414.214351,1149.554742
SIGLEC1,1713.303396,1225.023775,197.1696985,1347.944763,830.2820814,1643.390837,704.482947
TMTC2,538.8980327,373.135546,29.04336115,402.2933251,221.853871,528.7989287,228.3491316
AP003774.6,851.8927259,611.9573923,114.3559074,652.9695909,391.3438056,838.5681513,405.4131353
ZMAT4,31.07720932,24.48640807,11.22155673,24.5655209,16.98714811,31.84723607,21.47302074
RNF165,24.00489778,43.11905161,81.24528582,43.78066466,66.09215914,20.8053143,49.59527757
COL13A1,0,0,0,0,0,0,0
LINGO2,0,0,0,0,0,0,0
LGALS9B,112.9473919,98.85298752,72.17362057,94.64489071,76.80143633,119.3415696,103.5257308
KIR2DP1,0,0,0,0,0,0,0
KIR2DL1,0,0,0,0,0,0,0
KIR2DL4,0,0,0,0,0,0,0
LDB2,0,0,0,0,0,0,0
SH2D1B,54.67273868,37.82115422,3.024119423,40.30877074,21.78686166,54.16295348,24.31241005
LGALS9C,33.13217029,39.57425536,60.73161903,18.24741387,17.70732573,55.42616467,96.48647891
BNC2,11.5804857,12.30803143,14.39443739,10.6855123,10.91850731,13.24575248,16.7391633
ERBB2,157.0682736,150.2421898,137.0706894,148.853625,140.4547371,159.4606557,150.8558236
FAT4,0,0,0,0,0,0,0
NCAM1,122.7084506,108.0803166,74.60294084,118.7261319,105.8220403,113.0617843,74.80121395
ADAMTS1,74.65406656,54.55392864,12.83295421,58.08130092,36.19836381,73.43842246,37.01830177
NCR1,3.734182365,4.5546241,6.779061669,3.057923609,3.445208312,5.250926901,8.705858802
SPTSSB,0,0,0,0,0,0,0
GNAL,99.37944982,81.40478005,44.91492066,82.43370525,62.0698244,100.5975568,71.12138607
KIR2DL3,0,0,0,0,0,0,0
KIR2DS4,0,0,0,0,0,0,0
ARVCF,45.5383019,30.79527864,0,33.88532974,18.0227113,44.10133108,16.6563252
LINC00298,65.9164214,54.34605563,34.44959796,45.69022279,29.09685944,76.80674089,71.39167011
KIR3DL1,2.609885616,2.188676147,1.25822282,2.408291667,2.004214499,2.42639158,1.45118334
NMUR1,30.67454417,26.80811875,19.68454073,25.14739847,20.06314593,32.97778038,29.37590192
RP11-20I20.4,24.57112447,116.3135679,296.0334427,127.9846709,238.2508233,0,125.8216647
KIR3DX1,85.1889595,84.87796385,87.27614965,77.03719562,73.7457039,93.73322747,104.6582466
KIR3DL2,0,0,0,0,0,0,0
LRRC43,62.85724245,51.2838032,26.07483001,56.39257772,44.94372225,58.81924135,33.37049505
KLRF1,309.8065528,278.0935762,205.4515617,301.3415507,273.4291999,288.7104319,205.5185543
CTB-61M7.1,0,0,0,0,0,0,0
RP11-121A8.1,225.9050857,161.6208265,26.4727107,177.353614,109.0325146,217.1891871,94.23291263
ZNF876P,77.40466427,68.49383737,51.84219058,65.27384923,53.7835146,82.05406699,72.86907462
PRSS23,57.73118609,62.79690133,75.8878002,55.22523863,58.24089442,65.28541149,84.18812646
KLRC3,0,0,0,0,0,0,0
CARMIL3,2.931349382,1.982325147,0,2.181235054,1.160141275,2.838850027,1.072185534
CD160,46.04912855,47.8116586,55.13365791,37.99902577,36.36357696,56.46277538,73.48466144
KLRC2,0,0,0,0,0,0,0
EIF4A2P1,6.992662646,12.65826117,23.54515202,13.92841282,20.94343007,4.879399908,11.85014891
TRDJ1,0,0,0,0,0,0,0
RP11-605P22.1,6.606356478,5.414129507,3.372842463,4.499205502,2.780794068,7.753471585,7.228983626
RP11-705C15.5,468.4885888,316.8154285,0,348.6052322,185.4139093,453.7053315,171.356813
DGKK,0,0,0,0,0,0,0
HMGB3P32,0.489416406,2.316775059,5.896499515,2.549244244,4.745564728,0,2.506160716
FASLG,49.1196126,44.75329237,35.63528189,45.66228798,40.96208274,48.70071714,40.58151759
PDGFRB,0,0,0,0,0,0,0
LINC00299,317.1093837,260.85525,160.7563017,227.497679,150.0858728,360.5928259,321.5674911
SORBS2,7.419606411,9.947622582,16.52684044,6.048978373,7.509024873,11.31970155,20.92767702
CYP4F29P,1.412995526,6.688768001,17.02380087,7.359930459,13.70093371,0,7.235543882
CTD-2616J11.2,24.19596602,22.27643333,17.56029944,24.51168887,23.13191474,22.02092414,15.78049906
SLCO4C1,84.61496103,153.9702476,328.8790814,61.51220143,106.9911788,175.8865092,418.3792212
GALNT18,0,0,0,0,0,0,0
TTC38,1769.330835,1616.892205,1368.212574,1467.951247,1236.2818,1950.662656,1930.104104
GOLGA8N,559.1481599,440.769108,198.9348435,451.4789145,318.8359287,562.9043808,363.05427
SLFN13,735.9603514,694.2159173,669.280969,541.460918,436.1426567,907.0548878,1064.350332
SPON2,341.9363849,739.5460395,1532.904624,752.6276511,1216.49313,276.1179151,875.9934094
PDGFD,31.68885406,26.61671642,18.48269752,21.29682555,13.4522285,38.11729184,37.96309004
VIT,0,0,0,0,0,0,0
PODN,15.43534278,13.78258457,10.26009899,14.31108704,12.60092165,15.07675771,11.73508576
GFOD1,161.9962918,120.5693892,34.78693236,127.3062062,82.00549245,160.0690994,85.78213406
LINC01505,10.26361941,14.64242617,23.4712127,14.54871398,19.56825427,9.796659193,16.74897545
B3GNT7,337.4757715,260.5095018,96.42477167,285.2462676,205.6534878,320.6411898,164.8426767
TSPOAP1,1214.500723,883.7383208,193.7571825,950.6867163,593.9168061,1184.840553,572.5663114
FKBP10,0.987168083,2.336503606,5.946711281,0,0.683710812,3.346062243,8.846256934
FEZ1,88.29008577,95.85957756,124.7928386,60.23450175,55.64817759,125.9451608,189.5657443
GOLM1,502.2028391,407.2842607,214.1598592,413.8407061,306.7254706,507.4172874,350.1287994
AC092566.1,0,0,0,0,0,0,0
LGR6,13.35020118,37.61112983,84.87227494,41.38509514,70.80170836,6.106724601,38.37925956
PTGDR,2.27197656,5.377484867,13.68641154,0,1.573566818,7.700993496,20.35974294
XCL2,0,0,0,0,0,0,0
LINC00092,33.31155616,34.11972523,37.52510685,29.49574161,28.6992347,38.22166076,46.20800154
RGS17,25.90114967,23.36961454,18.71925584,22.24648648,18.90420136,27.44798942,25.14172133
SLC1A7,0,0,0,0,0,0,0
LEXM,0,0,0,0,0,0,0
COLGALT2,30.7549265,52.96534076,113.195087,12.41827175,22.89154934,71.84710509,165.419427
DTHD1,0.077537534,0.183521662,0.467086947,0,0.053702354,0.262817871,0.694832984
GNPTAB,2468.541782,2442.816799,2451.573971,2286.105955,2197.79992,2641.846558,2829.833685
TOGARAM2,190.6377042,150.7281128,69.28921154,154.1010712,109.2937302,192.1618353,125.1314371
RHOBTB3,262.4883156,270.4516571,285.7826157,272.1622903,281.9944049,259.5989515,269.5053722
ZNF683,0.755000866,2.409334671,6.132075992,1.369577466,2.890348903,1.667874351,5.755926001
CD8A,19.142803,16.12399495,10.20201013,15.76137402,12.14104979,19.92809084,15.75672978
KLRC4-KLRK1,23.47255539,61.16044236,134.4720252,67.29738609,113.0969138,11.92273576,61.65701076
TNIP3,52.21448121,48.18221072,42.08370616,42.99861502,36.40534342,58.36006786,59.62617747
STYK1,1.09430079,4.605243159,11.72095407,4.434750816,8.42377266,0.823308388,6.536448623
TRAV24,0,0,0,0,0,0,0
TRAV19,0,0,0,0,0,0,0
TRBV9,0.911642947,2.15774504,5.491747043,0,0.631402241,3.09006551,8.169457547
TRAV5,0,0,0,0,0,0,0
TRAV12-2,0,0,0,0,0,0,0
HEATR9,1.048088867,2.480695498,6.313698751,0,0.725904436,3.5525567,9.392183127
LL22NC03-24A12.9,0,0,0,0,0,0,0
KLRK1,107.8454704,120.7356385,145.9556894,122.4566307,137.9798048,104.3051116,121.8654503
TRBV7-9,0,0,0,0,0,0,0
TRGV10,0.572473017,2.709944317,6.897167373,2.98186478,5.550912728,0,2.931469744
PDCD1,12.4815112,8.440622489,0,9.287569033,4.939812497,12.08765445,4.56530219
CCL5,627.2150975,656.1035651,796.1502826,443.29627,397.0517442,854.2688832,1208.892113
MVB12B,778.3484993,544.6530031,56.72763178,593.0671603,341.4125903,756.1857044,321.9728876
PTPRM,189.819605,427.3891884,895.4580182,450.6618409,733.5997357,133.7297722,469.6613735
PATL2,829.5969876,947.9884332,1252.461737,774.8580908,846.7690108,1001.996064,1438.20372
TRBV28,0,0,0,0,0,0,0
MIAT,23.43170937,22.75485208,21.69240627,21.98525108,20.91609825,24.35428918,24.42055485
ZNF80,1.385674962,3.279719637,8.347321063,0,0.959715949,4.696823927,12.41737548
MSC,50.99757431,116.1319252,242.42968,127.7848019,207.3296103,29.90133837,114.3319449
RP11-1094M14.8,0,0,0,0,0,0,0
LINC01934,10.6157953,16.88078058,34.31407166,4.29168177,6.815136469,23.45606785,51.52641589
RP11-1094M14.5,20.2048326,20.79187411,22.81840971,18.59280776,18.44798196,22.51365163,26.62729095
SH2D1A,11.6644444,14.03515667,21.56167441,6.859869713,6.91284914,19.13872363,33.2696888
ITGA1,57.18392194,78.07579645,135.9548301,36.75851963,45.42170393,99.2826624,191.923304
TENM1,0.442914744,0.475463053,0.626913764,0.252137076,0.206183158,0.680901568,1.05652737
FYN,10191.8181,7449.129115,1711.521932,8046.467457,5103.907037,9900.105484,4761.707829
SLAMF6,76.75765472,172.7494465,398.3983738,87.41477334,166.3052649,156.8445756,430.4338677
RGS1,35204.47361,27852.49009,12359.80002,29745.7933,21967.28416,34105.71992,19906.8349
CCR12P,0,0,0,0,0,0,0
SORCS3,0,0,0,0,0,0,0
LEF1-AS1,27.87174763,22.6752867,12.54571451,21.88427455,15.58999843,29.40443009,22.46673421
GPRC5B,0,0,0,0,0,0,0
ADTRP,119.7037027,106.0247067,75.91191788,112.8866298,99.66295577,114.0376954,82.76047718
KRT73-AS1,4.494389662,6.016999325,9.534362162,4.82387483,6.135232704,5.590705824,9.696883404
NOG,14.2956747,12.9846228,10.53944359,12.49846287,10.80324887,14.99319361,13.6598504
PLLP,77.88932879,75.43711352,71.98922632,71.60794219,67.34514001,82.36076979,84.11553504
EDAR,0,0,0,0,0,0,0
ANKRD55,192.4602447,341.2417846,746.7205073,64.39850538,132.6002963,473.3973359,1107.822333
MMP28,0,0,0,0,0,0,0
CACHD1,24.77368026,16.75320236,0,18.43424743,9.804688987,23.99194151,9.061349623
FHIT,816.0306564,748.0427914,597.0733433,785.5248386,721.0629243,784.2070223,623.8384298
KRT73,0,0,0,0,0,0,0
RP11-161M6.2,80.15387149,75.7765483,68.83733039,70.97646441,64.12832402,85.9283175,86.0992772
EPHA1-AS1,375.0857732,285.2082541,98.56586455,301.2080016,203.4436719,369.4036793,206.2210381
MDS2,48.97747636,45.40254344,38.44280043,44.83514615,40.4962824,50.05707315,45.31803041
AK5,442.5411577,332.7829183,101.6630452,360.6032884,244.3110335,426.6202936,215.2915574
RP11-664D1.1,49.12906325,47.61636725,47.3040046,40.54738848,36.15739208,56.9923128,64.92375982
KRT72,0,0,0,0,0,0,0
TSHZ2,27.21562221,22.51609287,13.21252325,22.17082659,16.61688561,28.20033311,21.38754499
SSTR3,0.26627561,0.630241125,1.604047175,0,0.184422001,0.902556293,2.386161488
LINC01891,62.30862869,76.49874406,102.0333944,84.17475931,103.4257206,52.1408124,63.05946194
ZNF563,102.5741659,88.29879173,58.18996489,92.04405701,76.96631457,100.3658423,72.69536611
FAM153B,197.1559411,230.2878731,293.1359305,239.8363074,281.6526788,182.4977123,220.1762239
RP11-223C24.1,15.34645673,12.70085145,6.897167373,13.97527667,11.39801796,14.30778751,8.335278558
WNT7A,0.136191032,0.423133946,1.07693196,0.22179979,0.47772636,0.31729241,1.056903016
AC103563.9,0,0,0,0,0,0,0
TCEA3,672.9381442,481.6317396,78.85712687,529.9594948,327.2036225,645.3647395,277.2595865
MAN1C1,181.9036214,139.6711473,54.78788353,139.879451,91.20713381,187.1616827,121.1204273
PDE9A,1.184498442,5.607119862,14.27086303,6.16974789,11.48534042,0,6.065476005
TIMD4,155.4557755,105.126975,0,115.675596,61.52479221,150.5503354,56.86030974
EPHX2,216.3347409,194.0229126,153.4530311,183.0442338,153.1829149,231.1391591,212.384136
ALS2CL,429.8208146,294.3014705,11.26597589,322.6075126,176.7600788,416.7183413,164.5837268
TSPAN6,15.15647812,17.64022086,23.65037043,14.98712566,16.86190971,17.71143359,25.43809462
PLEKHH2,34.47096519,35.3083026,36.93074398,35.46117994,36.48492103,34.19642843,35.27735773
IL6ST,1929.807228,2339.962977,3115.850179,2463.714576,2983.453711,1742.329953,2200.698437
PIK3IP1-AS1,143.7736155,129.7237448,99.37169081,135.2745283,121.1323673,139.5777937,109.6311201
FAM134B,153.8740691,106.802682,8.829421937,115.761662,64.77645287,150.269728,63.96320941
RP11-347I19.8,188.0729895,225.153516,305.1992555,210.6585343,248.0404886,198.9788635,277.7892657
SARDH,36.36274509,32.25275556,23.91003992,32.48580421,27.82868056,36.64367823,29.90704846
RP11-730K11.1,20.17933324,34.76483352,69.03401355,21.84301754,33.84665628,32.3000242,73.80604235
AC069513.4,23.36346205,18.91959641,9.538276411,20.10770035,15.42237049,22.65192271,14.00588689
RP11-554I8.1,0,0,0,0,0,0,0
AC010468.2,0,0,0,0,0,0,0
TRABD2A,744.3972571,546.2084905,132.1717002,587.901776,374.7200485,724.9131084,355.7488422
EPHB6,940.1291436,668.6778374,100.8003426,727.8267588,436.6043877,911.2263915,402.6235364
AC093642.4,86.08976641,71.05838292,38.12660353,78.188503,63.50403456,80.30849063,46.53592181
PDK1,609.1339325,597.4037408,647.0946661,407.4063846,322.8055805,816.7231017,1074.929448
HSBP1L1,285.7010402,355.8752486,556.9491347,199.8108506,222.445931,445.8519729,782.1730553
RFESD,47.16992941,90.26483515,173.636407,98.47003087,151.2845843,32.67482623,87.81603414
RP11-15M15.1,0,0,0,0,0,0,0
GPA33,224.7603619,152.2129986,0.779603752,167.1492645,88.99190935,217.9813316,83.32190763
GIMAP3P,0,0,0,0,0,0,0
LINC01550,142.6178792,146.6266652,159.3316696,134.5507366,134.6617213,155.1945538,179.0062367
DBH-AS1,0,0,0,0,0,0,0
CTD-2666L21.1,5.146058651,10.77150993,22.8729666,8.681972346,14.39410006,6.68183691,18.47878013
RP1-187B23.1,17.08777752,18.40800348,23.47874445,12.13126575,11.30770046,23.72392265,34.91224393
ADPRM,999.7090563,899.6114055,718.1494021,848.9392408,714.4417603,1067.664617,985.587894
LINC00243,129.7150777,127.2707094,135.1063728,94.21298491,79.02756543,165.8859954,210.1834668
AXIN2,29.41265872,69.71665131,177.4381155,0.221301214,20.75369261,99.55186566,263.4109263
FLJ27354,687.0635687,538.9202343,224.4000616,583.1421214,428.6750661,658.3384554,363.3944527
SATB1-AS1,124.1945705,161.9478653,242.0552967,150.7971332,190.2064563,131.3860016,206.3774002
PARK2,218.5384645,178.7107499,97.53226899,181.8346549,137.028679,220.3220803,153.7815274
LGALS17A,6.11609176,9.355112521,16.19204832,8.491390481,11.90725241,6.632267111,12.93085917
TRBV12-5,0,0,0,0,0,0,0
FBLN5,17.12600452,27.59863713,52.23961457,18.22941958,26.81414629,25.92770873,55.86233744
LTBP3,460.8590215,441.8854628,392.3312698,471.6001929,460.811948,431.0949908,358.323233
TMIE,62.80441588,42.47148897,0,46.73315105,24.85612788,60.82260916,22.97166848
MCF2L-AS1,2.025495636,9.588190584,24.40321554,10.55028608,19.63996412,0,10.37198087
CHMP7,4828.2472,4173.185896,2840.960671,4216.919931,3477.119649,4865.875638,3782.584002
PXYLP1,444.575512,395.6834041,285.0558483,427.9838438,383.6267842,415.8920818,292.7872916
MAML2,295.8235782,217.0380463,50.44086593,238.8160163,156.0165975,282.4342615,128.1092708
PLXDC1,131.1376989,311.290692,664.8032367,332.6530347,548.5987514,84.57540987,333.9132864
NOSIP,4568.013164,4133.884815,3287.744499,4067.502038,3541.54693,4696.382667,4117.221535
RGMB,16.17159808,12.1799144,3.764191313,13.21856849,8.99931072,15.56343115,7.838716567
LINC01259,112.6253059,89.19931162,42.26426575,88.92840659,61.78575154,115.9610402,79.89084014
RHPN1,300.2470779,323.9213914,360.8914719,351.3347559,388.9155157,267.4411236,264.4028371
CHRM3-AS2,544.0527899,1274.781844,3229.540429,10.33586027,380.9272438,1820.549783,4797.883148
REG4,0,0,0,0,0,0,0
RP3-477M7.5,0,0,0,0,0,0,0
SFRP5,0.101307795,0.479565806,1.220558523,0.527686262,0.982318316,0,0.518768095
MXRA8,8.65015785,11.5799302,17.01498454,12.74188026,16.55838237,7.0095008,9.879166356
NRCAM,0,0,0,0,0,0,0
CD248,0,0,0,0,0,0,0
CA6,47.58904262,47.37399019,49.02546702,41.96992169,39.70052222,53.47807372,61.00679226
DSC1,0.894578353,0.60495865,0,0.665661239,0.354047619,0.866349742,0.327205612
GLIS3,0,0,0,0,0,0,0
S100B,484.1049665,344.9171483,54.36477878,373.6137557,223.677765,471.0552563,212.6420627
DSEL,10.39882306,9.946269309,9.361189192,9.106725582,8.270334079,11.36813453,11.88531995
SLC7A3,0,0,0,0,0,0,0
ASIC1,0.138230931,0.654350712,1.665409268,0.720009385,1.340338867,0,0.707840859
RP11-291B21.2,0,0,0,0,0,0,0
LRRN3,33.11922729,34.89905294,38.36670978,35.17463724,37.33221428,32.58922166,34.95865667
IQCA1,0,0,0,0,0,0,0
RNF157-AS1,0,0,0,0,0,0,0
RP5-1184F4.7,73.49346257,68.10240531,59.50527966,62.32263866,53.93790639,80.46208158,80.48062201
TMEM108,12.60324677,15.56548178,24.23143165,8.515608228,9.298305726,19.86469546,34.73392293
PCSK5,823.3179765,585.5836686,90.76448626,630.8431765,373.3466239,805.1010773,369.1918668
ARHGEF4,57.16532012,119.7399113,241.8593725,128.8981127,204.5550876,39.10713189,123.1832761
AGBL3,199.2741776,249.7233014,345.7891584,263.3058699,326.6207935,177.9919601,236.7559648
RP11-61O1.2,0,0,0,0,0,0,0
AC093609.1,22.44067677,15.17550864,0,16.69824522,8.881355295,21.73255643,8.20801818
COL6A3,11.67876644,11.30789091,11.09317458,9.93306778,8.990761831,13.21802132,14.64123077
PCSK6,33.53527067,38.28602445,48.69703545,36.02541299,40.66386811,35.37017245,46.05451026
ANKRD31,0.243160439,0.575530401,1.464801133,0,0.168412476,0.824206109,2.179020734
CEP41,1375.653566,1190.123122,838.4238743,1136.047347,901.6592332,1458.39423,1248.287273
CD8B,49.98825621,110.5372949,270.1104418,11.99039793,45.02678544,149.0071178,386.6521073
ANAPC1P1,20.22255183,27.26948233,43.68109523,21.40355895,27.3441495,25.66951337,45.17412232
FCGBP,129.5457124,87.63008703,0.088343548,96.3848466,51.27470956,125.493376,47.50936558
SUCLG2-AS1,39.43205508,41.13776924,45.61409379,38.41085113,39.35992294,42.16810565,48.79112405
SLC16A10,41.9977094,38.53618983,33.70302994,33.04319651,26.99304319,48.40474703,51.00947988
CNN3,22.4019812,15.68281962,1.900884151,16.43464799,8.959705114,22.45906681,10.90617967
HAVCR1,875.1176236,603.3880503,36.58212472,658.3079095,365.1826286,850.8377314,347.9554437
NPAS2,12.2801061,17.52680524,27.85078838,18.07519506,24.33672028,11.00404168,18.37297721
SCML1,949.0700516,668.0009521,78.73717128,732.5290903,432.2164724,915.5820391,384.1810332
RP11-317F20.3,26.44389229,36.97363535,67.44718111,12.77226285,15.87558821,51.32473341,102.9305398
SREBF1,474.3373252,491.2160449,511.8057512,525.7234482,558.1130665,434.7197921,410.7810901
NT5E,67.27150005,51.31054732,17.38378726,56.17975089,39.57665455,64.06305962,32.13340495
XKRX,0,0,0,0,0,0,0
MTUS1,0.781664914,3.193525671,8.127945998,2.956447435,5.651862509,0.725607988,4.824830826
GAL3ST4,81.81526169,263.384896,619.0604606,286.5153044,504.7575614,33.15142248,282.121698
WHAMMP2,138.7886016,122.5734653,88.99989582,125.2025193,107.4681802,138.042773,108.9771053
PLAG1,65.56702282,84.20138946,125.259378,74.75897071,92.7376565,73.38829953,116.1338214
LMO7,384.8978296,407.1411805,459.5662457,387.0109407,405.1582695,403.8421922,467.7572377
RBM11,11.54657475,27.32930086,69.55669201,0,7.99713659,39.13777042,103.4717073
DFNB59,144.4781826,141.5327158,130.1433866,155.7343514,157.645817,129.4579495,104.2082883
ROBO1,74.90384801,56.05935311,17.01911506,59.17324157,38.58508551,73.97360916,40.10965576
EPHA1,475.0656362,485.8701202,517.9855906,458.8406651,461.2034104,502.9780632,559.1266706
FOXP1-AS1,857.2556714,845.254095,823.9751176,837.9384401,821.3485528,866.7484639,858.712086
SOAT2,0,0,0,0,0,0,0
NAA16,909.5224183,939.1626783,1040.236982,831.3653595,825.2630876,1022.587611,1225.580963
PRKAR1B,304.2988734,267.7324177,183.9503171,294.5971479,262.4349702,279.9103526,183.9009105
NELL2,11.21369846,7.583264068,0,8.344181797,4.43804976,10.85984781,4.101580435
RP11-415F23.2,488.0807681,423.6726365,288.5017731,438.8192121,370.135876,480.0167441,357.7206501
RNF157,65.29769542,60.5322106,51.2028338,59.91034282,54.17681662,66.59096528,60.07799537
P2RX6,23.27580172,33.8151291,60.98563992,18.23172112,24.56928662,38.80858781,77.8893057
CRTAM,995.6793564,683.9587322,33.78576688,746.8288213,410.5140984,967.9697885,391.269913
DNAH6,41.4107224,35.12819639,23.21508421,33.30663671,25.37325107,44.20213675,37.07344608
SIRPG-AS1,5.806211938,10.48560741,20.16255252,9.75746894,14.88670819,5.988301126,14.33166142
CYP2J2,6.670688041,31.57737154,80.36859481,34.74589919,64.68148904,0,34.15867578
RP11-277P12.20,62.1725423,47.81524033,17.87401444,50.69900946,35.20448993,60.90921253,34.36477308
DIXDC1,17.41368431,18.55220957,23.46036737,11.75077881,10.52123219,24.64249149,36.31146264
FAM153A,91.92999613,99.21771952,111.2211886,106.040709,117.0049927,83.58363962,84.99941418
ACER1,42.83652978,36.49868765,24.30701042,35.1115957,27.27685083,45.16391515,37.31692626
CLDN7,154.9707233,106.7896373,5.910965307,117.5050927,65.89585812,149.6054535,59.0157529
CD8BP,7.181411092,16.99750347,43.26089863,0,4.973832213,24.34180047,64.35439797
TRBV13,0,0,0,0,0,0,0
SEC14L2,308.8744121,275.9914128,203.4451089,292.8967663,261.26164,294.8092558,219.0252989
RP11-415F23.4,105.7837689,112.4710952,128.856854,104.799151,109.6491757,113.2361869,134.808986
ZNF391,19.00549294,33.15656521,61.2702407,33.93924749,50.56698729,16.31906839,37.20743873
PRKCA,535.4993305,472.8953592,337.0328938,499.23335,436.8182751,515.0631269,379.2907119
FAM153C,200.2497893,258.7922037,374.7654013,262.8911846,332.0015133,188.2022815,273.3637029
MPP2,0,0,0,0,0,0,0
OXNAD1,1175.180045,1032.929619,737.8867834,1057.322117,902.2411,1167.196141,910.2786716
DCHS1,16.03927347,28.41638818,52.17046616,31.26773733,46.62143951,11.33958134,26.45652897
RHOXF1-AS1,96.81600373,103.6562209,114.8876195,110.1510091,120.4759734,88.88371507,90.08047704
RP11-203J24.8,122.1325553,159.25825,236.5433072,152.1597228,192.3601399,125.0105703,193.1286935
RP11-265P11.1,0,0,0,0,0,0,0
BMP3,3.995672659,3.500427208,2.539806091,3.412663298,2.80816218,4.155167751,3.511984768
KCNG1,12.92752441,10.79670923,6.71891453,10.27560262,7.62104073,13.76939365,11.21087565
TCL1B,33.47214292,143.6244417,359.417817,157.6134207,289.997528,3.996551925,155.1018547
LIX1,12.91673447,13.95997105,17.13875276,11.14819174,11.30080696,15.8308474,21.54614919
LINC01013,16.43425843,14.33269361,10.37882531,13.6424807,10.9584365,17.45573756,15.18881676
RP11-1070N10.6,4.593745871,21.28658418,54.17717737,22.91739179,42.79637371,0.657413547,24.26813386
RP11-164H13.1,127.017797,168.4670391,253.2349678,164.4782587,210.8325437,125.9616426,196.2847106
TCL6,305.8355008,717.1173559,1530.607858,749.1919376,1235.94315,217.6424049,811.1630636
LIX1-AS1,10.43971097,8.328433418,4.003561954,8.550008181,6.195767006,10.47355113,6.864768709
COL19A1,18.1167769,23.58156155,36.337312,18.95792076,23.53681449,22.42183766,37.65606633
TCL1A,4123.360371,19440.32626,49446.70705,21386.18855,39794.79182,23.98842878,21034.61928
ASH2LP1,1.609976168,7.621225177,19.39702794,8.385951989,15.61093177,0,8.244225124
LARGE1,56.96972641,46.65713301,26.52339076,45.1682271,32.70722734,59.92366683,46.03781599
SNX29P2,1260.993213,1008.406866,471.9493708,1084.315323,821.1375255,1211.463866,707.8389835
FAM111B,70.18138165,78.51223803,98.33354335,70.48924374,77.1051498,77.80112312,102.4430189
IGHD,84.92209375,368.2757624,923.9314033,402.8265636,742.8325182,10.6551204,401.4423917
CORO2B,0,0,0,0,0,0,0
CTGF,1.978170325,2.313404804,2.89706887,2.545535811,3.019325682,1.682876381,1.866921075
CD200,163.86973,197.7781308,269.638875,187.9921649,223.473642,170.0802409,237.1008886
RP11-297B17.3,62.2479759,58.67663612,51.23317164,59.38272359,55.52429935,61.9459191,55.35942065
MYBPC2,7.088360898,11.59008918,20.18124379,12.75305862,18.38449833,5.242476249,10.55753101
AC002480.3,0,0,0,0,0,0,0
PCDH9,18.04469879,61.19877406,148.5163395,59.47629762,108.6461361,14.30919616,83.98826993
AP001056.1,766.3574324,554.1552933,107.7980779,606.6954093,381.3944089,736.9287737,330.1683643
SNX22,425.805407,331.494651,138.5611087,340.7219998,235.3073278,428.0441389,267.8153404
FCER2,301.3831618,204.6021662,2.821294329,223.9125634,119.4175469,293.0068591,114.2610873
ZNF318,890.4703626,640.4384458,119.1377464,690.3356819,420.3781683,868.8203816,407.020618
CLCN4,93.27111497,63.33993412,0.945450533,69.28682346,36.96053136,90.70791136,35.46436137
DBNDD1,4.678700227,15.16923084,35.64747256,16.69133749,29.37015286,1.665645634,15.78015925
STEAP1B,0,0,0,0,0,0,0
SLC38A11,14.63585995,33.3307107,69.69766489,36.37183808,59.08927267,8.909967251,33.58481924
GLYATL1P3,2.869106592,13.5816342,34.56705871,14.94443868,27.81993183,0,14.69187005
ABCB4,418.7283505,296.0828758,38.35712952,325.7923396,195.3304923,402.4320632,168.2945143
VAV3-AS1,23.33248522,18.86558184,10.99950983,16.00314882,9.776297752,27.01703987,24.22908365
RP11-231C14.7,297.3490137,222.1565407,65.36557375,237.2126036,156.046723,290.7835284,151.8324677
VPREB3,0,0,0,0,0,0,0
SNX29P1,463.0247764,742.1796009,1279.291576,802.9617994,1147.93162,360.8531706,706.9352845
ELL3,166.0038358,314.8157941,605.1235257,336.8834465,516.915048,122.7462909,322.2730961
RP11-693J15.5,21.59463763,34.387676,59.50961614,35.85724275,51.1742623,18.33958058,36.11457866
GLYATL1P4,0,0,0,0,0,0,0
FCRL1,106.068464,108.6941064,125.4518853,78.90087847,70.78886952,138.040445,185.4796132
RP11-142C4.6,29.45084209,21.55341129,4.861604528,23.71611757,15.40874067,28.13072871,12.69080369
MACROD2,128.6638274,110.0598584,74.75142951,104.746306,81.28387672,136.8425295,115.6157496
FAM177B,62.88687474,294.9267816,750.6277391,321.4789175,599.260288,3.958244212,326.5104921
LINC00926,284.2953467,261.6489892,218.8796664,254.6331641,225.8678219,294.8452008,269.803105
SYN3,192.9354772,148.5534674,58.05259892,152.1374075,102.2463269,194.8115369,120.5124697
IGHV5-78,12.52047439,59.26879944,150.8469481,65.21593248,121.4032079,0,64.11374997
AC002480.5,0,0,0,0,0,0,0
RP11-693J15.4,48.31647566,129.1592934,286.501571,142.1043287,240.2651722,23.77901965,130.7808634
TAPT1,1950.232826,1723.920198,1250.845942,1772.266161,1529.108354,1927.185311,1504.563737
SNX29,2936.97335,2825.510908,2557.925055,2939.04694,2852.845705,2828.3089,2489.602509
GLYATL1P1,21.47719109,16.92070174,7.116721717,18.61855399,13.99386847,20.22741701,10.6643384
MIR5195,16.13681986,76.38767594,194.4167572,84.05254642,156.4686477,0,82.63201553
PLPP5,1942.079145,2085.620582,2465.347856,1848.281971,1925.209964,2180.850984,2749.636074
NETO1,0,0,0,0,0,0,0
ICOSLG,211.9687814,167.1640471,72.21324904,180.0892,133.2038321,203.7685069,115.2190294
CLEC17A,1934.407508,1349.972776,147.7747787,1424.293037,777.4586004,1929.691935,911.8300444
CD22,1608.520635,1316.757127,701.5502111,1392.877093,1084.555017,1563.849133,998.9341643
KCNH8,53.57746294,173.2834337,406.9504433,190.6709907,335.354282,19.1753005,180.2063678
CD72,2864.119696,2236.044312,896.3373325,2439.74867,1790.929028,2724.74448,1450.685593
Z84812.4,19.18025771,18.09482925,15.21533404,19.91049546,19.33662388,17.35198073,13.02044895
CHL1,0.129491999,0.612982787,1.560122419,0.674490532,1.255602905,0,0.663091298
CNTNAP2,60.73814892,57.8371925,53.37898524,54.2914048,49.6165945,64.96050977,65.60442253
PTPRK,117.2432031,113.4962647,109.2987534,104.8677312,97.31539715,127.0880248,133.8110079
TCTN1,1085.167688,1052.570709,965.0520741,1109.803962,1093.581904,1027.326846,893.3069434
HLA-DOB,5145.969603,3615.69635,411.1653875,3957.420176,2318.786415,4974.05464,2094.821891
PLEKHG1,28.79966821,20.82190198,4.251479478,22.25129196,13.57691621,28.28532153,13.78739725
CR2,26.51696538,36.51243995,58.38051905,31.85070161,41.6452592,30.27502543,52.61706346
APBB2,69.53944186,69.5428348,69.87320566,68.70352885,68.39353936,70.44928974,71.67584592
CRIP3,2114.812197,1432.042838,6.77360763,1572.808028,837.3138019,2050.80123,783.1897231
MMP17,154.6113117,104.782585,0.807698377,114.9474556,61.23037703,150.0571411,57.70391501
AL122127.25,34.3494046,156.0164135,397.0824457,164.4255179,308.0144932,9.430383127,186.5785138
RP11-158I9.5,14.40023533,9.738159765,0,10.71530343,5.699186685,13.94583283,5.267104667
UGT8,25.19889741,27.47512405,32.26888895,26.89642147,29.30750017,25.53096938,29.91616497
CCDC191,348.0778751,360.142524,384.5665658,359.6284394,373.362758,347.0688155,366.5964311
MYO1B,13.46757128,21.12137813,36.60398398,20.82635341,29.55103327,12.79368303,25.13672336
RAPGEF5,2.620664833,6.202786475,15.78691349,0,1.815067679,8.882892184,23.48442464
Mar-03,380.1096922,406.7653308,467.5101875,388.0361006,411.8006537,396.9616124,465.7061189
FBLN7,8.950999157,9.759966998,11.92783083,8.350253696,8.756827528,10.37488966,13.68538642
TNFRSF4,6.280281484,17.61272996,44.82673156,6.047671223,14.80365006,17.35188645,51.82005618
RP11-399B17.1,0,0,0,0,0,0,0
RP11-342D11.3,0,0,0,0,0,0,0
NEFL,0,0,0,0,0,0,0
LINC00892,0.086075783,0.203730633,0.518521457,0,0.05961593,0.291758753,0.771346349
CCR4,44.35693682,43.17813598,42.18891419,39.60409765,36.90665778,48.38631175,51.75200204
CD40LG,11.56456234,12.45440266,14.98059878,10.53642259,10.84625478,13.52920371,17.70516418
TRAV8-4,0,0,0,0,0,0,0
TRAV9-2,0,0,0,0,0,0,0
ST6GALNAC1,16.56691248,14.75588392,12.6582473,10.76395181,7.180417238,21.13161988,24.12127582
TRAV26-1,0,0,0,0,0,0,0
TRBV10-3,0,0,0,0,0,0,0
MAL,14.97530092,21.50673386,34.07794885,22.91767304,30.98480467,12.59691329,20.71054128
LINC01727,0,0,0,0,0,0,0
FOXP3,10.3371849,7.661993487,1.993815343,8.430811061,5.630299522,9.850725845,4.567873882
HPCAL4,31.90679091,21.71168308,0.400010158,23.89027062,12.93655521,30.86781168,11.82826362
TRBV18,0,0,0,0,0,0,0
TRBV7-2,463.476354,399.4374692,255.3959674,439.5177103,380.5859653,428.3220054,270.3196758
CTLA4,18.00721044,12.17737684,0,13.39927573,7.126720617,17.43898908,6.58641057
TRAV41,0,0,0,0,0,0,0
TRBV5-4,0,0,0,0,0,0,0
RNF214,851.0498115,720.2168416,448.9215106,742.4791252,599.7809087,843.8936985,607.8480701
TRAV23DV6,0,0,0,0,0,0,0
ICOS,0.067673491,0.320349408,0.815331693,0.352493818,0.656187508,0,0.346536493
LINC00544,0,0,0,0,0,0,0
TRBV12-3,0,0,0,0,0,0,0
ISM1,0,0,0,0,0,0,0
DUSP16,495.0508608,387.6925687,173.2181189,384.8355721,259.8401076,512.0901978,349.1358287
TRAV12-3,18.26711521,12.35313746,0,13.59267247,7.229583228,17.6906925,6.681474685
TRBV5-1,0,0,0,0,0,0,0
TRAV13-2,0,0,0,0,0,0,0
TRBV6-6,0,0,0,0,0,0,0
CASP1P2,0,0,0,0,0,0,0
TRAV8-2,0,0,0,0,0,0,0
TRAV8-1,0,0,0,0,0,0,0
ADAM23,0,0,0,0,0,0,0
TRBV19,0,0,0,0,0,0,0
TRAV13-1,0,0,0,0,0,0,0
TRBV5-5,0,0,0,0,0,0,0
ZDHHC11B,0.539942483,1.277976447,3.252619399,0,0.373963178,1.830165691,4.83855791
FAAH2,19.5456227,92.27530806,234.8528861,101.2606175,188.5752625,0.356286492,100.491205
HSD11B1,14.46283334,10.21244047,1.539113703,10.57176648,5.799799586,14.62504119,7.486116345
TRAV17,0,0,0,0,0,0,0
TRBV2,44.12856862,208.8936251,531.6619558,229.8543699,427.8871249,0,225.9697139
TRBV20-1,3.891285622,18.42037449,46.88229392,20.26870648,37.73136245,0,19.92615501
TRAV8-6,0,0,0,0,0,0,0
TRAV2,0,0,0,0,0,0,0
TRAV12-1,1.282668355,6.071831717,15.45361628,6.681089731,12.43723266,0,6.568175908
RPL5P13,0,0,0,0,0,0,0
TRBV5-6,0,0,0,0,0,0,0
TRAV16,0,0,0,0,0,0,0
LINC00402,3.18623842,3.339049177,3.855163453,2.796205443,2.769572322,3.755149184,4.782903451
TRAV6,0,0,0,0,0,0,0
AP3M2,681.9829682,761.8901325,908.1898807,798.6058095,904.5769796,631.786016,702.742762
TRAV25,0,0,0,0,0,0,0
TRAV21,0,0,0,0,0,0,0
TRAV35,0,0,0,0,0,0,0
INPP4B,152.5427359,117.1303693,43.80843305,122.8728824,84.14305346,150.9129375,87.43488062
CD28,172.350414,128.4356357,40.38068176,128.1085843,77.29410603,178.4075579,110.5266599
TRAV3,0,0,0,0,0,0,0
HAPLN3,370.2061725,271.3722124,62.64729777,298.0020286,193.874725,354.1580086,161.5661443
TRAV20,0,0,0,0,0,0,0
TRAV36DV7,0,0,0,0,0,0,0
TRBV1,128.4636497,608.1148409,1547.73285,669.1341275,1245.63165,0,657.8254196
TRBV3-1,0,0,0,0,0,0,0
TRBV11-2,0,0,0,0,0,0,0
PI16,1.501023081,7.105468466,18.08435877,7.818443364,14.55448184,0,7.686307685
TRBV4-1,1.057968122,5.008156918,12.74642297,5.510683977,10.25845506,0,5.417550608
TRAV8-3,30.59390286,42.82153088,65.71821395,47.11831677,62.84006498,24.34594045,37.12694417
HKDC1,0,0,0,0,0,0,0
TRAV26-2,0,0,0,0,0,0,0
TRAV29DV5,0,0,0,0,0,0,0
FAM201A,0.195397616,0.685684898,1.745158923,0.49119944,0.984414032,0.342666359,1.388832847
TSPAN18,3.894479097,17.50689645,44.55737127,18.2417965,34.22987974,1.329823406,21.44926315
TRAV4,0,0,0,0,0,0,0
TRBV25-1,0,0,0,0,0,0,0
TRBV6-5,2.73538193,6.474307522,16.47797053,0,1.894520531,9.271732296,24.51243287
TRBV24-1,0,0,0,0,0,0,0
DAB2IP,0,0,0,0,0,0,0
RBM24,0,0,0,0,0,0,0
SLC4A10,45.54034947,43.39571075,41.99479445,35.85880299,30.5643274,53.99316129,61.62182384
PRSS35,0,0,0,0,0,0,0
SCART1,38.97155793,37.17443827,34.9070965,33.69516768,30.31942743,42.97844045,45.24377249
IL23R,13.14602835,11.55036185,8.53359961,11.06439877,9.040719148,13.8802916,12.10363705
ME1,1.731770443,2.794024923,4.818956264,3.074382178,4.405430199,1.289766435,2.535300632
DKK2,0,0,0,0,0,0,0
LINC01644,0,0,0,0,0,0,0
FLT4,18.40034587,19.6147388,22.0102911,19.72615881,21.16964119,18.1218111,19.84998143
ADAM12,4.441571571,3.182504575,0.637423984,3.226263887,1.789250993,4.557604092,2.534093525
TRBV6-4,0,0,0,0,0,0,0
RP11-21J7.1,0,0,0,0,0,0,0
LTK,124.4064165,423.4132703,1007.441489,465.8992844,826.9420079,39.5005252,443.1066702
COLQ,127.9263991,170.1526872,256.5282704,166.0410991,213.2464209,126.9025374,198.6138362
RORC,19.42987237,17.34025327,13.30155421,16.93231272,14.36762959,20.14365536,17.48459424
TSPAN15,209.3433546,141.5684527,0,155.7736741,82.85190015,202.7374805,76.5705098
PLEKHA7,272.9003661,233.4574874,145.4270534,256.3598071,219.395319,253.1828782,158.4617652
RP11-98G13.1,0,0,0,0,0,0,0
USP13,259.2236417,225.7306893,151.2423647,244.4965384,212.8531627,243.2198462,163.7792411
TMEM171,0,0,0,0,0,0,0
ROR2,0,0,0,0,0,0,0
DKK3,1.059224327,2.507051741,6.380778884,0,0.733616836,3.590300973,9.491970733
CXCR6,18.79265198,27.05465263,43.15110931,28.33522965,38.35125168,16.3309335,27.32801571
CPNE7,0,0,0,0,0,0,0
FSD1,33.40682191,66.07988217,131.7935681,65.80475756,103.4173623,29.46254417,80.72105464
ELOVL4,0,0,0,0,0,0,0
B3GALT2,14.40709528,17.98258867,25.43295334,17.28023723,21.1448534,14.70456073,21.29208829
TRAV1-2,0,0,0,0,0,0,0
IL17RE,33.88748905,35.68495995,42.38075449,27.67869437,26.75917233,42.33746182,56.78528958
KIAA1217,4.012703481,9.497568163,24.17256947,0,2.779191106,13.60128619,35.95882668
RAB6B,20.60860128,23.12428156,27.28127464,25.44461165,29.21635665,17.76536747,18.30490658
IL4I1,937.0958776,637.7497385,11.99193233,701.7426416,380.1321018,906.5616813,347.4898531
KIF5C,5.864489169,8.767565321,14.48533111,9.057110884,12.51651161,5.173484933,9.271032276
IGFBP4,8.637034786,6.415315207,1.705934619,7.059038943,4.735197739,8.227364777,3.832401369
NTN4,0,0,0,0,0,0,0
CYP2E1,609.7281994,415.3188174,8.92259508,456.8783826,248.0093009,589.8983186,226.8115369
EEF1A1P14,28.77270728,25.92454188,19.58389516,27.53675973,24.85201646,27.39398023,20.61464829
ZBTB16,131.448562,132.1270452,149.0817569,91.68072346,77.33672092,175.2274426,235.1370305
LINC00612,29.69845992,50.51769331,107.1604333,12.02898197,21.66621693,68.73884761,157.1505697
AL450992.2,21.90423938,103.6891998,263.9027531,114.093552,212.3917069,0,112.1653128
TPT1P12,22.38542452,52.98350508,134.8500411,0,15.50410416,75.87666689,200.6013164
GTF3C1,1574.757099,1448.57723,1170.242506,1513.336438,1391.903572,1520.905759,1230.265736
AGAP1,2.44057027,2.673991781,3.470996581,1.822401315,1.773346277,3.333871874,4.936360714
A2M-AS1,209.179392,205.5106306,203.6313777,191.2757607,181.7168613,225.0945426,240.0969992
GFPT2,0,0,0,0,0,0,0
CYTH3,367.6905574,389.6271328,440.2733098,372.513398,391.4347997,383.4031361,442.4513426
ARSJ,22.94870682,16.53613891,3.624026637,16.62862151,9.260989239,23.68108909,13.56485356
BTG1P1,12.06639313,28.55964607,72.68808362,0,8.357161854,40.89972433,108.1299282
KLRB1,9.230032205,18.36893428,36.43830079,19.09935549,29.92184943,7.251130167,20.41371028
CFH,13.8811428,12.5477491,9.518599446,13.46003036,12.26205295,13.06485147,9.661858552
KRT17P8,9.219473406,12.39501401,21.95045103,4.148872996,4.730383532,17.75066311,34.6926072
NCR3LG1,25.29259918,18.81587614,5.390170527,19.9064476,12.83805107,24.95081204,13.28239413
PZP,61.5795255,129.7456511,313.2918481,8.68833054,42.09830247,184.0234859,466.2800033
AC007278.2,0.736791348,2.178574616,5.544761075,0.956596338,2.163862347,1.87489703,5.897247161
THEM5,11.60834868,54.95102409,139.8576377,60.46490414,112.5588955,0,59.44301643
TRBV6-2,0,0,0,0,0,0,0
TBC1D31,635.9166476,551.9726922,384.0840728,550.231741,452.6815631,648.7051476,520.5730681
NCR3,22.35722298,18.81678017,13.17561656,15.00865017,9.497543567,26.94715193,26.97738856
SLC17A3,0.346707461,0.820613273,2.088569518,0,0.240128954,1.175184615,3.10693116
LINC00987,51.13201168,173.479516,421.5733839,167.2030047,306.0849776,42.0522466,241.6286729
HNRNPA1P34,16.68648143,29.63520217,65.38790462,4.339578762,9.825946143,42.4400077,99.4033876
A2MP1,44.96511616,56.70834455,92.63692569,24.6773937,26.25316701,78.18013171,143.0676488
CCR5,2945.790678,2505.502386,1581.222008,2609.728646,2140.471855,2889.92213,2052.919215
WHRN,150.5591457,112.0017853,30.88429674,121.5844256,80.66046849,145.172834,71.21157605
CERK,1885.550925,1522.813759,748.6212731,1641.657287,1267.387067,1803.758696,1066.20058
VDAC2P2,11.19909098,26.50685017,67.46344603,0,7.75646997,37.95995448,100.3578195
PHACTR2,1754.464149,1431.857965,757.2169718,1501.497811,1155.149492,1720.8258,1117.33102
LONRF3,125.6360087,87.11143552,6.686765811,95.06768994,53.57330077,122.0093736,50.46570685
GZMK,3.032742752,2.47833663,1.523063024,2.068548603,1.275317346,3.549178611,3.282484968
TMIGD2,236.6149426,1091.362663,2767.087602,1196.708741,2222.770067,11.36852859,1188.561113
FYCO1,301.1854054,444.7279792,731.2129897,449.2648658,616.6572329,277.6254948,494.4591221
MYBL1,43.50148826,31.18965334,6.147481417,32.01963372,18.11812799,44.20003354,23.82799342
WDR86-AS1,37.71572138,39.31011275,44.15728415,35.04136955,35.28528516,42.13844911,50.83169583
ABCB1,0.576950709,2.660328279,6.770887982,2.84935244,5.324954584,0.101408963,3.069300057
PHACTR2-AS1,319.659163,253.3809891,131.251789,224.9570397,137.8193877,359.0933774,297.2859223
TRBV6-1,0,0,0,0,0,0,0
DPP4,619.4409745,1034.428583,1829.104215,1134.61108,1651.112774,456.8986811,957.0837518
COL5A3,0,0,0,0,0,0,0
TRDV2,6.672855221,16.91161873,43.04231057,2.459931668,8.873818417,21.0172364,57.98333507
TRGJP,0,0,0,0,0,0,0
TRGV9,0,0,0,0,0,0,0
KLRC1,281.9985275,230.0675118,128.1219921,224.0179404,161.8098155,295.3030878,223.2711322
PLPP2,64.66592489,62.00211376,58.39942296,57.47235316,52.70327437,69.9246822,72.36950997
IL12RB2,14.63884017,11.26584451,4.456376701,11.36047403,7.502315052,14.97419863,9.586171309
EPHX4,44.8709907,40.82450785,33.16500193,39.61610675,34.49317889,46.70703466,42.16671271
TRGC1,3.763359464,4.199760251,5.352481647,3.482711072,3.718280505,4.484383924,6.207054761
TFCP2L1,3.334506663,2.541047006,0.888919141,2.693724098,1.83491184,3.271949753,1.814707112
LAG3,18.51535174,16.24533757,11.05873268,17.87542261,15.86473925,17.04217218,11.1367793
AF131217.1,22.732359,19.21179357,11.39932766,21.1395379,17.79663192,21.09873315,12.81363506
SYNM,12.65549911,10.05282385,5.325330509,8.75923173,5.271072695,14.39645727,12.22749642
JAKMIP1,0.166822033,0.600413102,1.528130903,0.452386082,0.897530286,0.271065346,1.161378031
BOLA2B,400.3413293,387.38824,350.1388523,416.5434963,412.4956149,370.4023171,307.8159821
COL6A2,0.64402152,1.524318534,3.879592652,0,0.446048129,2.182947494,5.771235861
RP11-445H22.3,1.14289795,5.410193518,13.76965939,5.953061619,11.08196647,0,5.852451842
KIF19,40.57227152,38.81935046,35.05870472,39.44391572,37.65405745,40.12250573,36.48514144
CACNA2D2,4.613979852,6.574923012,11.47969265,4.066044542,5.391283218,7.080408483,13.78344115
CYB561,644.0091917,447.5171239,37.13587199,488.5656445,277.1013214,625.0040174,259.4189938
UNC45B,3.208199434,2.652769685,1.575802517,2.553321828,1.874978277,3.388181685,2.668318452
LINC02218,0,0,0,0,0,0,0
PI3,0,0,0,0,0,0,0
TGM3,0,0,0,0,0,0,0
RP11-321E2.5,0,0,0,0,0,0,0
CSNK1A1L,0,0,0,0,0,0,0
CH17-296N19.1,0,0,0,0,0,0,0
CA4,0,0,0,0,0,0,0
BTNL8,29.36603095,21.26591216,4.549199022,22.43747563,13.52543576,29.14720366,14.8339916
RP11-676B18.1,1.202235397,1.35085336,1.692736962,1.238123204,1.367515583,1.305201089,1.700570326
SLPI,9.858134345,6.666563779,0,7.335498228,3.901557629,9.547058815,3.605762284
AP001434.2,0,0,0,0,0,0,0
SPATA20P1,0,0,0,0,0,0,0
CMTM2,21.3001189,16.2933911,6.731515775,15.01804959,8.761645732,23.33345457,17.39584121
MMP9,63.94444943,43.34550924,0.367266565,47.536091,25.32541613,62.07427691,23.91269478
CHI3L1,20.4953908,18.91058424,16.93592095,15.77799269,12.77699218,24.09870531,26.19006634
RP11-7F17.3,2.204255705,1.652224226,0.575797272,1.569075769,0.90075103,2.366118796,1.627827964
KRT23,9.09687711,9.35866082,11.42676992,5.357568908,4.163318504,13.40235963,19.63183858
MANSC1,137.2986709,122.690369,98.56091864,109.1910523,87.27941183,153.8365844,150.7404856
NECAB2,0,0,0,0,0,0,0
OTX1,0,0,0,0,0,0,0
CTD-2530H12.2,0.581445315,1.376208467,3.502632907,0,0.402707963,1.970841893,5.21047503
PGLYRP1,0.970188258,2.29631448,5.84442463,0,0.671950616,3.288508162,8.694096528
CXCL6,0,0,0,0,0,0,0
LRG1,639.1328622,448.282317,53.26370577,478.8655298,269.9992916,630.7455124,289.1700383
KCNJ15,101.2024782,73.46331375,15.95999457,78.14021774,47.86925354,99.73202796,49.74847989
STEAP4,52.02688011,43.69717555,27.0824662,43.40828891,33.68501309,53.4218296,40.87635146
CXCL1,4.897833889,3.312160381,0,3.644508237,1.938417606,4.743281697,1.791457095
RP11-561P12.5,0,0,0,0,0,0,0
ANXA3,24.46881374,21.577065,15.98670925,21.01602051,17.46815293,25.45280745,21.76795041
CYP4F3,184.9297417,199.9562672,240.2676768,173.6581503,181.1680514,211.5007376,273.1571124
ALPL,0.302361225,0.71565127,1.82142731,0,0.209414832,1.024870531,2.709533591
CTA-286B10.7,23.7187663,26.62177292,37.70547293,12.99177234,11.24508899,38.12453315,62.47631521
MGAM,22.08717241,41.03283872,92.98626953,4.949222966,13.32326462,58.76234558,140.7580573
RP11-455F5.3,5.894204465,3.985956026,0,4.385913693,2.332751573,5.708211588,2.155894758
CACNA1E,0,0,0,0,0,0,0
MGAM2,65.14635615,44.38630851,1.179707768,48.33008169,25.84112754,63.5647857,25.51155857
MTND4P22,0,0,0,0,0,0,0
NFE4,45.74503234,43.41123014,39.86783697,40.4465837,36.64380744,49.26345689,49.94457049
CD177,1.227913398,2.90631771,7.39696368,0,0.850450578,4.162082151,11.00363514
RP4-673D20.6,0.077567979,0.183593722,0.467270351,0,0.053723441,0.262921067,0.695105813
BMX,8.679636406,20.54361574,52.28622423,0,6.01150033,29.4201202,77.78036494
KY,24.96986956,53.54330448,129.2477328,5.998391474,21.19945585,72.82546733,186.4848976
LUCAT1,118.524172,86.96174955,21.69615884,91.85954613,57.25789468,117.3106063,61.0544368
RP1-229K20.5,202.1493615,136.7035145,0,150.4205797,80.00473071,195.7704953,73.9391976
KCNH7,1.444035184,1.506392875,1.766905861,1.155429768,1.096148579,1.81658296,2.424334291
RP11-875O11.3,2.210837669,5.232776743,13.31811019,0,1.531222133,7.493759753,19.81186223
KREMEN1,50.74062198,61.75408143,86.02509136,56.16158417,66.78312246,55.37597026,80.65692951
MME,114.2670807,313.7687889,713.1406977,316.9548462,548.437318,84.90582331,390.8098174
NRBF2,3982.823966,3272.945886,1820.260911,3343.624912,2550.625573,3998.346679,2790.520761
RP11-467L13.7,321.1108677,251.793215,112.6396675,251.698403,171.6474766,330.2147515,222.4543589
TNFRSF10C,455.6863915,376.5213645,241.8325895,313.5525325,198.6191774,534.2604352,502.6598714
RP11-206L10.2,257.6569477,227.3213484,165.0244776,230.9085193,197.2328441,257.7055454,205.2661146
AOC2,23.23580864,17.37279661,5.913391439,16.55946568,9.487422057,24.87925062,16.93649186
FAM157A,36.31405903,28.7866922,13.91087953,28.16629455,19.24519411,37.96437102,27.15017632
RP11-256L6.3,36.66370732,86.77841784,220.8625722,0,25.39321676,124.2737168,328.552534
LINC01506,108.6937057,80.47804929,22.14496704,84.82542675,53.88118827,107.6425246,57.39677374
DSC2,26.66344636,20.73917292,9.180256406,19.86487858,12.69931834,28.38096252,20.43155349
IL1R2,6005.506209,4084.516891,71.06446527,4489.436012,2423.422327,5815.786705,2236.418288
CTB-50L17.14,39.81849427,38.4259567,37.59756064,33.32143823,29.80486572,45.53554063,50.79553586
RP11-44F14.1,235.6137298,258.6370725,349.3574551,143.2319082,126.6461428,357.7894069,561.5531909
NOV,83.72441016,70.26309151,46.68990414,61.2951742,42.40230497,95.19875249,87.29437986
PRRG4,91.21079223,75.5176504,45.83930423,70.76146558,50.86755152,98.40701103,80.90013548
CCNJL,29.4571266,25.50546063,18.8449272,22.19961084,16.40167306,33.55569431,32.21496156
TECPR2,231.0163785,201.2253495,146.9681643,186.7941767,147.0081339,250.5364692,225.1632115
LRRC4,44.56130568,37.76376177,24.5084646,36.74122179,28.51217412,46.55300118,37.45999062
HIST1H2BC,103.4587732,205.4095239,410.1841628,205.2612477,322.8906312,90.38105499,249.2911374
ANKRD34B,0.245229482,0.580427567,1.477265068,0,0.169845491,0.831219246,2.197561936
LINC01127,70.5113724,50.08741211,7.863421735,53.23289568,30.83333166,69.75196349,33.38347452
FRAT2,484.5706206,343.443799,50.87675714,367.2666775,213.2696291,477.0586084,222.7189711
ZDHHC18,882.62212,678.2852464,272.1823387,667.374204,427.421158,920.9895436,618.7998678
RP11-196G18.3,5.389049775,3.644345144,0,4.01002499,2.132826306,5.218997161,1.971126761
LINC01317,112.460203,106.7438631,98.52322817,98.2931696,88.53400916,122.3678755,125.7665559
MTND5P24,0,0,0,0,0,0,0
VNN3,288.3294843,607.4572912,1457.150461,65.615739,231.3422504,834.5566659,2119.738168
SLC45A4,81.50043391,80.54950469,87.41018263,57.79982344,48.19360333,106.2976012,137.9204852
GPR27,16.80900926,11.66084508,1.046692292,12.37839592,6.704082907,16.69927379,7.641644358
RP11-144A16.8,106.9503701,119.097401,152.0121282,96.98766329,102.7401585,129.3526724,180.4323745
RP11-1228E12.1,56.77487693,52.45666442,44.5335278,50.51674904,44.80656415,59.43958614,55.54072275
LLNLF-173C4.2,60.85121797,55.97376421,44.41948743,60.54004899,56.61767757,56.53209774,42.29555437
TRDV3,0,0,0,0,0,0,0
TRDV1,0,0,0,0,0,0,0
RP11-277P12.6,0,0,0,0,0,0,0
AC069363.1,172.7480765,137.28754,63.83325837,143.1224518,104.3715766,171.02432,107.3368338
TRDC,9.310441986,10.98249664,15.21719142,8.707040258,9.786107612,11.56122018,17.47492261
AE000661.37,94.50104674,223.6721794,569.2753347,0,65.45125246,320.3166613,846.8472133
TRGV4,308.959783,355.1485682,434.1578277,390.7847849,457.4300834,264.3119914,284.354164
TRGV2,17.34011027,33.13794805,63.57820925,36.46306662,55.94260601,11.68239208,31.43458074
CYP24A1,5.554713484,7.29272167,12.60065838,2.57682057,2.819277352,10.44376759,20.01122494
KLRC4,5.659400711,26.79018984,68.18458303,29.47836346,54.87566842,0,28.98016408
KLRA1P,276.4720157,290.4500969,309.9522217,312.6699961,337.1157103,250.5578305,239.9836147
GS1-115G20.1,118.6583078,108.321545,83.37515349,119.1907147,111.3238188,108.2121531,76.30643485
TRGV8,268.2842305,220.2033303,115.1387211,242.2989103,195.0615663,250.5633771,143.5703949
SERTAD1,1075.135508,896.2954215,530.6818014,913.1617492,713.0293399,1080.065535,777.1447304
IFNG,0,0,0,0,0,0,0
KIAA1671,28.37645706,27.16573777,25.00041869,26.47622994,24.82077942,29.28149317,28.40021719
RP11-305L7.1,12.74486396,9.934425714,3.906768374,10.93126304,8.059912903,12.02866298,6.203497008
MYO6,19.09214338,21.50776625,26.84606314,20.24263181,22.55788968,20.15059979,25.75160407
SGCD,0,0,0,0,0,0,0
GLB1L2,8.496418579,10.83220162,15.79896463,10.1149575,12.5429685,8.971015402,13.65050709
IKZF2,182.650989,428.6849758,1063.805187,62.71678338,209.8467029,547.6220936,1463.113872
TRGJP2,0,0,0,0,0,0,0
RAP2A,775.6487324,648.7729443,379.8120998,685.5915345,552.9053695,752.1913951,501.1245365
GZMH,45.57515981,168.7089808,409.8148803,184.6549166,332.7559032,12.2914266,180.7559155
LINC02086,66.60443321,70.77085799,80.74874834,66.59013789,69.8359508,70.59770915,83.16644475
ABHD17A,277.457955,245.9744218,177.7771535,258.8878769,227.3751999,267.5405797,199.7436161
RCAN2,0,0,0,0,0,0,0
RP11-204N11.1,0.045607979,0.107948392,0.274742962,0,0.031588003,0.154590833,0.408704361
TTC16,49.15076289,47.0985404,43.1096409,46.75620955,44.25923293,49.78853135,47.09221225
C8G,46.07964286,79.98636005,144.9771091,88.01232866,130.1536456,32.9720315,74.07189804
CADM1,1296.403796,881.3678872,14.09348009,969.2543585,523.0359681,1254.977861,481.0582976
TPRG1,123.6775919,90.66360701,22.32759973,95.96522066,59.83901708,122.2145458,63.11131123
KLHL4,0.030738524,0.072754249,0.185169205,0,0.021289446,0.104189972,0.275455505
TRGV5,627.3274548,784.8263975,1070.7259,863.577225,1074.836364,521.4648518,652.0338943
SERTAD3,2997.298814,2760.109721,2214.24023,2940.633145,2734.355565,2832.307544,2200.424369
TIGIT,6.48905024,28.8486518,73.42364148,29.68695546,55.81085204,2.676404227,36.26105834
ENC1,405.5522879,278.3756008,14.68334756,299.9602082,161.2290942,398.6563875,169.2881369
GPR68,30.69995825,23.62374336,10.20102688,21.583962,12.65278085,33.83111221,25.78451721
TRGC2,28.59930298,23.22569334,11.53704076,25.55619926,20.22490376,26.7694748,15.01390959
AC131056.3,0,0,0,0,0,0,0
WDR63,1.752863645,8.297618811,21.11853937,9.13021612,16.99642225,0,8.975910812
ERRFI1,36.78336056,56.93204879,95.51018503,61.81005594,86.89270455,28.87645384,53.14147244
LINC00944,16.43491396,11.11411128,0,12.22932027,6.504452231,15.91630674,6.011319262
KIF21A,17.71606821,17.77423854,19.0334054,14.81096556,13.76982932,20.92240012,25.32480771
IGLV3-13,0,0,0,0,0,0,0
ZNF365,12.93069826,13.03350445,13.21964736,13.0861425,13.22450179,12.86025885,12.94369107
TBKBP1,35.06306232,28.52540818,14.39827624,31.11809859,24.54117003,33.10002976,19.1510333
KRT8P48,0,0,0,0,0,0,0
ATP1A3,16.88219847,24.75928132,42.2734095,20.35749366,27.80395083,20.63340098,39.29974198
TUBB4A,0,0,0,0,0,0,0
TRGV3,1604.205948,1738.580597,1941.649782,1911.744008,2131.621015,1398.94876,1356.143203
CST7,2209.462618,1541.362685,167.0564463,1626.339615,886.9135693,2204.053225,1040.45337
RP4-800J21.3,15.13071166,24.07767554,42.54404877,22.77850818,32.62036226,15.37796993,31.19503918
MLF1,47.74370893,43.64202057,36.66847231,40.36670029,34.40700537,51.82864591,50.20996804
TRG-AS1,680.6861964,972.0182392,1521.693205,1063.640157,1434.200772,543.4854282,863.6474348
LINC00943,0,0,0,0,0,0,0
PTCH1,20.88508321,21.02501463,23.32836954,15.77899997,13.9784823,26.55659796,34.40789237
RALGDS,1134.354976,1040.347748,865.5769992,1004.041976,881.9479817,1185.938282,1092.43723
OR6N1,29.41913862,69.63142819,177.2212114,0,20.3756417,99.71784,263.6321651
OR2I1P,88.71768235,209.9836779,534.4362846,0,61.44570484,300.7136194,795.021057
RP11-529A4.7,25.01123368,59.19846751,150.667944,0,17.32273479,84.77699604,224.1318405
DSG3,49.44823686,108.5940976,267.2723148,5.059846985,34.61119992,154.0584527,396.7763883
RP11-529A4.4,13.88314047,32.85966022,83.6321894,0,9.615437748,47.05769256,124.4102497
OR6N2,54.49357327,128.9794845,328.2698788,0,37.74214937,184.7090593,488.3303652
TRIM51BP,668.7080351,1582.748432,4028.304486,0,463.1459644,2266.623837,5992.457815
AKAP12,283.3292588,667.0926351,1693.73854,2.907383148,197.487324,953.8540235,2517.668267
OR6K3,59.21972893,140.1657049,356.740292,0,41.01547615,200.7286322,530.682613
UBD,182.3112711,417.5285433,1048.433622,6.152879476,123.8140381,597.9346619,1562.661826
RP11-618I10.1,22.95297329,54.32682216,138.2689611,0,15.8971874,77.80040566,205.6872611
RP11-13A1.1,451.1362718,1068.921643,2720.547222,2.505282918,316.7867631,1527.5217,4040.896316
RP11-81M19.3,29.33434487,69.43073197,176.7104129,0,20.31691371,99.43042678,262.8723074
OR6K4P,60.87412508,144.0814541,366.7063924,0,42.16130791,206.3363018,545.5080654
RP11-163O19.8,16.72393457,39.58346517,100.745164,0,11.58296655,56.68672537,149.867307
TRIM49D1,661.3221913,1565.267062,3983.812082,0,458.0305425,2241.5891,5926.271445
TRIM51EP,114.7585408,271.6191386,691.3066992,0,79.48155583,388.9805869,1028.379619
RHOXF1P1,632.020728,1495.914157,3807.299749,0,437.7364025,2142.270128,5663.693797
RHOXF1P2,57.84617799,136.9146813,348.4660062,0,40.06415728,196.0729033,518.3738839
KLHDC7A,34.63982565,81.98814261,208.670687,0,23.99148001,117.413655,310.4160307
TRIM64B,523.0850621,1238.201599,3151.387139,0.274123111,362.7616053,1772.848121,4687.292279
OR6K5P,30.48493597,72.15403747,183.6415863,0,21.113811,103.3304206,273.1830383
TRIM49D2,423.8053633,1003.094384,2553.008124,0,293.526821,1436.512332,3797.824503
CTNNA2,59.55698088,128.3362911,313.38755,6.568774622,40.42094606,182.691577,466.9359709
THSD7A,72.75661418,172.2466228,438.3904789,0.08978908,50.54630659,246.5542433,651.9237804
TRIM51,28.27099918,66.91392549,170.304807,0,19.58044243,95.82615623,253.3434041
RP11-13A1.3,1085.921927,2570.241627,6541.605515,0,752.1075444,3680.794003,9731.214516
CCNA1,283.3274117,670.6006108,1706.767414,0,196.2320482,960.3543421,2538.966893
RP11-736I10.2,38.07256977,91.51813678,232.9257849,3.092218599,31.71416769,127.0368942,338.8977294
HRH4,336.8708166,752.0690805,1864.456153,29.20827694,238.12941,1066.951602,2765.075552
CYP11A1,81.46722646,184.6939955,461.7951847,3.577764853,54.99686341,264.4967476,688.7196706
TEX101,133.6800773,316.4040532,805.2902413,0,92.58657748,453.1162088,1197.94018
KRT81,65.5194553,155.7563527,396.4205565,1.496425082,47.96535923,221.108123,586.0326654
RP11-704M14.2,152.6861895,361.3891479,919.7832681,0,105.7501761,517.5385048,1368.258644
CAV2,292.9952281,643.0819939,1582.909357,28.69043358,203.0196182,913.8880895,2352.827211
LINC00929,65.91348005,156.0089781,397.0635216,0,45.65155596,223.4174815,590.6669695
IL1RL1,623.833339,1476.258346,3754.663564,6.158918804,440.3118574,2107.573984,5573.583125
PTGER3,238.3479374,498.1795573,1198.63612,34.59779678,161.1466115,707.3964157,1786.402874
RP11-13A1.2,816.5430919,1932.655555,4918.864478,0,565.5362548,2767.719152,7317.24426
ITGB8,242.396285,527.9654071,1294.651108,26.64590196,168.7901248,749.0320247,1923.013142
CEACAM22P,132.6197781,227.1328516,482.3732717,57.33585464,102.9299399,304.5042586,698.6930061
SHB,16.61414238,29.05726672,63.50292187,4.518590255,9.704435637,41.61235736,96.68730275
TRIM64,25.45977488,60.26010855,153.3699612,0,17.63339361,86.29735192,228.1513291
RP11-731J8.1,120.4220792,285.024027,725.4239164,0,83.40411221,408.1774718,1079.131985
UGT2B11,507.3943572,1200.939096,3056.549133,0,351.4204055,1719.84197,4546.886116
RNU4-18P,1050.677311,2486.822019,6329.291561,0,727.6971873,3561.330374,9415.378804
HTR1B,9.151446247,21.66033073,55.12841185,0,6.338274965,31.01934644,82.00836942
OR2A4,49.34256636,116.7876943,297.2401571,0,34.17457139,167.2494291,442.1709204
LUM,92.6817947,219.3662369,558.3161406,0,64.19124182,314.1502032,830.5444465
CTAGE9,9.97483959,23.60919997,60.08854232,0,6.908555691,33.81028491,89.38700047
RP11-704M14.1,912.6354032,2166.633876,5514.37031,14.39206816,656.9675864,3084.063947,8167.739563
GNA14,64.96393494,153.4216041,387.6842565,6.499699213,53.65928612,212.8250191,564.3024905
IL4,461.8439287,1093.126919,2782.152856,0,319.8722619,1565.446208,4138.69748
RP3-333A15.1,141.7924718,278.0853226,647.1637927,30.61359185,95.38446711,392.4956628,964.7424732
CNTN4-AS1,31.69917563,75.02799114,190.9561792,0,21.95479117,107.4461549,284.0641397
RP11-1072A3.3,21.34900649,48.55469816,119.307464,6.730129125,22.49181313,63.17807893,166.3848326
CD200R1L,296.8552884,688.8101125,1739.054416,6.077976567,203.1768945,986.4318222,2589.984282
LINC01105,31.38092022,59.96225427,137.1150115,8.701534001,22.52197969,83.26555601,202.3441561
OR14L1P,58.96188269,139.555415,355.1870234,0,40.83689231,199.8546477,528.3719891
RGS13,240.7676403,418.5078207,894.2098837,110.3439568,200.2594743,551.9138432,1276.98984
CLC,11075.59546,26203.34517,66675.62201,15.19102824,7683.065069,37514.18453,99168.11584
GCSAML,1368.452464,3208.190427,8113.336627,67.00844655,1015.850528,4536.399094,11970.83174
CNTN4,11.05464106,20.32291812,45.47588239,3.352432996,7.704010441,28.25686213,67.37742778
RP11-180K7.1,236.8777164,560.6599811,1426.953943,0,164.061074,802.9104636,2122.719705
EPAS1,632.2148586,1490.407367,3784.794094,8.89347654,445.43493,2127.586397,5619.182297
RP11-454P21.1,141.9661074,319.8683805,795.0272589,13.95783148,104.9032124,450.6473781,1172.696884
HSD3B7,524.3247847,820.5206787,1642.681351,230.6517335,351.9446752,1125.618934,2444.989817
RP11-440I14.2,113.1111923,239.0240103,579.1336684,12.63018882,73.30235758,342.3017255,867.7207193
RP11-178F10.2,227.6266993,538.7639786,1371.225716,0,157.6538364,771.5536162,2039.819057
RP11-384P7.7,146.4706898,306.6538142,739.1319269,19.16228843,96.54275786,437.4760589,1105.142787
PTENP1-AS,199.7069934,424.7086623,1029.321793,28.32361817,139.799189,600.398484,1527.411399
DLGAP1-AS3,231.5520239,285.4024774,458.3549732,117.2584645,116.5326831,406.9238554,735.4127927
ENPP3,1252.029002,2821.957869,7035.895252,68.39897422,850.7658832,4034.605469,10485.02846
LINC01229,59.11617313,140.7054595,358.1140388,1.727224448,43.92941495,199.2536434,528.4810988
TCN1,2495.474451,5896.906593,14980.94955,50.16841652,1789.825189,8395.004418,22197.19335
CACNG8,41.83363745,64.58484945,126.6508006,22.09155808,32.46119463,84.96641221,182.2124779
PTENP1,39.06666372,77.60882652,182.1608224,7.158129823,25.29948168,110.4707912,272.9775515
AC006116.22,26.59148392,62.93872255,160.1873887,0,18.41721322,90.13334393,238.2928532
CTD-2311M21.3,14.56598971,19.66836856,34.62058163,7.459445216,8.78305627,27.14490133,52.85236779
AC104809.4,29.19633599,19.74402348,0,21.72517268,11.55504515,28.27503939,10.67900309
CROCC2,10.39639243,7.030560834,0,7.736019372,4.11458424,10.06833205,3.80263835
AC099552.2,0,0,0,0,0,0,0
CDKN1C,31.58998388,24.83109206,11.33939854,24.62309085,16.74330344,32.69323366,22.47515208
GPR20,0,0,0,0,0,0,0
SFTPD,16.59910503,11.22514549,0,12.35149586,6.569434194,16.07531673,6.071374639
PPP1R17,0,0,0,0,0,0,0
LYPD2,0,0,0,0,0,0,0
CTD-3064M3.3,0,0,0,0,0,0,0
AC104809.2,0,0,0,0,0,0,0
PTX4,0,0,0,0,0,0,0
C1QA,212.2207885,143.5143174,0,157.9147903,83.99070325,205.5241163,77.62297491
RP11-221J22.2,14.61762473,20.02853383,30.82578268,20.2046042,26.51643197,13.72404485,21.89034836
LINC02185,48.45741473,32.76932882,0,36.0574595,19.1780097,46.92833068,17.72403502
RP11-1008C21.1,4.199573583,3.799821929,3.420159642,2.702458811,1.830592186,5.441652499,6.416181721
PLAGL2,608.7255173,477.6119302,208.3283364,493.1941235,347.6735835,608.8508877,382.0886616
NEURL1,222.8649661,195.7831744,136.3321934,208.9363806,182.5944356,212.1159872,150.821817
FIBCD1,0,0,0,0,0,0,0
KNDC1,54.75553162,37.02843064,0,40.74392691,21.67061785,53.02770915,20.02766688
LYNX1,14.95091712,10.3802326,0.960899383,11.00637559,5.964477695,14.86533309,6.839603604
LINC02085,92.9673067,62.8691452,0,69.1775431,36.7937068,90.03370353,34.00420368
C1QB,193.0252275,130.5333185,0,143.6312556,76.39366867,186.9342753,70.60190708
PLPPR4,0,0,0,0,0,0,0
ABCC3,308.2558477,270.1105483,193.871934,269.183753,224.8048507,314.2142778,256.1867132
PAPSS2,1165.440858,804.6750843,52.04342383,877.8585078,488.7867393,1132.914351,464.8649183
ITLN1,1.319255343,3.122512692,7.947208556,0,0.913713843,4.47169086,11.82217287
MRAS,419.5215497,286.1031001,7.744087897,313.2214091,169.3548812,407.4344537,160.2983174
TCF7L2,570.9127551,421.2337653,105.7027162,460.0790222,301.8284176,548.2183973,258.7075657
RP11-362F19.1,369.2093416,253.0804185,11.9473703,273.6916184,147.3492121,361.9345955,151.1794607
ZNF703,179.4499532,121.7783449,1.262870898,133.997793,71.99586436,173.6858596,66.13495696
L1TD1,6.675282615,5.66386409,3.640718257,5.643666667,4.468601655,6.828523165,5.283560329
SIGLEC20P,429.9448135,290.7501988,0,319.9245727,170.1594246,416.3778133,157.2588421
C2,140.0033971,105.9723458,36.14628519,109.8415067,72.0055256,140.2260188,81.62400394
VMO1,88.30917542,59.71908371,0,65.71139905,34.95015639,85.52256057,32.30042145
OLFML2B,133.9628227,90.59236466,0,99.68255798,53.01851796,129.7355973,48.99893596
CKB,335.2844072,264.3231607,130.1855567,242.6559793,152.6395914,367.9985218,289.069719
EPS8,1069.595998,742.9296441,62.22951347,807.1384563,454.0721168,1042.375224,440.4631728
TNFRSF8,359.2018989,259.3292789,48.75322408,285.3508238,179.7970661,343.9483219,150.6247984
SPRED1,88.69983807,62.61821168,8.169772047,68.00447575,39.91216334,86.24480012,37.80914934
MSR1,867.1459634,645.1769323,180.8584415,693.4352017,455.2585427,843.6295322,427.8967092
MAFB,809.9891351,548.173622,1.242465575,603.1783039,321.5288473,784.3298834,296.7561811
TBC1D8,1775.501544,1776.904174,1743.506156,1870.844261,1907.597583,1673.434539,1538.925544
CTB-114C7.4,95.58244516,64.63763269,0,71.12348367,37.82870116,92.56632074,34.96073027
CASP5,133.0610203,89.98252077,0,99.01152131,52.66161129,128.8622515,48.66908805
MERTK,2.044155676,9.676522555,24.62803211,10.64748143,19.82089886,0,10.46753357
FMNL2,482.0569188,490.7494387,504.7068749,499.8210792,513.2479727,471.0893203,471.4197567
SMIM25,1293.043319,888.910325,48.11540132,964.8997409,526.8173367,1263.10484,523.4679318
GPBAR1,4630.798715,3156.589873,76.22923115,3468.242139,1883.07826,4484.21846,1736.01151
AATBC,753.1545091,520.8714286,35.69372002,569.5150849,319.5767434,730.5594004,298.2111752
AP2A1,3514.020991,2729.925349,1097.467975,2880.35212,2031.507394,3452.688781,2013.296407
SASH1,12.0084667,8.620946008,1.543832512,9.334188825,5.690628691,11.67478008,5.363998696
SLC24A4,747.1196573,521.8687191,51.3312378,569.1643813,326.8392959,725.0734067,305.6327286
CTSL,1065.41235,727.2106444,22.28899756,794.1651657,428.810134,1036.711545,412.8485332
AC011899.9,587.2229887,411.9845695,52.51688744,431.6685507,236.7474766,588.6293801,287.2148833
TMTC1,12.20802427,12.39755763,13.09897268,11.56532403,11.47284717,13.08603092,14.59203824
CTD-2006K23.1,5677.492935,3848.694387,29.24818702,4230.561162,2262.344343,5500.804201,2098.481421
MS4A7,7936.418507,5433.443678,202.3098699,5965.604173,3275.376113,7684.26859,3013.845129
OSGIN1,143.5432138,98.54989683,5.269211181,106.160515,57.06978875,141.1314273,60.02158995
MS4A14,915.4109829,619.9052414,2.549234868,682.107597,364.2604676,886.3200815,335.8315599
ZMYND15,74.00732262,52.19237562,6.368957992,57.42944815,34.20649437,71.16005583,29.58291433
SLC37A2,3044.663533,2118.852688,182.8046017,2318.632904,1324.660546,2948.205953,1216.408531
PDK4,862.6118181,592.025854,30.94474993,638.0523446,342.9209868,847.8289318,359.6675091
RRAS,184.1113011,136.6179562,36.17799019,149.7776789,99.87649708,176.0057406,82.92990755
MS4A4A,2306.73554,2162.979,1814.354666,2318.516456,2210.745982,2156.710946,1706.619959
RP1-228H13.2,268.5873898,181.6322341,0,199.8575241,106.2989348,260.1120575,98.23991501
CALML4,630.9549634,470.361265,131.3649971,513.2231717,343.8756423,605.3215557,292.976495
SYT17,67.51850749,56.07948294,32.24775072,58.31583869,45.94783824,66.57839981,45.51853941
NID1,226.7173405,153.3176114,0,168.7017636,89.72800922,219.5632265,82.92530887
MYOF,3451.134817,2801.60944,1388.987226,3082.727738,2438.101053,3230.583871,1810.491301
CXCR2P1,820.0192862,1281.930658,2160.885119,1407.908466,1988.223301,623.406942,1159.097745
LOXL3,1062.231288,722.276779,12.43746776,792.8577713,426.8357494,1029.824918,397.9566479
CDK2AP1,2277.457338,1592.673614,162.213279,1736.412178,999.7047722,2210.4831,935.4095189
C10orf105,193.7459758,137.342516,19.09727002,150.2784732,90.00838597,187.040104,80.42058088
TPPP3,1972.232275,1370.666438,109.8085764,1507.918319,864.8457766,1901.487288,765.3876379
CTC-205M6.1,124.8545647,92.70454774,24.56116522,102.0066811,68.37400313,118.9404753,55.36091483
CDH23,1079.316738,1423.473083,2063.157832,1556.758666,2003.878465,890.0693341,1231.831671
C1QC,44.06277346,29.79745247,0,32.78737998,17.43874084,42.67236326,16.11662827
CD300E,7693.859825,5210.74799,25.05549291,5728.495371,3055.805165,7454.762725,2836.230103
CSF1R,30374.26895,21872.1643,3972.283598,24019.01252,15007.71125,29149.87305,12791.80088
C12orf74,0,0,0,0,0,0,0
CTD-2509G16.3,0,0,0,0,0,0,0
RP11-731F5.2,10.22696034,6.915982373,0,7.609943911,4.047528035,9.904246425,3.740665989
KLK1,17.16914553,18.76101019,21.23175984,20.64352214,23.18513187,14.92071693,14.65933423
PLEKHG7,15.12995957,14.50017641,12.67466832,15.95514899,15.77234073,13.63371454,10.53627595
NTNG1,3.046456839,2.611622602,1.758789561,2.558923901,2.037271901,3.160076625,2.559905014
PRAMENP,0.215827266,1.021672385,2.6002916,1.124188746,2.092741985,0,1.105189383
COL4A3,27.62759074,21.20097536,7.498127161,23.27145004,16.62738469,26.21652056,13.20024117
ZNF860,1.563665994,1.235040085,0.632860545,1.085360389,0.650036335,1.768677346,1.474944438
FCRL2,117.0342414,117.7081741,122.2656994,109.396338,107.0655964,125.9615216,139.1051102
CD24,70.17352987,56.38413259,28.20089287,57.66577136,42.2275939,70.57408352,47.24489339
DNAJC5B,24.01517351,22.09819865,17.78543692,23.30043363,21.53725545,22.96018557,18.22689101
RP11-444D3.1,10.69167329,50.6117117,128.8135127,55.6901777,103.6704677,0,54.7489853
TBC1D27,55.16770333,56.50083746,59.52403856,55.60263461,56.80557781,55.9687593,59.35086265
PAX5,13.88344307,12.6451228,10.13723326,12.70047321,11.29174404,13.98421019,11.97612731
CTD-2509G16.5,124.5066668,110.0828499,78.3429865,117.2858096,103.3299162,118.5674973,85.63466461
TNFRSF13B,42.08088121,40.28092005,36.04594333,41.89087572,40.41526027,40.56849598,35.4240677
COL4A4,20.89771591,18.99139674,14.47818685,20.76909522,19.23344444,19.21721221,13.66314669
RP11-588H23.3,45.18979239,42.96132785,40.25612502,38.37110011,34.08193995,50.45759999,53.66806457
EBF1,11.419172,8.875051241,4.027651194,8.197491324,5.007323706,12.48439491,9.510189746
OSBPL10,100.6601749,105.0357131,112.4116576,108.6936347,115.1125383,96.12471886,97.6129419
WNT16,0,0,0,0,0,0,0
COCH,5.875434425,24.08341672,61.29548678,22.39634862,42.78339931,5.340835216,36.13783942
CTD-2363C16.2,0,0,0,0,0,0,0
SSPN,35.82528897,31.19653296,24.33982995,24.87275725,17.16450934,43.28493892,45.28164896
ZNF587P1,0,0,0,0,0,0,0
RP11-498M5.2,46.47886371,34.95885592,10.47434701,38.46668751,26.48074617,44.17026369,21.134221
MTND5P5,142.4289575,121.6432859,75.20013113,133.849182,114.4207388,131.8898401,81.77450558
RP11-785D18.3,0,0,0,0,0,0,0
DOK7,16.03672907,10.84483873,0,11.93302846,6.346862444,15.53068667,5.865677095
TAS1R3,6.838235416,6.761870277,7.616356347,4.147574901,3.081660264,9.683545433,13.36874045
POU2AF1,57.68849165,54.81544241,49.79588217,52.87116048,48.8275382,60.17027899,58.52727909
CPNE5,91.15079825,71.50509172,30.63569714,75.19049002,53.89121962,89.70475448,53.76204804
CD19,85.94643197,68.00750654,31.87216655,68.30299474,47.7060643,87.95536334,59.60205624
BLK,42.99018131,107.3798286,233.1694426,116.4718481,194.1992448,24.76808303,111.7658055
SYBU,2.753972837,2.577173931,2.546963863,1.734638516,1.215440275,3.690721624,4.641494253
AL928768.3,32.05167465,39.2457677,57.15599622,30.25898115,35.2022221,40.86433032,65.13917986
MS4A1,124.7412837,102.1356354,55.98481237,104.1034348,78.74502039,125.5424562,87.4916483
EBI3,100.8336716,68.18877477,0,75.03095344,39.90698106,97.65184357,36.88144604
AC008697.1,9.282200995,12.04855239,17.88055275,11.32961043,14.25400452,9.702728979,15.05490455
FCRLA,410.1768874,1793.760875,4504.091272,1969.922092,3632.920478,39.45571592,1936.78019
LCN10,0,0,0,0,0,0,0
LINC01781,0,0,0,0,0,0,0
ZBTB32,35.96652149,27.07603937,9.55102804,26.2275215,15.6476173,38.04125007,25.4371976
BANK1,2322.728009,1938.86291,1124.325565,2052.310664,1651.633776,2249.5314,1486.9374
RP11-148O21.4,16.77417328,79.40474786,202.095605,87.37235651,162.6486651,0,85.89571913
FCRL5,107.9316252,214.5524619,427.3992721,217.7903253,342.0769695,90.57497073,251.8272332
AIM2,431.535688,327.5362965,124.0814485,313.5902043,188.3246243,460.1657963,318.575571
TNFRSF13C,84.83340646,109.2792255,156.2320761,114.8159502,145.1052718,75.65408043,105.6494191
RP11-148O21.2,7.871954397,36.27491716,92.32447085,38.82662235,72.56737751,1.416255517,41.91470255
CECR7,253.4265213,256.3897413,265.976404,246.9566775,246.8491829,263.2725855,281.6111281
SEMA4B,762.8466867,589.1676611,230.6371335,614.5431527,423.550797,757.8777295,450.6088296
TLR10,2334.545709,2131.723822,1643.407869,2341.963843,2186.471578,2132.861965,1511.233393
RALGPS2,299.3527869,457.1395244,801.4390199,385.9003561,541.3944388,356.1278928,705.3954755
LINC01857,0,0,0,0,0,0,0
RP11-404F10.6,42.68437971,28.86531363,0,31.76170873,16.89321341,41.33746501,15.61245983
CD79A,211.8951091,421.0443719,826.8260618,457.8551484,713.0499556,144.8126371,416.8064491
CNR1,0,0,0,0,0,0,0
CD40,1587.826218,1295.564134,673.8185809,1386.048307,1082.523018,1527.640429,941.0480183
SOX5,32.11568862,54.02014593,99.03723282,51.34092412,75.62385573,32.17715681,70.17169746
SYNPO,15.64033728,13.69551413,10.12104059,12.83758177,10.27174102,16.82336711,15.04447569
HRK,10.57127789,9.202494652,6.357556874,9.452597054,7.966109082,10.47776319,7.983220711
PNOC,128.7032026,574.5375059,1447.549932,632.1875852,1168.389143,8.284902887,618.3742252
IGLVI-70,0,0,0,0,0,0,0
RP11-428G5.5,10.1677752,12.68289358,20.69118723,5.010058684,5.043644191,18.16292995,33.24265696
DNAH8,0.302289049,0.715480439,1.820992522,0,0.209364843,1.024625887,2.708886806
RP11-511B23.1,0.207829914,0.983814919,2.50393933,1.082532596,2.015196666,0,1.064237243
LINC00494,16.97236878,80.34295587,204.4834687,88.40470592,164.5704429,0,86.91062131
EHD3,106.7424725,79.7309341,24.16024352,83.18463437,53.29610455,106.5041919,59.43313552
COBLL1,440.9191011,1533.0875,3685.651345,1638.18113,2938.20992,185.1168755,1732.240672
ANGPTL1,19.30795206,28.65739516,48.11628526,26.88005903,37.00766874,20.02155637,37.16089982
RP11-380I10.4,0,0,0,0,0,0,0
CDK14,550.3181123,474.7690823,340.4242741,429.7428023,325.6941372,608.9626056,556.8824021
AK8,0.092984359,0.440164738,1.120277583,0.484331623,0.901611163,0,0.476146172
PLPP3,14.84112286,15.6618135,17.62782213,14.83677178,15.47554869,15.62937219,18.10736031
ILDR1,19.44748232,17.260734,13.19162357,16.42575914,13.5892431,20.63702759,18.44815523
CYB5R2,37.57666275,28.25800833,9.325498153,28.83029008,18.28752223,38.16602975,22.82808689
AC007386.2,16.91895885,20.36475748,28.31576859,17.68818711,20.66472154,19.37444974,28.63278481
Mar-02,7.476097971,17.69499052,45.03609559,0,5.177931807,25.34065837,66.99515985
CD207,1362.101434,921.5255627,1.200819587,1013.993019,540.0063955,1319.023509,498.6831992
RP11-389C8.2,1287.087266,870.3928194,0,957.7295285,509.3910233,1246.472953,470.7717055
CD1E,9203.832087,6224.091849,0,6848.627905,3642.604173,8913.403205,3366.441301
CD1B,1193.738295,807.265574,0,888.2679869,472.4462652,1156.069629,436.6279025
ENHO,1492.027461,1009.840841,3.054383782,1109.849497,590.6507852,1446.173804,550.089902
ZNF366,2628.018643,1798.278429,63.12957704,1977.335103,1086.509241,2541.562267,989.4611467
MRC1,1679.122831,1146.516058,32.98093495,1260.804146,688.7445276,1624.32926,628.9844251
RP11-863P13.3,1751.729628,1215.33163,98.35793389,1318.791833,738.3061866,1709.171987,723.6814801
EHF,442.0096273,298.9090297,0,328.9020746,174.9343205,428.0619193,161.6717309
CLEC10A,39130.6557,26513.49315,152.5801378,29173.90254,15604.54062,37883.61482,14372.84956
LRP1B,268.2393828,189.1818778,23.11611731,208.1647121,124.0059471,257.9169108,107.235777
KCNK13,246.6146303,166.7731545,0,183.507459,97.60276729,238.8326531,90.20304467
FZD2,281.1871456,198.4212061,24.55149614,218.3311304,130.2383448,270.3407255,112.5381134
HTR7,759.8148554,513.824829,0,565.382894,300.7122182,735.8387357,277.9138174
CYP2S1,7962.064069,5411.646699,84.65700033,5945.340488,3200.921528,7714.411704,2967.909114
CACNA2D3,7227.543269,5009.766848,362.674081,5512.45545,3140.417865,6970.324112,2786.718878
IDO1,6399.113739,4376.996818,176.7193003,4739.790817,2541.287398,6268.213647,2592.728496
FPR3,2068.982116,1405.103105,20.68045999,1538.307599,821.7913231,2010.718321,783.5126959
RP6-91H8.3,2779.468117,1932.000356,170.0139262,2088.335228,1168.547814,2719.957154,1173.324233
SDS,1245.51399,871.0109459,89.00909238,948.8264726,545.6297952,1209.747444,513.5746984
MPP3,895.2189791,609.4961159,12.77417939,669.1303826,361.6154435,867.6430286,336.1191515
CLIC2,7135.788917,4939.260685,338.5096344,5432.415656,3081.339857,6886.150552,2749.492182
DCANP1,164.711074,115.7222031,12.8759633,127.3339675,75.12750794,158.4785845,65.32728354
VSIG4,4665.068757,3160.630272,20.94199147,3468.719448,1847.327958,4526.27832,1736.201218
RAB7B,548.1279457,384.0065855,39.59601283,422.5384652,247.4993897,527.6488426,216.1133259
CDS1,160.0654804,108.2442881,0,119.1057057,63.34917686,155.01458,58.54637926
RTN1,5543.130883,3748.5425,0,4124.677687,2193.807046,5368.216207,2027.484266
CLEC9A,1074.086899,726.3513121,0,799.2346491,425.091786,1040.193858,392.863588
IDO2,544.7776946,380.0565938,38.40044495,408.3196294,228.7476385,535.5137789,237.9869226
PTGFRN,364.8399451,246.7230287,0,271.4796408,144.3928457,353.3273429,133.4457482
NDRG2,37690.36424,25816.75555,991.0477805,28367.83768,15615.89338,36465.3446,14271.06136
LGALS2,12321.5555,8340.412944,23.63729639,9177.304291,4894.753841,11930.84617,4516.124807
PID1,7497.85013,5074.003906,11.20928671,5581.654662,2973.600341,7262.007784,2750.418335
GRIP1,5291.092793,3694.821218,361.8950967,4025.832614,2307.00847,5139.366272,2172.989634
EPHB3,198.8626239,137.6409755,9.622999953,150.8305974,85.0936015,192.5072868,78.01876814
CES1,11603.46926,7907.683609,181.3049206,8699.441405,4729.406815,11224.65633,4319.789182
DTNA,2132.745927,1510.57516,217.2458022,1624.73202,949.2368908,2089.724768,955.157515
MSLN,450.8241694,304.8698641,0,335.4610295,178.4228553,436.5983167,164.8957835
CD1C,68845.62707,46557.91622,3.14132617,51229.61743,27249.48534,66672.93613,25182.57296
RP11-426C22.4,1483.959278,1007.428873,13.90122425,1102.506074,587.9921057,1442.719671,562.6158752
LEKR1,4651.585115,3189.724953,132.3507553,3506.071693,1936.918034,4498.309858,1762.493661
LAYN,760.4513645,515.361501,3.592368234,566.2758266,302.4034733,737.0565389,281.4695005
FLT3,10506.91792,8676.273221,4689.097957,9483.611511,7672.392829,9869.014054,5844.713645
TACSTD2,568.7876,384.6426392,0,423.2383416,225.1092877,550.839386,208.0426989
KCNK6,4322.622527,3256.630941,1080.605978,3348.743524,2152.687871,4361.141126,2567.808666
KCTD12,4014.034878,2885.544912,508.1771636,3174.400834,1979.78474,3847.286545,1670.389071
PKIB,3232.555484,2225.431975,124.345835,2429.78262,1343.657962,3141.699573,1276.682188
SEZ6L,1765.486344,1193.910217,0,1313.709217,698.7272108,1709.776046,645.7534305
CTTNBP2NL,1788.833002,1411.213898,601.8993299,1543.647599,1157.281524,1694.233694,913.7356059
SLAMF8,3800.650054,2570.431298,0.860630411,2827.980708,1504.227144,3681.065628,1391.373459
UPK3A,1731.186549,1253.885568,246.9601985,1379.702598,875.7960324,1656.707419,730.6746104
HBEGF,3633.390236,2460.34341,10.37978465,2705.427133,1443.006609,3519.901851,1337.341096
FAM20C,390.050721,272.9477188,27.24619999,300.3357612,175.4035305,375.5524818,153.4201273
FAM109A,2263.75295,1569.242445,124.7474075,1698.722594,945.4545269,2213.506047,944.0393999
MTMR11,13733.50755,9309.588249,69.81006056,10234.42942,5473.662177,13304.9058,5072.991893
KLF4,10832.66569,7438.569483,335.7700532,8184.191204,4545.150681,10464.71563,4096.584375
VEGFA,170.41844,118.3953943,11.22373789,125.4230125,67.99961141,169.5517856,78.34794872
RP11-426C22.5,3511.089381,2445.211931,230.9629055,2637.071889,1478.454177,3441.409863,1503.112579
KCNMB1,1694.929284,1219.122334,219.6301987,1333.43964,826.9567052,1632.728439,725.7544617
CD1D,17803.27002,12041.66608,6.671694659,13249.61694,7050.604733,17241.31653,6515.238616
RP3-522P13.3,1196.929678,855.2295283,137.5871647,936.9589715,573.0914989,1152.658676,501.8510593
ID1,2500.428316,1728.59538,124.6737594,1868.873956,1030.388949,2448.510224,1042.972361
CTB-113D17.1,472.3993152,322.6944491,9.70171264,354.8205634,194.0270846,456.9957172,177.221637
CCSER1,2969.433594,2042.206905,103.6423207,2241.140127,1245.216635,2874.078492,1141.30966
ACPP,5061.896286,3465.285609,125.7909924,3811.569329,2098.065701,4893.64985,1904.522603
DFNA5,1394.406356,949.9464917,21.09965863,1044.289452,566.5208687,1349.798655,520.6835602
SDSL,1253.793303,968.9501101,360.6829754,1063.11449,769.5294757,1188.652701,608.2533032
SHTN1,6739.454471,5391.189995,2475.628309,5931.367109,4577.054457,6328.668206,3443.976827
C1orf127,248.3588634,186.2983102,56.79615784,198.9682336,132.0684937,242.6761108,127.6379849
MAP3K20,4711.311793,3231.244111,140.1949972,3540.104977,1947.134059,4568.519798,1815.25487
MARVELD1,1221.488964,839.3866633,39.65438914,923.6121614,514.0408037,1179.757118,462.4283792
DSE,2702.791517,2016.53576,574.1302809,2183.592475,1453.907001,2610.718193,1299.423016
NUDT16P1,2645.341945,1802.504604,44.89475572,1971.605327,1061.937461,2571.384215,1013.383303
CD33,32727.3749,22448.43186,1090.312919,24310.82383,13142.07563,32042.219,13332.27128
SNX30,2401.130112,1712.804091,273.9144815,1859.957197,1120.437871,2330.91253,1045.356582
FAM129B,729.2849127,499.3563276,21.34401117,541.6769837,292.091663,713.2418218,293.7591557
SNAI1,1185.032573,875.4140085,226.6905625,945.4731479,614.2736498,1149.252999,565.364351
APBA1,275.3766287,197.7877084,34.95541194,216.0324468,133.2928607,265.6639765,118.3428137
PPFIA4,1694.41476,1199.956048,161.6289037,1317.858779,791.186523,1630.747235,689.523176
SCT,170.013509,804.8015002,2048.32646,885.5566637,1648.514644,0,870.5903045
LINC01478,136.4876037,646.0982354,1644.405622,710.928841,1323.434912,0,698.9137811
RP11-73G16.2,618.2602221,2926.689514,7448.812621,3220.358562,5994.882616,0,3165.93286
RP11-71G12.1,922.6366614,4339.67919,11033.76904,4773.767856,8880.51563,8.125206882,4695.376667
KCNK10,101.7850665,412.7478391,1021.411036,453.6062539,827.8413235,17.09192228,441.6767119
EPHA2,173.9444995,759.7752863,1906.735723,836.0124423,1540.767874,15.18830212,816.1470414
KRT8P5,44.56552985,210.9620905,536.9264743,232.1303886,432.1240647,0,228.2072667
CUX2,98.06375189,452.4966736,1146.695622,497.9009662,924.0151344,2.795575147,488.4303447
LINC01724,149.1628484,706.0996789,1797.117246,776.9509323,1446.338831,0,763.8200654
AC011893.3,256.7902288,1215.580823,3093.814269,1337.554289,2489.934211,0,1314.94894
SCARA5,402.1006747,1570.272329,3855.27968,1727.690144,3135.021391,79.67986461,1668.971716
KCNA5,177.9430072,842.3377646,2143.861227,926.8593813,1725.402028,0,911.1949851
LINC00475,144.8031999,685.4621917,1744.592107,754.2426442,1404.066047,0,741.4955589
KRT5,387.8538764,1836.003405,4672.87195,2020.231138,3760.776415,0,1986.088201
SLC35F3,74.20866771,301.8741527,747.350065,332.1647232,606.2947658,11.79346103,322.0967797
EWSAT1,17.82701233,84.38862503,214.7802328,92.85632448,172.8573867,0,91.28700524
RP11-203M5.6,4744.738975,21776.68319,55134.51524,23961.79295,44439.5278,163.1919172,23495.19161
PTPRS,382.5557821,1619.553823,4043.120302,1776.049485,3262.484222,52.19785283,1749.965188
SLC12A3,311.8176362,1351.511859,3387.452255,1485.80115,2736.176783,31.16447892,1454.125482
LINC01225,313.6042261,1484.524101,3778.310547,1633.483797,3040.824004,0,1605.877087
BEND3P2,9.9225173,46.97071929,119.5467045,51.68384186,96.21244315,0,50.81035858
SRPX,62.63848955,296.514969,754.6698864,326.2677898,607.3662492,0,320.7536977
TTC39A,331.050819,1467.232343,3695.225741,1605.915464,2969.312633,33.10314021,1599.860718
PTCRA,293.8276746,1362.39199,3455.66111,1498.347987,2782.672601,7.618006846,1473.092344
SLC9C2,51.28567494,159.426494,370.4066564,175.423622,306.2368786,19.89329516,164.945513
RP4-647C14.2,215.473369,749.5878348,1793.643685,823.3815181,1467.525358,66.08277647,790.0965122
ZFAT,2678.941119,10389.96237,25496.26701,11369.0746,20636.33456,615.7290816,11193.83037
NRP1,1414.466242,5324.310915,12971.12475,5853.922021,10565.25227,332.3622724,5647.704073
NAT8L,21.9365356,103.8420821,264.2918587,114.2617748,212.7048631,0,112.3306925
KLHL33,160.5828491,480.4849194,1107.403988,520.5502737,904.8076353,75.5890489,515.2425382
CLEC4C,1357.265336,5730.168217,14306.41305,6260.79504,11507.02729,213.9305967,6248.580785
PHEX,126.9923133,588.399688,1492.217972,647.2557817,1201.884865,3.243804533,635.818959
SHD,307.8951421,1457.498723,3709.527378,1603.746645,2985.466587,0,1576.642509
CYP46A1,166.9715183,555.3169554,1319.092354,596.8821514,1060.706716,71.46350502,615.4720326
PROC,178.489987,818.9033007,2073.178438,901.0734631,1671.054143,6.211347804,883.4989413
CTD-2547E10.6,182.4611537,529.7965147,1206.753395,582.9572061,1003.77939,79.70223161,543.0027502
P3H2,1283.641933,2834.558726,5843.210368,3108.470949,5001.186195,785.1741306,2800.72765
C5orf64,167.6264067,589.6102723,1417.119284,641.0649902,1147.418159,57.02446083,639.0035848
DNASE1L3,3417.005997,6124.771911,11325.84977,6737.280388,10092.01889,2401.086421,5724.674485
SMPD3,1588.596288,5492.688717,13139.12374,5993.320514,10687.17232,538.6694335,5887.225234
CTSV,328.1749185,514.7933307,870.6898207,563.6484476,797.3398758,250.9551633,470.3522128
RP4-799P18.4,106.4726091,504.0147455,1282.784313,554.58845,1032.398285,0,545.2156224
PLVAP,342.8973196,1261.267646,3057.420018,1385.619869,2492.231123,88.77581717,1337.346111
SERPINF1,10660.79628,31683.13768,72681.10063,34834.77133,60280.22896,4512.821573,32649.7972
AC023590.1,1009.93239,3749.019329,9110.676867,4108.128762,7404.249127,264.7754366,4005.838283
SCAMP5,910.2469392,4261.522129,10827.84703,4684.466749,8711.129344,16.3620513,4617.457209
TPM2,988.2107001,4241.378353,10611.42173,4662.458478,8575.175238,109.0874772,4560.183601
GPR39,61.97430669,85.57420423,129.652671,94.16086672,124.6144128,49.5969457,73.83757438
CRYM-AS1,220.9474594,614.3067683,1383.500071,667.9339427,1142.057432,111.7062892,645.9679062
COBL,23.00702015,108.9094886,277.1890799,119.8376536,223.0846822,0,117.8123362
LAMP5,1374.791167,4656.818074,11067.00325,5124.09119,9087.39755,441.8208409,4870.623194
TNFRSF21,1722.120248,5873.981447,13985.27921,6459.327381,11470.86984,548.1414058,6159.101085
LRRC36,323.9598232,873.9472175,1949.705113,948.1840916,1610.81629,172.0274224,920.1037267
RP11-426L16.10,142.1012828,530.175126,1288.92038,583.3738079,1051.235865,34.01117365,560.6690493
RASD1,256.5738302,893.2518958,2138.564634,979.2144912,1746.301856,80.66705132,946.6220662
SMIM5,231.6947624,830.8960909,2003.722587,909.6806403,1630.822835,68.4395362,886.5038564
KIRREL3,687.1850687,1697.603122,3678.44662,1822.321213,3035.322782,420.714152,1812.031566
CRYM,304.6191603,1421.111504,3608.06022,1563.708271,2905.841352,4.983531548,1535.398608
PDZRN3,33.66012327,159.3386187,405.5378982,175.3269292,326.381159,0,172.3638147
SLC7A11,44.01990588,148.7212066,354.7992829,159.5187336,284.4169642,18.71350136,165.977783
MAP1A,226.2477326,1035.115442,2619.605005,1138.148067,2110.38346,9.468049882,1118.611114
RP3-416J7.4,32.81828404,155.353562,395.3954009,170.942005,318.2183706,0,168.052998
COL26A1,51.99348393,246.1241704,626.4186268,270.820692,504.1482888,0,266.2436842
RP11-610P16.1,705.5727819,1922.360787,4296.375621,2102.124084,3573.932018,352.6037254,1985.055804
RP5-906A24.1,41.15605836,194.8225038,495.8490875,214.3713281,399.0645525,0,210.7483434
CYYR1,300.4956913,1229.997625,3051.120319,1347.558752,2464.479642,52.29416396,1328.073408
ZNF556,150.1557667,356.4426979,761.7588411,379.5519482,626.3182164,98.3052784,385.780749
LINC01375,51.78171217,185.7284832,447.5096675,204.3647979,365.9537201,14.1759811,195.5569009
PLXNA4,179.4016878,808.5883726,2041.76959,886.9993428,1642.614822,12.65796945,877.9404398
LINC00996,860.7070547,3877.500773,9788.645408,4257.748957,7882.340704,56.56273422,4199.138911
RP11-71L14.3,50.65317172,205.8793872,510.1508778,225.1353942,411.5195927,9.612155423,223.2144817
PPM1J,1609.165009,4472.369739,10048.69336,4921.134993,8394.060163,750.6528107,4554.45646
MROH9,11.6518857,55.15711749,140.3821727,60.6916773,112.9810467,0,59.66595701
PALD1,370.5730018,680.0927822,1275.691696,747.3236524,1129.756508,257.4643839,641.428462
FAM221B,394.8033582,773.5789668,1511.334761,832.7920029,1292.170235,281.3976403,784.8305941
GUCY2D,197.2190748,296.8070955,485.4428407,326.2161082,452.1727456,152.3911288,264.614602
KCNK1,19.89243462,94.16581843,239.6644855,103.6145782,192.8844946,0,101.863439
BEND6,381.9264348,556.1295256,891.3259386,594.0122341,809.2685263,318.2192134,534.2568035
LILRA4,12929.53499,57290.72082,144152.2201,63038.80444,116396.0869,934.919602,61622.53745
IGHV3OR16-12,0,0,0,0,0,0,0
SDC1,0,0,0,0,0,0,0
IGHV3OR16-7,0,0,0,0,0,0,0
DPEP1,0,0,0,0,0,0,0
IGHV3-75,0,0,0,0,0,0,0
IGKV2OR22-4,0,0,0,0,0,0,0
IGHV3-54,0,0,0,0,0,0,0
IGHV3-79,0,0,0,0,0,0,0
IGHV1OR15-2,0,0,0,0,0,0,0
IGKV1OR10-1,0,0,0,0,0,0,0
IGHV3OR16-15,0,0,0,0,0,0,0
BHLHA15,2.910623704,13.77816584,35.06725778,15.16069065,28.2224973,0,14.90446725
RP11-295P22.2,0,0,0,0,0,0,0
IGHV3OR15-7,0,0,0,0,0,0,0
IGHV3-60,0,0,0,0,0,0,0
IGHV7-34-1,0,0,0,0,0,0,0
IGHV3-6,0,0,0,0,0,0,0
IGHV3-25,0,0,0,0,0,0,0
IGHV3-42,0,0,0,0,0,0,0
RP11-812E19.9,0,0,0,0,0,0,0
IGHV1OR16-4,0,0,0,0,0,0,0
GLDC,53.26470469,53.29489727,54.57459624,50.13263528,48.98478024,56.69048767,61.33889478
IGHV3-62,0,0,0,0,0,0,0
HRASLS2,3.974545967,18.81450818,47.88541638,20.70238822,38.53868594,0,20.3525073
OXCT2,52.19518938,35.29699909,0,38.83876054,20.65731022,50.54815906,19.09118284
RP11-1166P10.8,0,0,0,0,0,0,0
IGHV3-47,0,0,0,0,0,0,0
GPRC5D,0.769933545,1.822336577,4.638088062,0,0.533254568,2.609733449,6.899564606
IGF1,0,0,0,0,0,0,0
IGLV2-33,0,0,0,0,0,0,0
UNC13C,16.32733212,15.28125993,13.55865452,14.30096142,12.72681037,17.52637212,17.32451203
IGHV3-63,1.001090093,2.369455265,6.03057762,0,0.693353171,3.393251685,8.9710155
IGHV4-80,0,0,0,0,0,0,0
IGHV3OR16-8,0,0,0,0,0,0,0
CAV1,1.338626953,3.168362873,8.063903342,0,0.927130584,4.53735203,11.99576665
IGHV3-52,0,0,0,0,0,0,0
IGHV3-71,0,0,0,0,0,0,0
IGHV3-19,0,0,0,0,0,0,0
IGLV10-54,0,0,0,0,0,0,0
IGHV3-38,0,0,0,0,0,0,0
IGHV1OR15-9,0,0,0,0,0,0,0
IGKV3D-11,0,0,0,0,0,0,0
IGHV3-41,0,0,0,0,0,0,0
IGKV2-40,0,0,0,0,0,0,0
IGKV1D-17,0,0,0,0,0,0,0
MIXL1,29.688447,28.29861907,26.22367211,26.44175592,24.14295613,31.88282268,32.42136976
IGHV3OR16-9,0,0,0,0,0,0,0
IGHG4,17.29828104,16.72957481,15.65782402,16.54744198,15.82284825,17.56966515,16.94945102
IGKV1-6,0,0,0,0,0,0,0
IGHV7-81,0,0,0,0,0,0,0
TXNDC5,630.0500205,1390.321513,2870.81344,1509.99785,2432.362018,401.5293481,1410.810317
IGKV2D-30,0,0,0,0,0,0,0
IGHV4-55,1.233712596,5.840087377,14.86379623,6.426091765,11.96253929,0,6.317487538
IGLV1-50,0,0,0,0,0,0,0
TNFRSF17,83.11902639,263.5569863,618.4481197,282.8276013,498.3199436,38.78836488,291.6134892
IGKV1D-13,0,0,0,0,0,0,0
IGHV4-28,0,0,0,0,0,0,0
IGHV3-72,2.514083392,7.865902418,20.01976394,4.21514703,9.027506788,5.77864788,19.42139036
IGKV3D-20,0,0,0,0,0,0,0
IGKV3-7,0,0,0,0,0,0,0
RP11-361C13.1,0,0,0,0,0,0,0
IGHV1OR15-4,0,0,0,0,0,0,0
IGKV1-17,0,0,0,0,0,0,0
IGHV1-12,0,0,0,0,0,0,0
IGHV2-70D,0,0,0,0,0,0,0
IGHGP,0.975017034,4.188638891,10.660641,4.139255127,7.83036632,0.611281291,5.685393679
MIR650,0,0,0,0,0,0,0
IGKV3OR2-268,0,0,0,0,0,0,0
IGKV6-21,0,0,0,0,0,0,0
IGHV3-64,0,0,0,0,0,0,0
IGKV1D-16,0,0,0,0,0,0,0
IGHA2,43.90151779,69.39281638,127.167179,52.30427307,75.33842112,59.1251857,123.6699411
IGLV3-27,0,0,0,0,0,0,0
IGLV2-8,18.10845698,19.4404106,24.48616176,13.28958253,12.5266459,24.60652103,35.62988606
IGKV2-24,0,0,0,0,0,0,0
IGHV3-22,0,0,0,0,0,0,0
IGLV8-61,0.721849641,3.417055958,8.696860198,3.759929217,6.999324412,0,3.696384496
RP11-290F5.1,128.3442606,140.7556434,178.4263184,107.6859613,109.644513,162.5990945,230.0381049
IGLV1-36,0,0,0,0,0,0,0
AP001171.1,0,0,0,0,0,0,0
AC010745.4,0,0,0,0,0,0,0
CD34,26.45972301,22.37418733,14.14168889,22.44870739,17.76052081,26.90941657,20.4415262
HTR1F,0.253211915,0.59932099,1.525351334,0,0.17537411,0.858276157,2.269094492
MMP2,0,0,0,0,0,0,0
PROM1,0.162908326,0.385583668,0.981361527,0,0.112830009,0.552187015,1.459861729
EGFEM1P,15.64997358,13.88978447,10.69310655,13.01356496,10.65401337,16.828862,15.36397755
REN,0,0,0,0,0,0,0
AC092646.2,0,0,0,0,0,0,0
DYTN,0,0,0,0,0,0,0
TM4SF1,0,0,0,0,0,0,0
DPYSL3,0,0,0,0,0,0,0
DNTT,0,0,0,0,0,0,0
NPTX2,1.308619915,6.194679919,15.76628123,6.816264731,12.6888687,0,6.701066382
SLC8A3,0.141293821,0.334424833,0.851155514,0,0.097859842,0.478923424,1.266168813
C3orf80,0,0,0,0,0,0,0
NKAIN2,4.824999072,3.339848016,0.274159273,3.556446325,1.923100697,4.782932632,2.156006357
FREM1,0,0,0,0,0,0,0
ZNF385D,23.88764231,17.49831498,4.161101808,18.81455964,11.93144992,23.2897476,11.42899069
MPL,0,0,0,0,0,0,0
CYTL1,1.148635362,2.718676498,6.919391931,0,0.795542755,3.89336475,10.29320509
TMEM246,0.031307321,0.074100521,0.188595645,0,0.021683394,0.106117943,0.280552638
MPDZ,0,0,0,0,0,0,0
EMID1,0.3640428,0.861643857,2.192997789,0,0.252135378,1.23394373,3.262277413
MDGA2,3.435488922,3.102554163,2.361449928,3.29080016,2.976888752,3.274554749,2.482398828
KIAA0087,13.87523408,12.13750491,8.90252101,11.47763888,9.224931135,14.81655492,13.07181503
CALN1,8.009109355,7.635238295,6.83351042,7.767514781,7.385416386,7.914193867,7.139758668
PLOD2,54.78894176,49.87074418,40.25553832,49.1948728,43.26486792,56.16061255,49.48851394
IGLL1,9.675811689,11.18503828,13.78290694,12.30736421,14.46926762,8.262590962,8.978722933
AJ006998.2,110.1608069,100.46092,81.89892216,98.08635467,86.00137806,113.9957482,102.3523469
SULT1C4,46.25155208,52.7295521,66.11290021,51.75550709,58.86895935,46.46679198,57.96763988
SMIM24,0.666379485,1.577237046,4.014277277,0,0.461533215,2.258731085,5.971591105
RNU6ATAC6P,16.30503144,38.59197376,98.22168694,0,11.29283501,55.26682944,146.1134126
PTRF,21.18127607,19.58806489,17.33850143,17.1247843,14.36440887,24.05976542,25.16412906
RP11-354E11.2,151.3482204,150.3337982,150.4629616,144.7148848,141.4423952,157.5740663,164.1711241
HOXA3,0.653230061,1.698954267,4.324063733,0.336353043,1.033842152,1.995280735,5.605754488
HOXA7,22.77578523,18.88279657,10.33522984,20.77752878,16.99237662,21.22632343,12.40955539
TIMP3,0,0,0,0,0,0,0
RP11-477J21.6,0.606762152,1.43613026,3.65514181,0,0.420242359,2.05665475,5.437345459
CRISPLD1,9.797158807,43.63551138,111.0581585,44.99706525,84.56693092,3.92646816,54.61731517
AC007319.1,2.131640544,10.09065407,25.6820517,11.10316762,20.66918489,0,10.91551842
NYNRIN,28.02610514,29.07998285,31.70433508,27.76181536,28.48533482,29.31890544,32.87741519
PCYT1B,21.85292735,23.20516113,28.86384168,15.57003403,14.27536959,29.95818844,43.17292586
EPX,21.06078353,16.43930159,7.059546688,16.69818813,11.46029685,21.38011205,13.80970758
TCTEX1D1,14.70428173,9.943771161,0,10.94154622,5.819519249,14.24028499,5.378314256
LRP4,0.021893865,0.051820045,0.131888882,0,0.015163651,0.074210498,0.196196331
AADAT,12.14485461,8.607359236,1.171102608,9.471036432,5.71061944,11.6674855,4.904359587
CCDC175,5.09322342,3.444292559,0,3.789898785,2.015746996,4.93250567,1.862923781
KCNIP3,3.91200778,6.098101645,12.30227643,1.391330324,2.154440577,8.732975037,18.98462809
RP11-328D5.4,3.15824284,2.447281938,1.055618623,2.354031191,1.49847108,3.351699944,2.380722873
MYCT1,9.488292256,10.04894563,12.94322711,5.461505415,4.392951109,14.39090334,21.93879221
MAMDC2,0.433181987,2.050575364,5.218986018,2.256333615,4.200294751,0,2.218200426
ERG,122.7236967,95.97008722,46.24367005,85.60728137,50.84902053,137.4369312,110.8717706
HOXA6,7.323206971,12.47118385,23.44186401,10.82782871,16.15566849,8.437068985,18.84154547
ST6GAL2,17.32355296,16.51612581,15.69396529,14.44312217,12.73576726,19.67672269,21.4363284
RP13-786C16.1,0.330146345,0.78141518,1.988805175,0,0.228658756,1.119049772,2.958522911
AC098617.1,12.41363524,11.16443037,8.6044335,11.29825166,9.906306709,12.43070836,10.2914997
CPXM1,48.29689781,42.57925849,29.69279183,46.224921,40.98837903,45.08535951,30.88059976
HMGA2,47.59130277,43.95625087,36.5247692,44.299395,40.2316827,47.69115762,41.53360541
CBX2,21.59658435,16.66534801,6.187688265,18.15875851,13.0250286,20.61720399,10.76828569
SRPX2,6.647876474,6.47384399,6.164796646,6.369019485,6.128923447,6.784164798,6.665799834
EGFL7,49.42309264,91.37240728,172.0722819,100.5408714,152.3933032,34.03201225,85.98836527
KIAA1211,0.327512232,0.775180564,1.972937253,0,0.226834374,1.110121298,2.934917978
MYOZ3,11.83601921,12.30351557,13.19871185,12.41645303,12.99833761,11.65282485,12.21618415
CRHBP,111.0945992,75.12772751,0,82.66617261,43.96795233,107.5889854,40.63453607
PDE3A,3.292853108,2.436373085,0.680788099,2.529160112,1.575202249,3.303434675,1.835241983
ROBO4,208.6530348,141.1016239,0,155.2600029,82.57869201,202.0689439,76.31801486
PRSS2,0,0,0,0,0,0,0
SERPINE1,44.9936425,36.3041651,18.35314131,37.60770152,28.06470593,44.70821047,29.28558163
CASC15,67.33206207,69.2022288,75.81227001,61.79706046,61.18626782,75.12066137,88.80698879
KLF1,0.111403579,0.263678363,0.671096373,0,0.077157915,0.377608754,0.998314979
LINC01122,73.38812807,232.0763351,542.6917814,252.9088037,443.8788912,30.18777694,246.8850537
BAALC,12.72193901,8.603211811,0,9.466472846,5.034966707,12.32049552,4.653242314
SYTL4,47.58059005,58.24232936,79.42396533,58.83161994,71.35918722,45.55701062,61.29536542
ZBTB8A,79.14985658,82.47751526,90.19115423,79.8013254,82.64162961,81.62027552,90.69416284
TFPI,331.9683257,552.2828531,990.267839,563.7155686,822.3072136,290.9603752,617.2614328
HOXA10-AS,35.47092672,36.82835763,41.60150415,31.51736816,31.09794601,41.05481634,50.89578894
SCHIP1,258.2586494,353.2733005,538.8548747,366.783298,481.5144178,231.2682063,359.5075416
RXFP1,0.864100169,2.045217219,5.205348829,0,0.5984742,2.928916565,7.743414973
