GeneSymbol,Basophils LD,myeloid.dendritic.cells,pDCs
S1PR3,2.478521386,6.97148217,1.042833898
RXFP2,1.899910524,3.73002987,0.087537319
ADAMTS5,0,0.488563102,0
CLEC6A,0,28.23854234,0
FXYD6,0.692015241,58.18136094,8.511323949
NRG1,9.498935965,75.1743796,1.060522551
PRLR,0.288593324,0.156504037,0.061057758
CLEC5A,0,18.43884317,0
VCAN-AS1,7.235141834,154.4332011,0
C9orf47,0,0.019711285,0
PLA2G7,5.960579309,128.7706717,2.955339634
CYP1B1,0,20.44578946,0
CYP27A1,0,14.71910652,0
IL31RA,0.754976553,0.620088344,0.097525302
ASGR2,1.866457488,442.0142629,0.642973054
HPSE,5.007345834,52.86413902,3.386741915
RP11-362F19.3,0,17.77009027,0
RPL7AP64,0,115.6414045,0
RP11-362F19.2,0.435098186,2.950375657,0.489236152
CDC42EP1,5.990738313,53.73296501,1.967611418
STAB1,7.67114083,191.5571111,0
TDRD6,0,3.13711902,0
TMEM150B,29.13334496,16.10163896,1.698300812
ASGR1,22.65136588,65.88510465,3.373938464
CLEC4D,33.05928412,17.95015352,0
CD163,106.5901972,1489.505194,116.0149964
RP11-1319K7.1,11.98568316,117.2156698,9.885305221
MCEMP1,14.34480853,69.77896915,0
RP11-597D13.9,0.78320105,96.2931868,2.75860496
LPAR1,0.597294912,28.14039658,3.402358366
LGALS12,35.7312609,42.16143034,0
FAM198B,0.110815022,157.8949568,8.406879173
AC011380.8,7.43644188,9.078650926,3.553834987
RP11-497H16.7,40.66426429,673.9618128,25.37252947
RP11-848G14.5,10.8971394,208.5734607,8.573621367
SLC46A2,0.437550128,250.90779,0.586476526
FOLR2,1.356635823,89.0059776,1.511320519
RP11-848G14.2,16.77688335,377.3978141,14.80251811
VCAN,63.62837338,3088.974718,0.520426742
RNASE4,4.888629389,149.3292514,38.01271807
LRP1,19.52993301,357.0384227,9.439060231
HOMER3,2.732237728,21.15565093,1.139631902
RPH3A,9.463778274,23.38245475,8.254696477
CCDC149,0.810964452,24.31276773,5.355438108
ARHGEF10L,0.470910205,291.9185453,0.073893222
RP11-356N1.2,3.518384589,66.80124684,0.965542146
TBC1D2,61.92195895,101.6057259,14.43488852
FBN2,0,14.56196455,0.778350467
CD93,1.355858736,415.1108261,16.57519007
MGST1,105.1997228,332.6171436,84.51402623
RP11-67L14.1,0,37.78126521,0.070176616
SLC2A9,47.25056792,509.5510208,228.5820232
SIGLEC15,10.6724704,18.17298022,5.791615314
MYO7A,2.0928715,2.644243026,0
CTD-3014M21.1,39.19335858,94.3368433,35.4359874
FCGR1CP,0,24.14843812,0
CPM,41.06462432,316.8332606,26.31057689
OSCAR,2.530069064,507.5890292,8.014471834
CH17-373J23.1,48.53984069,527.9367588,100.503918
NAIP,168.9272842,892.9790945,76.78027631
SGMS2,1.513861537,103.9157012,0.722074563
CD14,7.751305637,1485.067915,2.340540625
ANO5,0.873779231,13.14754355,0.083361793
F13A1,15.13245145,1446.77703,191.656827
TCN2,0,85.39268338,27.82477314
TMEM176A,6.543990563,12.98496355,2.301771759
RP11-903H12.5,0,88.97330852,15.65874131
EREG,85.42207835,1060.096546,4.125857684
LINC00968,0,20.52470559,0.786539933
RP11-162P23.2,2.463486058,243.0741481,108.2391642
RIN2,1.524721884,237.2768596,12.00738156
TMEM176B,4.421357406,65.23070335,0.310849258
CD36,4.813191516,2427.477994,2091.188412
SHROOM1,5.465125428,5.571844451,0.085470596
SMARCD3,23.92192729,95.60547898,24.40322021
ATP2B1-AS1,77.60619109,266.0281097,2.475938738
SIGLEC1,0,189.0244442,25.67628818
TMTC2,8.255072945,59.58298348,1.287112764
AP003774.6,20.32320859,93.40019306,8.749369467
ZMAT4,2.369797392,3.307133608,0.745064556
RNF165,3.652545242,1.844399362,9.476154743
COL13A1,0,0,0
LINGO2,0,0,0
LGALS9B,14.07906479,11.61197053,5.143459667
KIR2DP1,0,0,0
KIR2DL1,0,0,0
KIR2DL4,0,0,0
LDB2,0,0,0
SH2D1B,1.302970533,6.034157538,0
LGALS9C,25.211638,2.588134323,0.288689328
BNC2,2.847796755,1.095772268,1.01377874
ERBB2,16.40805502,15.87667017,12.8907145
FAT4,0,0,0
NCAM1,0.19847092,12.97466628,9.655130117
ADAMTS1,1.940033129,8.155547979,1.084800973
NCR1,1.947065854,0.311498215,0.294311393
SPTSSB,0,0,0
GNAL,7.115056829,10.50207866,3.698537687
KIR2DL3,0,0,0
KIR2DS4,0,0,0
ARVCF,0,5.072578848,0
LINC00298,14.06096078,6.722291738,0.236346622
KIR3DL1,0,0.279085966,0.1638512
NMUR1,4.335876538,3.141845345,1.252916939
RP11-20I20.4,0,0,38.55075117
KIR3DX1,16.30186271,8.332587315,6.438350755
KIR3DL2,0,0,0
LRRC43,0.037003839,6.759889143,3.384392622
KLRF1,4.64055467,32.51070292,25.35221242
CTB-61M7.1,0,0,0
RP11-121A8.1,0.482873537,24.90878335,3.301445317
ZNF876P,10.05840614,7.927067801,3.711029584
PRSS23,13.82556737,5.432455426,5.703754001
KLRC3,0,0,0
CARMIL3,0,0.326527346,0
CD160,14.56038155,4.30729069,2.778967591
KLRC2,0,0,0
EIF4A2P1,0,0.561233418,3.066151204
TRDJ1,0,0,0
RP11-605P22.1,1.453221162,0.673523759,0
RP11-705C15.5,0,52.18563729,0
DGKK,0,0,0
HMGB3P32,0,0,0.767867588
FASLG,3.569429234,5.065441116,3.561744639
PDGFRB,0,0,0
LINC00299,59.32949599,32.56386571,3.002447161
SORBS2,4.880129548,0.568959433,0.677210871
CYP4F29P,0,0,2.216912743
CTD-2616J11.2,0,2.532868539,2.2867779
SLCO4C1,107.540203,4.077035502,10.32476622
GALNT18,0,0,0
TTC38,310.1229569,177.7836092,84.44201236
GOLGA8N,33.40357684,59.72827167,15.81015195
SLFN13,221.6563806,71.03536584,20.16253892
SPON2,60.91754204,22.60893739,181.2095414
PDGFD,7.963445509,3.188100209,0
VIT,0,0,0
PODN,0.851555806,1.606231498,1.078737447
GFOD1,5.343064292,17.60872534,2.915199926
LINC01505,1.557635673,0.892849129,2.585737854
B3GNT7,1.398425885,36.67041028,12.13418488
TSPOAP1,21.65343084,133.0289756,18.68729531
FKBP10,2.562196952,0,0
FEZ1,45.08971159,7.713415378,2.623006695
GOLM1,34.19430877,53.22731536,17.55382585
AC092566.1,0,0,0
LGR6,0,0.702401521,11.05243354
PTGDR,5.89692021,0,0
XCL2,0,0,0
LINC00092,8.020209066,3.191578375,2.462628245
RGS17,3.456264671,2.637929732,1.393070007
SLC1A7,0,0,0
LEXM,0,0,0
COLGALT2,45.70551915,1.398502939,0.926573892
DTHD1,0.201248841,0,0
GNPTAB,400.4588416,243.7149213,198.2186052
TOGARAM2,11.71133956,20.34348554,5.483468133
RHOBTB3,25.34035812,26.05295576,29.55689559
ZNF683,1.277149756,0,0.412535655
CD8A,1.973785513,1.995666613,0.731986666
KLRC4-KLRK1,0,1.371364894,17.51152686
TNIP3,9.984163922,5.212912436,2.462676873
STYK1,0.630436044,0,1.335808218
TRAV24,0,0,0
TRAV19,0,0,0
TRBV9,2.366171295,0,0
TRAV5,0,0,0
TRAV12-2,0,0,0
HEATR9,2.720316984,0,0
LL22NC03-24A12.9,0,0,0
KLRK1,10.35843253,10.44133808,15.87621423
TRBV7-9,0,0,0
TRGV10,0,0,0.89817887
PDCD1,0,1.390334005,0
CCL5,277.6929317,56.5466214,19.74734631
MVB12B,6.216018575,86.04352217,5.508567976
PTPRM,19.54552183,12.4457998,110.7029043
PATL2,267.3395865,75.09352338,82.29941844
TRBV28,0,0,0
MIAT,3.042465314,2.344246029,1.90531448
ZNF80,3.596522443,0,0
MSC,0,3.4392816,31.57023809
RP11-1094M14.8,0,0,0
LINC01934,14.23430441,0.559806469,0.166305883
RP11-1094M14.5,4.270764794,1.948031307,1.680702445
SH2D1A,8.554367029,0.916404193,0.222355686
ITGA1,48.98414958,4.061685142,2.899502298
TENM1,0.270111741,0.037744511,0
FYN,149.6088186,1116.247225,177.6635298
SLAMF6,102.3190087,2.671088592,20.9559382
RGS1,898.3934787,3787.926125,1338.013203
CCR12P,0,0,0
SORCS3,0,0,0
LEF1-AS1,3.055847007,2.923108184,0.710148322
GPRC5B,0,0,0
ADTRP,3.763915943,12.55135134,8.74795955
KRT73-AS1,1.790761216,0.374058431,0.700360502
NOG,1.782966583,1.456712734,0.833602413
PLLP,11.35984235,7.766856433,5.941313308
EDAR,0,0,0
ANKRD55,310.0246618,7.881851622,3.538345122
MMP28,0,0,0
CACHD1,0,2.759576911,0
FHIT,37.44987784,84.57492647,66.43449725
KRT73,0,0,0
RP11-161M6.2,12.36139192,8.02675663,5.228148372
EPHA1-AS1,12.57556533,40.60020298,9.034793818
MDS2,5.105719344,4.990684516,3.463018703
AK5,5.552664653,48.23622406,11.56074539
RP11-664D1.1,11.80654193,4.781852638,2.59168544
KRT72,0,0,0
TSHZ2,2.595699753,2.853730437,0.936059368
SSTR3,0.691118937,0,0
LINC01891,0,5.997287964,13.2872285
ZNF563,5.097368474,10.77850343,6.037103586
FAM153B,13.51287037,18.96130073,34.08925265
RP11-223C24.1,0,1.645695912,0.89817887
WNT7A,0.242961902,0,0.066809161
AC103563.9,0,0,0
TCEA3,0,74.23049252,10.26911503
MAN1C1,13.75952042,19.46070595,2.975994123
PDE9A,0,0,1.858413309
TIMD4,0,17.31644892,0
EPHX2,30.34358191,22.02794836,10.81217665
ALS2CL,1.220501792,47.74802551,1.098215691
TSPAN6,4.408082108,1.375049002,1.747540745
PLEKHH2,3.378473551,3.425826879,3.788160337
IL6ST,110.6661373,183.781368,372.3113657
PIK3IP1-AS1,7.440494254,14.93674024,10.69177185
FAM134B,1.751798168,17.02103571,0.62033646
RP11-347I19.8,36.96097027,17.33484188,28.57316415
SARDH,2.993020556,3.765210843,2.209048633
RP11-730K11.1,16.35429381,1.258603665,4.046934207
AC069513.4,0.707901812,2.499112746,1.028157029
RP11-554I8.1,0,0,0
AC010468.2,0,0,0
TRABD2A,13.06955091,81.41704862,13.26178688
EPHB6,7.920295283,103.6204565,10.73280048
AC093642.4,0,9.237162255,4.965010684
PDK1,249.0906901,56.52440878,8.981511814
HSBP1L1,191.1204421,22.57414994,14.76348025
RFESD,0.84923077,3.630728039,22.35500735
RP11-15M15.1,0,0,0
GPA33,0.33589967,25.02197353,0
GIMAP3P,0,0,0
LINC01550,26.69747029,13.84040666,12.67973043
DBH-AS1,0,0,0
CTD-2666L21.1,3.159572615,0.293952361,2.023657261
RP1-187B23.1,8.096162516,1.512625196,0.610493969
ADPRM,140.46074,101.7052468,51.06722004
LINC00243,45.67221665,12.21995176,3.790021448
AXIN2,76.23034728,0,0.066658983
FLJ27354,9.82073503,74.24757037,26.25409394
SATB1-AS1,27.30754454,11.01028417,23.26796704
PARK2,14.75780846,23.124895,8.240626593
LGALS17A,1.796291867,0.493029085,1.565681496
TRBV12-5,0,0,0
FBLN5,12.09717418,1.165115216,3.146580253
LTBP3,14.57501034,47.39566235,46.68587289
TMIE,0,6.995876839,0
MCF2L-AS1,0,0,3.177891935
CHMP7,373.7334923,503.5393648,257.0037728
PXYLP1,7.377900546,46.72808595,34.89128188
MAML2,0,32.48586892,6.568627023
PLXDC1,9.83947644,8.249960573,83.59962961
NOSIP,479.5451906,468.1501484,283.2050321
RGMB,0.182874512,1.762651723,0.434916659
LINC01259,9.189913613,11.95753769,2.726246806
RHPN1,5.072131424,29.99945888,45.46382656
CHRM3-AS2,1387.618069,0.967443277,1.166674378
REG4,0,0,0
RP3-477M7.5,0,0,0
SFRP5,0,0,0.158946393
MXRA8,0,0.806239735,2.215764642
NRCAM,0,0,0
CD248,0,0,0
CA6,10.12306384,4.630516482,3.324681355
DSC1,0,0.099648407,0
GLIS3,0,0,0
S100B,5.892834365,53.29608068,5.298547273
DSEL,1.831311573,1.032492947,0.665553106
SLC7A3,0,0,0
ASIC1,0,0,0.216876775
RP11-291B21.2,0,0,0
LRRN3,3.215259493,3.265480732,4.02448832
IQCA1,0,0,0
RNF157-AS1,0,0,0
RP5-1184F4.7,12.57032405,7.366641073,3.949740196
TMEM108,8.582413229,0.995693375,0.561546213
PCSK5,13.45299118,90.58275182,7.753668784
ARHGEF4,2.846978252,4.070496728,30.63549063
AGBL3,11.43601744,18.75500855,41.57369748
RP11-61O1.2,0,0,0
AC093609.1,0,2.499700199,0
COL6A3,2.500930227,1.144685396,0.688712084
PCSK6,6.081515347,3.154808389,4.503441774
ANKRD31,0.63112346,0,0
CEP41,172.9039309,141.7740655,56.92414936
CD8B,109.2650228,0.726256202,2.150345699
ANAPC1P1,8.572895079,1.66479901,3.097242051
FCGBP,0.038063655,14.42865505,0
SUCLG2-AS1,6.831408454,3.824072026,3.875317794
SLC16A10,9.327905801,4.166418039,1.569658582
CNN3,0.819013964,2.460240122,0
HAVCR1,5.605976682,97.02212656,3.069514155
NPAS2,1.206158259,1.084518855,3.262296707
SCML1,2.491709068,104.9368749,9.500391993
RP11-317F20.3,27.81631772,1.725134899,0.375972268
SREBF1,14.7317169,47.7890517,62.19699147
NT5E,0.278433343,7.326773216,2.179637162
XKRX,0,0,0
MTUS1,0.555623428,0,0.890522815
GAL3ST4,3.286852267,3.319391684,79.62329362
WHAMMP2,9.63724591,14.43020675,8.677158935
PLAG1,17.83040133,5.762891859,10.92270023
LMO7,60.7758038,37.32120094,41.47762972
RBM11,29.96916041,0,0
DFNB59,0,14.89038177,16.94783288
ROBO1,2.502651258,8.13259486,1.459893431
EPHA1,75.52441769,46.50851905,44.62758171
FOXP1-AS1,91.81615077,85.90257147,79.550793
SOAT2,0,0,0
NAA16,201.3464804,87.37480273,74.60855762
PRKAR1B,0,32.19556641,23.95480334
NELL2,0,1.249110468,0
RP11-415F23.2,27.27227009,51.11543656,29.3270889
RNF157,6.67297106,6.657012435,4.650994223
P2RX6,18.91185125,1.62305461,2.225836176
CRTAM,5.739889633,110.4746569,2.664886116
DNAH6,5.328175949,4.283828735,1.41276387
SIRPG-AS1,1.774219517,0.422274965,2.089408886
CYP2J2,0,0,10.4659449
RP11-277P12.20,1.907575638,6.719301262,1.751079621
DIXDC1,8.633489289,1.537568083,0.445697511
FAM153A,3.122018358,9.144915015,13.54009413
ACER1,5.03223694,4.438906415,1.644404736
CLDN7,0,17.20776767,0.769751386
CD8BP,18.63936845,0,0
TRBV13,0,0,0
SEC14L2,10.75135924,32.29429224,23.2439749
RP11-415F23.4,18.89292666,10.18663355,11.07003811
ZNF391,2.535639691,1.4961572,7.212495262
PRKCA,21.04123966,56.08246886,37.5303067
FAM153C,21.79419869,18.37350828,42.21641981
MPP2,0,0,0
OXNAD1,78.9835328,122.3879479,72.21856936
DCHS1,0,1.304289894,6.793863022
RHOXF1-AS1,3.892952036,9.638733065,13.78454318
RP11-203J24.8,23.000178,10.92398491,23.85204388
RP11-265P11.1,0,0,0
BMP3,0.437507749,0.412213513,0.198510795
KCNG1,1.599002895,1.34358322,0.391678405
TCL1B,0.421105009,0.396433217,46.67766156
LIX1,4.198200841,1.190268361,0.963004986
LINC01013,2.121131745,1.689161221,0.710477918
RP11-1070N10.6,0.503404559,0,6.903035046
RP11-164H13.1,20.82190036,11.3605771,26.6840733
TCL6,39.74638458,19.06314407,187.3092831
LIX1-AS1,0.612023156,1.112746291,0.336381314
COL19A1,6.966051038,1.532612042,2.626560482
TCL1A,4.797019406,2.038612974,6437.713501
ASH2LP1,0,0,2.525964603
LARGE1,6.149548711,5.968756383,1.595331553
SNX29P2,25.19073757,135.559877,53.84555481
FAM111B,15.84689561,6.568401441,8.015802905
IGHD,2.394438543,0.865894097,119.594628
CORO2B,0,0,0
CTGF,0,0.193566111,0.377268798
CD200,29.53045267,15.1270311,26.18816085
RP11-297B17.3,5.163980736,6.349399932,5.111026879
MYBPC2,0,0.602994818,2.628088572
AC002480.3,0,0,0
PCDH9,7.836487911,0.468739717,16.97191352
AP001056.1,3.054339892,84.30348641,13.11477724
SNX22,23.95354028,45.6360021,10.80423239
FCER2,1.215581418,33.5193472,0
ZNF318,14.31653467,97.78209661,11.18755696
CLCN4,0.407356329,10.37212498,0
DBNDD1,0,0.191584213,4.64216756
STEAP1B,0,0,0
SLC38A11,0.302300323,0.979424764,8.984962212
GLYATL1P3,0,0,4.501471411
ABCB4,0,46.28813511,4.995030771
VAV3-AS1,4.739243126,2.395645397,0
RP11-231C14.7,7.210865011,32.36306643,6.332752537
VPREB3,0,0,0
SNX29P1,13.64275662,39.45641226,162.4714351
ELL3,9.489078852,12.69304637,75.93378561
RP11-693J15.5,1.974205495,1.812891501,7.152908759
GLYATL1P4,0,0,0
FCRL1,40.56117703,9.784857769,4.077548972
RP11-142C4.6,0,3.235624321,0.633099101
MACROD2,16.30144285,13.29112506,4.8074546
FAM177B,3.030966109,0,96.83389166
LINC00926,33.15683146,28.93290248,18.48202987
SYN3,11.28361186,20.71250579,4.149465744
IGHV5-78,0,0,19.64393992
AC002480.5,0,0,0
RP11-693J15.4,0.014978571,2.732836498,37.30494258
TAPT1,124.2107005,203.0090869,125.3487226
SNX29,169.4017086,299.8690782,281.9035288
GLYATL1P1,0,2.32657757,0.926770184
MIR5195,0,0,25.31778829
PLPP5,445.0924067,183.9863488,186.5221123
NETO1,0,0,0
ICOSLG,3.83526868,22.86156039,8.244737074
CLEC17A,60.93011591,212.8027727,0.828160913
CD22,55.81497456,171.4915157,74.48920141
KCNH8,0,2.205562084,52.99484117
CD72,20.59379358,310.3094208,110.5005795
Z84812.4,0,1.995842036,1.981406395
CHL1,0,0,0.203165867
CNTNAP2,9.317431687,6.072251608,4.135112037
PTPRK,19.94877528,11.62128675,8.203974955
TCTN1,48.21872708,110.9212217,111.0994635
HLA-DOB,21.00955672,568.9648549,47.19373558
PLEKHG1,0.657668039,3.154617477,0.354870352
CR2,8.297106689,2.235955728,5.094819534
APBB2,7.790731163,6.932902087,6.744495246
CRIP3,2.918473086,235.4468082,0
MMP17,0.348004506,17.20744749,0
AL122127.25,7.22117437,0,49.52723777
RP11-158I9.5,0,1.604063526,0
UGT8,3.324244208,2.437262969,3.197463923
CCDC191,36.52658629,34.43354384,39.04000703
MYO1B,2.40615782,1.110113341,4.039483973
RAPGEF5,6.801941396,0,0
Mar-03,59.34198042,36.74516432,42.94548731
FBLN7,2.380909191,0.835693922,0.83368015
TNFRSF4,13.28694667,0,1.82164213
RP11-399B17.1,0,0,0
RP11-342D11.3,0,0,0
NEFL,0,0,0
LINC00892,0.223409887,0,0
CCR4,7.879680457,4.381835407,3.112443148
CD40LG,3.156888605,1.081946448,0.996690321
TRAV8-4,0,0,0
TRAV9-2,0,0,0
ST6GALNAC1,5.453925897,1.61134611,0
TRAV26-1,0,0,0
TRBV10-3,0,0,0
MAL,0.744539185,1.337072291,4.212745576
LINC01727,0,0,0
FOXP3,0,1.133040258,0.25964323
HPCAL4,0,3.55044632,0.052091047
TRBV18,0,0,0
TRBV7-2,0,49.26602195,33.25876394
CTLA4,0,2.005849823,0
TRAV41,0,0,0
TRBV5-4,0,0,0
RNF214,49.83521523,89.57974663,43.39814397
TRAV23DV6,0,0,0
ICOS,0,0,0.106176008
LINC00544,0,0,0
TRBV12-3,0,0,0
ISM1,0,0,0
DUSP16,41.61652395,52.64990781,9.978902507
TRAV12-3,0,2.034801,0
TRBV5-1,0,0,0
TRAV13-2,0,0,0
TRBV6-6,0,0,0
CASP1P2,0,0,0
TRAV8-2,0,0,0
TRAV8-1,0,0,0
ADAM23,0,0,0
TRBV19,0,0,0
TRAV13-1,0,0,0
TRBV5-5,0,0,0
ZDHHC11B,1.401421915,0,0
FAAH2,0.272821035,0,30.50109705
HSD11B1,0.663141735,1.582576278,0
TRAV17,0,0,0
TRBV2,0,0,69.23531199
TRBV20-1,0,0,6.105214434
TRAV8-6,0,0,0
TRAV2,0,0,0
TRAV12-1,0,0,2.012436536
RPL5P13,0,0,0
TRBV5-6,0,0,0
TRAV16,0,0,0
LINC00402,0.874899985,0.300502328,0.237603511
TRAV6,0,0,0
AP3M2,39.59837232,66.72058594,106.3000664
TRAV25,0,0,0
TRAV21,0,0,0
TRAV35,0,0,0
INPP4B,5.990080025,16.45838633,3.89446259
CD28,13.16950117,18.54242457,1.27815545
TRAV3,0,0,0
HAPLN3,0.59809345,40.64576589,7.977431576
TRAV20,0,0,0
TRAV36DV7,0,0,0
TRBV1,0,0,201.5524443
TRBV3-1,0,0,0
TRBV11-2,0,0,0
PI16,0,0,2.355023165
TRBV4-1,0,0,1.659894152
TRAV8-3,0,2.800294221,8.558109145
HKDC1,0,0,0
TRAV26-2,0,0,0
TRAV29DV5,0,0,0
FAM201A,0.262391623,0,0.147956058
TSPAN18,1.018292318,0,5.494681143
TRAV4,0,0,0
TRBV25-1,0,0,0
TRBV6-5,7.099689877,0,0
TRBV24-1,0,0,0
DAB2IP,0,0,0
RBM24,0,0,0
SLC4A10,11.85081173,4.430237493,1.886916965
PRSS35,0,0,0
SCART1,7.184865693,3.864184755,2.374176432
IL23R,1.639344307,1.350279132,0.615801606
ME1,0,0.148350215,0.62754526
DKK2,0,0,0
LINC01644,0,0,0
FLT4,1.850433316,1.806435249,2.306994274
ADAM12,0.274640169,0.482966466,0
TRBV6-4,0,0,0
RP11-21J7.1,0,0,0
LTK,0,4.543389592,131.193374
COLQ,21.11285473,11.42509553,27.0250024
RORC,2.140576622,1.995407379,1.085211195
TSPAN15,0,23.31906611,0
PLEKHA7,0.521423397,29.04302283,18.78054123
RP11-98G13.1,0,0,0
USP13,3.871127317,27.39390625,18.5254112
TMEM171,0,0,0
ROR2,0,0,0
DKK3,2.749219095,0,0
CXCR6,1.429249274,1.663712752,5.187342739
CPNE7,0,0,0
FSD1,6.882175886,2.355039969,15.08263636
ELOVL4,0,0,0
B3GALT2,2.498218436,1.316075971,2.556919517
TRAV1-2,0,0,0
IL17RE,11.54749606,3.135148401,2.028853417
KIAA1217,10.4149808,0,0
RAB6B,0,2.043390189,3.552685199
IL4I1,0,104.2736239,1.561641127
KIF5C,0.588197023,0.506706341,1.708563768
IGFBP4,0,0.946319658,0.222154161
NTN4,0,0,0
CYP2E1,0.11384853,67.83358858,1.127528864
EEF1A1P14,0.985726783,3.002816839,2.252370128
ZBTB16,53.52128541,12.11540629,3.237629244
LINC00612,43.40940652,1.385886973,0.834699495
AL450992.2,0,0,34.36655424
TPT1P12,58.10141909,0,0
GTF3C1,80.31905337,162.8713705,128.1181436
AGAP1,1.116089534,0.215817531,0.114677765
A2M-AS1,34.73745583,20.67268713,16.01859914
GFPT2,0,0,0
CYTH3,56.01816685,35.68492469,40.40318343
ARSJ,1.561446245,2.489277642,0
BTG1P1,31.31835018,0,0
KLRB1,1.108959682,0.66745544,4.409977196
CFH,0.345600437,1.450819562,1.135097705
KRT17P8,9.457559998,0.621079552,0
NCR3LG1,0.794730126,2.750490802,0.461729538
PZP,133.6196223,1.095571163,0.412604652
AC007278.2,1.435674266,0,0.288140034
THEM5,0,0,18.21286454
TRBV6-2,0,0,0
TBC1D31,56.93229156,66.06291463,32.80969085
NCR3,5.676839347,2.246770563,0
SLC17A3,0.899879984,0,0
LINC00987,23.60308806,1.291473158,47.76523276
HNRNPA1P34,28.17299882,0.649627895,0
A2MP1,37.59270319,3.345559375,0.701444235
CCR5,146.6789234,310.3690808,161.5808526
WHRN,1.650172111,16.45005116,3.523133116
CERK,33.84257136,202.3866246,87.26000556
VDAC2P2,29.06726552,0,0
PHACTR2,73.78311027,186.8481355,76.30762172
LONRF3,0.78198433,13.91617738,0.634430094
GZMK,0.656226148,0.309658367,0
TMIGD2,4.148946365,0.684406535,359.0880866
FYCO1,39.95136173,25.93166898,83.14668403
MYBL1,2.291811472,4.739678886,0.107867302
WDR86-AS1,8.185217172,3.617305403,3.276426402
ABCB1,0.077652392,0,0.858264323
PHACTR2-AS1,53.6652499,33.2422236,0.872221673
TRBV6-1,0,0,0
DPP4,3.601534881,52.01195326,237.1052975
COL5A3,0,0,0
TRDV2,16.09363339,0,0.740965406
TRGJP,0,0,0
TRGV9,0,0,0
KLRC1,29.03572063,29.60460083,7.908751605
PLPP2,10.71454578,6.433375249,4.36662697
IL12RB2,1.032277191,1.567288907,0.268329916
EPHX4,5.286736651,4.57816917,2.721009795
TRGC1,1.134583277,0.345372624,0.354103255
TFCP2L1,0.101947553,0.361029373,0.084945937
LAG3,0,1.960207549,1.440115846
AF131217.1,0,2.426797216,1.484469593
SYNM,2.294469154,1.311242769,0
JAKMIP1,0.207564221,0,0.136264938
BOLA2B,9.682856508,41.14958084,42.67001419
COL6A2,1.671559287,0,0
RP11-445H22.3,0,0,1.79314441
KIF19,3.259496757,4.125321663,3.580335231
CACNA2D2,3.15782673,0.340058708,0.54050369
CYB561,3.842983455,71.31132783,3.674478072
UNC45B,0.364386154,0.334977603,0.095074592
LINC02218,0,0,0
PI3,0,0,0
TGM3,0,0,0
RP11-321E2.5,0,0,0
CSNK1A1L,0,0,0
CH17-296N19.1,0,0,0
CA4,0,0,0
BTNL8,0.95901753,3.208486332,0.302559866
RP11-676B18.1,0.247431587,0.112958845,0.145651012
SLPI,0,1.098112175,0
AP001434.2,0,0,0
SPATA20P1,0,0,0
CMTM2,2.900337411,2.248177642,0
MMP9,0.158240282,7.116075646,0
CHI3L1,5.01298187,2.018857385,0.6903294
RP11-7F17.3,0.248087715,0.234888095,0
KRT23,4.923332187,0.802019367,0
MANSC1,25.72238139,13.83067969,5.060615141
NECAB2,0,0,0
OTX1,0,0,0
CTD-2530H12.2,1.509142606,0,0
PGLYRP1,2.518125778,0,0
CXCL6,0,0,0
LRG1,14.34917071,70.39358673,2.599291384
KCNJ15,2.685354685,11.06790988,1.266749343
STEAP4,4.657620378,5.445011051,2.119061828
CXCL1,0,0.545576966,0
RP11-561P12.5,0,0,0
ANXA3,2.716840335,2.519510793,1.260711923
CYP4F3,46.20418481,17.38669775,17.32379611
ALPL,0.78477923,0,0
CTA-286B10.7,16.2457606,1.944847227,0
MGAM,40.06401608,0.740890643,0
RP11-455F5.3,0,0.656564159,0
CACNA1E,0,0,0
MGAM2,0.50828828,7.234934763,0
MTND4P22,0,0,0
NFE4,7.295673282,4.570449182,2.986694611
CD177,3.187051952,0,0
RP4-673D20.6,0.201327862,0,0
BMX,22.52801557,0,0
KY,52.73732821,0.45478766,0.891702781
LUCAT1,3.815057923,12.92012277,1.672292361
RP1-229K20.5,0,22.51771657,0
KCNH7,0.500407181,0.133779052,0.078849475
RP11-875O11.3,5.738234081,0,0
KREMEN1,11.74886003,4.604603709,7.651546251
MME,28.20167171,5.529781179,84.34449513
NRBF2,256.8562622,421.3114428,159.4091873
RP11-467L13.7,25.27381062,34.18525121,7.029587944
TNFRSF10C,100.4065268,46.36910891,1.145301279
RP11-206L10.2,19.15718014,26.76394897,15.70007318
AOC2,2.547840782,2.478925127,0
FAM157A,3.496954093,3.841422421,0.754604417
RP11-256L6.3,95.16073381,0,0
LINC01506,3.715232558,11.82308517,1.76090963
DSC2,2.945234206,2.822003069,0.305315815
IL1R2,4.911530079,668.1997954,7.769844905
CTB-50L17.14,8.929730586,3.896208939,2.197166876
RP11-44F14.1,140.8758567,19.99234138,2.916076626
NOV,15.96368603,8.55195095,1.255246462
PRRG4,12.29175256,9.47252886,2.254294272
CCNJL,5.84513771,2.981611579,0.687415052
TECPR2,34.50456212,23.63402571,8.710061736
LRRC4,4.795433874,4.634250638,1.742211063
HIST1H2BC,20.68872359,7.288067092,47.16292587
ANKRD34B,0.636493665,0,0
LINC01127,1.873969659,7.741451201,0.457614258
FRAT2,10.6026307,53.27913406,3.420818556
ZDHHC18,78.70240919,94.11124834,11.6574965
RP11-196G18.3,0,0.600294231,0
LINC01317,19.0963008,11.20642061,7.058394143
MTND5P24,0,0,0
VNN3,600.742028,5.754123809,8.186275044
SLC45A4,30.72715718,7.610931727,2.095859214
GPR27,0.450977301,1.853025773,0
RP11-144A16.8,33.94418262,9.779519745,9.536279297
RP11-1228E12.1,7.178975406,5.75844684,3.629552116
LLNLF-173C4.2,1.046642222,6.345161916,5.468156753
TRDV3,0,0,0
TRDV1,0,0,0
RP11-277P12.6,0,0,0
AC069363.1,7.913713167,18.48266872,5.920776808
TRDC,3.365956932,0.824182893,0.964310972
AE000661.37,245.2776768,0,0
TRGV4,0,30.40142744,56.53790407
TRGV2,0,1.343720326,8.279428507
CYP24A1,5.429113162,0.385745856,0
KLRC4,0,0,8.87929036
KLRA1P,6.900780775,27.78284449,38.27760112
GS1-115G20.1,0,12.4466692,10.85747194
TRGV8,0,28.82004818,14.99386065
SERTAD1,72.82065312,113.2918247,47.09813124
IFNG,0,0,0
KIAA1671,3.403733468,2.85671186,2.226907307
RP11-305L7.1,0,1.383548748,0.50875622
MYO6,3.411602616,1.805285422,2.464876689
SGCD,0,0,0
GLB1L2,1.79802169,0.761774397,1.513969616
IKZF2,407.5903772,1.763918615,15.34191371
TRGJP2,0,0,0
RAP2A,28.18409069,82.28427041,40.94232181
GZMH,0.979266496,1.266676538,53.07188396
LINC02086,11.24356836,6.431323037,7.117159042
ABHD17A,11.72796412,29.01112632,19.60621099
RCAN2,0,0,0
RP11-204N11.1,0.118375611,0,0
TTC16,5.051019068,4.968013096,4.087287571
C8G,0,3.79247577,18.87954418
CADM1,0.5496167,144.2662406,1.669195875
TPRG1,3.782801818,13.48902393,1.764270502
KLHL4,0.079781908,0,0
TRGV5,0,59.97940453,139.4345428
SERTAD3,96.10232453,311.3393008,259.3016431
TIGIT,2.049416375,0,8.942121154
ENC1,6.326459547,44.90355616,0
GPR68,4.395209175,3.231084068,0
TRGC2,0,3.079051546,1.502403186
AC131056.3,0,0,0
WDR63,0,0,2.750147243
ERRFI1,0.831809897,3.196452267,12.18633925
LINC00944,0,1.83070939,0
KIF21A,4.730605335,1.695931369,1.04881923
IGLV3-13,0,0,0
ZNF365,1.250891658,1.291303394,1.343446084
TBKBP1,0.268679872,3.766839875,1.793798965
KRT8P48,0,0,0
ATP1A3,6.8627254,1.342424817,3.430814153
TUBB4A,0,0,0
TRGV3,1.284361115,160.7155504,252.4618161
CST7,69.44872879,243.0805003,0.764410735
RP4-800J21.3,3.70251057,1.21263554,4.42121113
MLF1,7.628368162,4.815525696,2.469504817
TRG-AS1,5.891926203,61.62720731,196.3806554
LINC00943,0,0,0
PTCH1,7.330650702,1.953429788,0.822282173
RALGDS,140.2169069,115.3458273,70.3395742
OR6N1,76.35743964,0,0
OR2I1P,230.2669416,0,0
RP11-529A4.7,64.91671257,0,0
DSG3,114.0410722,0.58985576,0.337224534
RP11-529A4.4,36.03372194,0,0
OR6N2,141.4381905,0,0
TRIM51BP,1735.633191,0,0
AKAP12,728.632618,0.265388966,0.341744708
OR6K3,153.704938,0,0
UBD,451.7275692,0.921076068,0
RP11-618I10.1,59.57449318,0,0
RP11-13A1.1,1169.67682,0,0.754625829
RP11-81M19.3,76.13735728,0,0
OR6K4P,157.9989269,0,0
RP11-163O19.8,43.40700933,0,0
TRIM49D1,1716.463217,0,0
TRIM51EP,297.8560475,0,0
RHOXF1P1,1640.411204,0,0
RHOXF1P2,150.1398835,0,0
KLHDC7A,89.90774445,0,0
TRIM64B,1357.531846,0,0.082569669
OR6K5P,79.12371905,0,0
TRIM49D2,1099.987762,0,0
CTNNA2,134.1864636,0.857228503,0.253743488
THSD7A,188.7952121,0,0.027045712
TRIM51,73.37744119,0,0
RP11-13A1.3,2818.512775,0,0
CCNA1,735.3769267,0,0
RP11-736I10.2,97.27659544,0,0.931418965
HRH4,795.6059932,3.213919278,2.331086934
CYP11A1,198.9688348,0.53558559,0
TEX101,346.9669376,0,0
KRT81,169.3102273,0,0.45074391
RP11-704M14.2,396.297344,0,0
CAV2,676.6074357,3.48316605,1.633343653
LINC00929,171.0785839,0,0
IL1RL1,1612.718806,0.168887965,1.515325518
PTGER3,511.8209784,4.484849415,1.397197738
RP11-13A1.2,2119.339409,0,0
ITGB8,552.4087912,3.177126353,1.633296633
CEACAM22P,191.9320347,6.194286372,4.806591583
SHB,27.36083613,0.676425625,0
TRIM64,66.08090228,0,0
RP11-731J8.1,312.555774,0,0
UGT2B11,1316.943181,0,0
RNU4-18P,2727.035294,0,0
HTR1B,23.75259907,0,0
OR2A4,128.0687406,0,0
LUM,240.5558041,0,0
CTAGE9,25.88971832,0,0
RP11-704M14.1,2361.575689,0,4.335089777
GNA14,161.7637195,0.180829501,1.593945266
IL4,1198.716943,0,0
RP3-333A15.1,274.4374925,3.922006772,1.329617328
CNTN4-AS1,82.27528078,0,0
RP11-1072A3.3,46.53760435,0.276395498,1.471061948
CD200R1L,749.2880879,0.909863224,0
LINC01105,57.08237619,1.002947708,0.602952905
OR14L1P,153.0356975,0,0
RGS13,348.9651872,11.063645,10.97554201
CLC,28719.30433,0.994321482,2.575035389
GCSAML,3451.303658,3.361078554,13.42091549
CNTN4,18.94498358,0.404407851,0.196074667
RP11-180K7.1,614.8166392,0,0
EPAS1,1625.509298,0.549476741,1.57321489
RP11-454P21.1,336.855602,1.234855543,1.719591722
HSD3B7,669.9122014,28.84234845,11.44069884
RP11-440I14.2,249.5252333,1.890718761,0
RP11-178F10.2,590.8056039,0,0
RP11-384P7.7,317.1778485,2.675671115,0.388126064
PTENP1-AS,437.5060123,3.340686243,1.809542841
DLGAP1-AS3,196.1116424,17.34687144,0.415567543
ENPP3,3026.377376,9.472420815,1.542896633
LINC01229,152.5754875,0,0.520263868
TCN1,6416.51764,1.777136513,11.535576
CACNG8,48.80706447,2.441615783,1.741414221
PTENP1,77.97165795,0.994343514,0.15537107
AC006116.22,69.01825559,0,0
CTD-2311M21.3,14.13418244,0.999139069,0.23648211
AC104809.4,0,3.252223078,0
CROCC2,0,1.15806954,0
AC099552.2,0,0,0
CDKN1C,2.690402058,3.356283089,0.663509873
GPR20,0,0,0
SFTPD,0,1.848998876,0
PPP1R17,0,0,0
LYPD2,0,0,0
CTD-3064M3.3,0,0,0
AC104809.2,0,0,0
PTX4,0,0,0
C1QA,0,23.63958773,0
RP11-221J22.2,1.827382621,1.304062256,3.461952507
LINC02185,0,5.397743146,0
RP11-1008C21.1,1.473608217,0.404553696,0
PLAGL2,32.23206519,65.18905713,17.38749443
NEURL1,6.469904793,23.42594739,15.79828182
FIBCD1,0,0,0
KNDC1,0,6.099299708,0
LYNX1,0.414012612,1.647636557,0
LINC02085,0,10.35576589,0
C1QB,0,21.50136578,0
PLPPR4,0,0,0
ABCC3,27.93469392,31.94516979,16.80377025
PAPSS2,7.533312689,129.1773542,4.50042715
ITLN1,3.424130175,0,0
MRAS,1.584353056,46.62552948,0.529608714
TCF7L2,3.410408055,62.54434675,12.73429106
RP11-362F19.1,4.767033856,40.91402043,0.11503492
ZNF703,0,19.97751986,0.164456493
L1TD1,0.58651505,0.69732313,0.296839893
SIGLEC20P,0,47.89218912,0
C2,6.741250221,15.11633313,2.669628645
VMO1,0,9.836889752,0
OLFML2B,0,14.92231709,0
CKB,48.02570937,35.11361708,2.437884586
EPS8,10.30281668,118.3474469,4.989840151
TNFRSF8,0,39.56127717,6.348855024
SPRED1,0.893900142,9.785689793,0.793727777
MSR1,16.42376845,94.5680927,18.58819508
MAFB,0,90.21440122,0.161799224
TBC1D8,84.07024488,179.851916,201.6372358
CTB-114C7.4,0,10.64707003,0
CASP5,0,14.82186399,0
MERTK,0,0,3.207168518
FMNL2,40.03419705,48.17162741,53.62504484
SMIM25,13.16040025,143.3067489,2.288154666
GPBAR1,5.068060399,515.0179826,8.395112773
AATBC,3.60914368,83.48753774,3.557351286
AP2A1,123.0780457,378.6441452,105.7175195
SASH1,0.151280748,1.320120916,0.155320961
SLC24A4,5.052276042,82.63976051,5.157559452
CTSL,5.994558246,118.3431482,1.090755415
AC011899.9,21.58151002,64.46297831,0.316112743
TMTC1,2.069155177,1.194360624,1.080416795
CTD-2006K23.1,4.303119884,632.0615845,2.508236664
MS4A7,12.99615735,881.900044,22.41766441
OSGIN1,2.270289609,15.89205674,0
MS4A14,0,101.945415,0.331972355
ZMYND15,0,8.18490021,0.829393168
SLC37A2,12.78540822,337.1850781,19.94130177
PDK4,13.33283898,95.51540009,0
RRAS,0.546888614,20.16220679,4.545960537
MS4A4A,61.29013077,238.8606468,217.7485668
RP1-228H13.2,0,29.91834688,0
CALML4,4.320186974,68.97575086,15.80116951
SYT17,3.379208503,7.150322952,3.178098631
NID1,0,25.25438011,0
MYOF,0,371.5849614,180.8799048
CXCR2P1,2.644277707,71.30768812,280.6005615
LOXL3,1.887050807,118.1680298,1.049312564
CDK2AP1,16.01830293,251.8458509,16.2826908
C10orf105,0.842348143,21.38700925,2.23233491
TPPP3,0.282177089,218.6685682,14.21446015
CTC-205M6.1,0,13.68065145,3.198460823
CDH23,9.515632002,100.9473154,265.7972733
C1QC,0,4.908217551,0
CD300E,5.090617967,856.6895422,1.724230089
CSF1R,47.67934512,3345.685403,502.8771418
C12orf74,0,0,0
CTD-2509G16.3,0,0,0
RP11-731F5.2,0,1.139196248,0
KLK1,0,1.716195662,2.764891301
PLEKHG7,0,1.568163371,1.650549952
NTNG1,0.313681495,0.316357076,0.134229088
PRAMENP,0,0,0.338621182
COL4A3,0.05667391,3.006937218,0.959309146
ZNF860,0.272673968,0.162476688,0
FCRL2,20.05434738,11.47585725,9.860678125
CD24,4.361139138,7.462414734,2.354317585
DNAJC5B,1.011679122,2.488939081,2.010323226
RP11-444D3.1,0,0,16.77465097
TBC1D27,6.545227747,5.45442408,5.773226918
PAX5,1.209350366,1.426821307,0.954596401
CTD-2509G16.5,3.82985519,13.06246891,9.044614103
TNFRSF13B,2.423619075,4.302177024,3.96153597
COL4A4,0.127495194,2.191231769,1.846877365
RP11-588H23.3,8.8707284,4.471211803,2.561209595
EBF1,1.562757596,1.201225794,0.052165383
OSBPL10,6.858106813,10.02620484,12.56591513
WNT16,0,0,0
COCH,4.089664423,0,6.746089643
CTD-2363C16.2,0,0,0
SSPN,9.421893246,3.563414784,0.321935253
ZNF587P1,0,0,0
RP11-498M5.2,0,5.080507545,1.364014625
MTND5P5,0,15.17010024,9.792885279
RP11-785D18.3,0,0,0
DOK7,0,1.786354986,0
TAS1R3,3.281579363,0.620885229,0
POU2AF1,7.419204867,5.806407009,4.242230888
CPNE5,3.47766158,9.795550577,2.9384133
CD19,6.50626874,9.139407035,2.184056024
BLK,1.676926484,2.596958487,29.85749058
SYBU,1.097383535,0.25967257,0
AL928768.3,12.88075862,2.765438092,3.549979668
MS4A1,8.252465563,13.20041566,4.796332755
EBI3,0,11.23201191,0
AC008697.1,1.921348824,0.827411859,1.747768218
FCRLA,3.814791918,3.965215996,585.3891889
LCN10,0,0,0
LINC01781,0,0,0
ZBTB32,3.553232154,3.841811602,0.169836104
BANK1,80.8248857,246.6026335,121.9857573
RP11-148O21.4,0,0,26.31776096
FCRL5,18.2284094,7.679935069,50.14836463
AIM2,46.65222813,45.92109892,2.058106548
TNFRSF13C,5.410053275,7.88916371,18.71006316
RP11-148O21.2,1.08447641,0,11.6951151
CECR7,35.03991335,25.01853137,24.04602155
SEMA4B,33.62769135,82.12063542,19.87082376
TLR10,3.648338403,244.7758823,212.9089727
RALGPS2,116.7105142,23.43110654,69.09189532
LINC01857,0,0,0
RP11-404F10.6,0,4.754676231,0
CD79A,5.419020634,15.84250251,106.0349927
CNR1,0,0,0
CD40,39.3803864,169.7953929,75.84511003
SOX5,8.072112258,2.488537161,10.4573151
SYNPO,2.22456207,1.600889083,0.645646976
HRK,0.670998793,1.104372041,0.625103702
PNOC,0,0.952937748,188.5061928
IGLVI-70,0,0,0
RP11-428G5.5,8.914994246,0.749997651,0
DNAH8,0.784591898,0,0
RP11-511B23.1,0,0,0.326073775
LINC00494,0,0,26.62871886
EHD3,4.531154793,11.56959341,1.776740745
COBLL1,48.57301834,13.99617747,465.2805475
ANGPTL1,4.63702289,1.606372439,4.864401877
RP11-380I10.4,0,0,0
CDK14,92.34985026,56.17161937,16.41941047
AK8,0,0,0.145887377
PLPP3,2.388413372,1.438942513,1.573689504
ILDR1,2.558204738,1.989423657,0.944670332
CYB5R2,2.255468,4.051100934,0.532706906
AC007386.2,4.703930993,1.521891331,2.265670718
Mar-02,19.40422889,0,0
CD207,0,151.7153924,0.156375904
RP11-389C8.2,0,143.3705555,0
CD1E,0,1025.228478,0
CD1B,0,132.9722755,0
ENHO,1.316010219,166.1426677,0
ZNF366,1.380949985,292.1255807,7.803623065
MRC1,0.752727634,186.7188956,4.067412794
RP11-863P13.3,18.42529618,193.8229951,7.239675334
EHF,0,49.23610658,0
CLEC10A,0,4357.410956,19.86964335
LRP1B,0,29.66585892,3.010280454
KCNK13,0,27.47076868,0
FZD2,0,31.09485842,3.197201674
HTR7,0,84.63690131,0
CYP2S1,9.288386724,885.9240787,8.217048647
CACNA2D3,0,801.7335937,47.22898239
IDO1,76.14118648,709.53899,0
FPR3,7.75944813,230.1092698,0.347858907
RP6-91H8.3,37.39756605,307.2346845,10.83678969
SDS,9.550570353,137.7117607,8.704553641
MPP3,1.518430788,99.56907845,1.204573465
CLIC2,2.450547877,791.6837707,43.34152276
DCANP1,0,18.228364,1.676763452
VSIG4,9.023055631,519.2616698,0
RAB7B,0,60.69069328,5.156363497
CDS1,0,17.82993077,0
RTN1,0,617.4575532,0
CLEC9A,0,119.6441294,0
IDO2,9.8388742,60.11742955,2.026939536
PTGFRN,0,40.64006147,0
NDRG2,39.28119732,4188.379683,117.1860433
LGALS2,0,1372.297762,3.078150641
PID1,1.47845122,835.0612609,1.012869943
GRIP1,39.59799259,585.1869954,35.15931919
EPHB3,0.619393208,22.04934008,1.06594121
CES1,1.706913486,1290.81471,23.09440556
DTNA,37.28941898,234.7609752,17.02021491
MSLN,0,50.21797147,0
CD1C,0,7668.787251,0.409077037
RP11-426C22.4,5.989474301,165.0433693,0
LEKR1,3.703081603,516.8438225,16.11605503
LAYN,0.795214345,84.65752516,0.22746562
FLT3,63.03844106,1125.674787,591.5816171
TACSTD2,0,63.3580926,0
KCNK6,233.8642023,466.4940554,70.0373248
KCTD12,0.682274476,442.4162304,65.97080834
PKIB,18.88847249,358.5241655,10.48394001
SEZ6L,0,196.6601369,0
CTTNBP2NL,9.138694365,193.4997175,75.61981822
SLAMF8,0.370810775,423.3441206,0
UPK3A,0,190.5561308,32.16022175
HBEGF,1.785255326,404.5944395,0.812119181
FAM20C,0,43.19641899,3.548117626
FAM109A,27.88504351,250.4110511,7.817082886
MTMR11,9.267223453,1528.951434,6.290012595
KLF4,0.774458106,1203.545641,43.49134928
VEGFA,4.835853911,18.77562134,0
RP11-426C22.5,53.3146187,387.8259916,13.96300902
KCNMB1,7.984237123,186.5987331,26.18801067
CD1D,0.329450428,1983.063843,0.769242719
RP3-522P13.3,4.071841105,131.9683134,16.68650783
ID1,33.05868477,276.6643324,6.243794678
CTB-113D17.1,0.252736812,52.52613714,1.187010885
CCSER1,5.964939928,329.683366,11.69388782
ACPP,1.424118188,562.6585434,15.95061543
DFNA5,0.972976353,155.1090296,2.453613111
SDSL,3.051309694,136.2616758,46.04745469
SHTN1,0.781469868,727.8123104,322.1507975
C1orf127,6.003055346,27.01112853,5.581858404
MAP3K20,15.31537692,523.1751575,13.62782977
MARVELD1,0,135.696834,5.163965512
DSE,35.16577734,295.0051477,64.1371064
NUDT16P1,11.72561323,294.0018597,2.302402807
CD33,388.7936312,3627.127154,24.47505185
SNX30,24.62843676,264.4044359,28.22654931
FAM129B,7.759100595,80.87228797,0.434374442
SNAI1,17.72084936,129.5263726,24.16461769
APBA1,1.59616536,30.31717423,4.069614457
PPFIA4,2.494394554,187.1954818,20.29409908
SCT,0,0,266.7419024
LINC01478,0,0,214.1415894
RP11-73G16.2,0,0,970.0164929
RP11-71G12.1,1.357551545,0.730651647,1436.454663
KCNK10,0.555513328,1.882486243,132.8446485
EPHA2,0,1.746973577,248.3033461
KRT8P5,0,0,69.92088028
CUX2,0,0.321549826,149.3276476
LINC01724,0,0,234.0283555
AC011893.3,0,0,402.8898322
SCARA5,0.145507993,9.143000323,502.0071621
KCNA5,0,0,279.1828516
LINC00475,0,0,227.1883054
KRT5,0,0,608.5215311
SLC35F3,0,1.356495586,97.32314744
EWSAT1,0,0,27.96960788
RP11-203M5.6,0,18.7704962,7179.854271
PTPRS,5.9926698,5.103690362,524.7013133
SLC12A3,1.319219806,3.386409379,440.7299115
LINC01225,0,0,492.0278885
BEND3P2,0,0,15.56788726
SRPX,0,0,98.27636614
TTC39A,8.512402131,2.528908784,478.635412
PTCRA,0.746202995,0.764143612,449.785553
SLC9C2,0,2.288146543,48.2359517
RP4-647C14.2,1.416406235,7.388148235,233.1479144
ZFAT,63.21838702,61.32574091,3301.126488
NRP1,4.623587297,37.53412958,1687.758339
NAT8L,0,0,34.41722525
KLHL33,8.119581094,7.474685763,141.7568341
CLEC4C,44.19706028,17.96767257,1849.684528
PHEX,0.184310782,0.345420307,194.2673509
SHD,0,0,483.0706477
CYP46A1,14.10805064,6.100634084,167.5138322
PROC,0,0.714435386,269.978234
CTD-2547E10.6,0,9.167429741,157.1486296
P3H2,10.47646423,88.73783852,757.7616063
C5orf64,7.681539523,5.405166616,182.2216903
DNASE1L3,2.054624589,275.8667169,1474.279989
SMPD3,50.34198762,54.39642666,1695.817819
CTSV,2.790593367,28.44593702,112.5415446
RP4-799P18.4,0,0,167.0497036
PLVAP,2.198024924,9.880917407,397.4860781
SERPINF1,27.41307191,514.9514985,9456.560855
AC023590.1,17.01545449,27.89884331,1181.288816
SCAMP5,4.647939878,1.183812696,1408.644113
TPM2,4.491707455,11.87265082,1380.507499
GPR39,0,5.704689893,16.88392977
CRYM-AS1,7.986130923,11.64897211,177.7515907
COBL,0,0,36.096757
LAMP5,0,50.81867139,1441.192875
TNFRSF21,4.04561923,62.44007609,1820.000592
LRRC36,13.41066295,17.77235016,249.8457249
RP11-426L16.10,0,3.911998931,167.8487687
RASD1,3.655341617,8.729335692,277.3883046
SMIM5,4.573362247,7.185018968,259.5511266
KIRREL3,45.46695134,41.56137199,465.2811046
CRYM,0,0.573210742,469.8571569
PDZRN3,0,0,52.81089346
SLC7A11,4.111364804,1.534877713,44.96086054
MAP1A,0.82979911,0.964380432,340.8854564
RP3-416J7.4,0,0,51.49009373
COL26A1,0,0,81.57493421
RP11-610P16.1,13.08496952,38.59133805,555.537714
RP5-906A24.1,0,0,64.57160588
CYYR1,5.838992637,5.137851998,395.5652466
ZNF556,12.61371855,9.412464987,95.38711083
LINC01375,0,1.630535408,58.27663821
PLXNA4,2.714897374,1.048127686,265.0674795
LINC00996,8.796835932,5.18452978,1272.060823
RP11-71L14.3,1.397508455,0.895680019,66.01165936
PPM1J,0,86.34083091,1308.584171
MROH9,0,0,18.28117175
PALD1,1.007364309,29.46249272,165.8216034
FAM221B,18.34651187,29.61080765,191.2674214
GUCY2D,0.371849883,17.47232326,63.10407049
KCNK1,0,0,31.21014255
BEND6,17.85925446,33.91925241,110.6744698
LILRA4,0.56369172,107.4507079,18771.9532
IGHV3OR16-12,0,0,0
SDC1,0,0,0
IGHV3OR16-7,0,0,0
DPEP1,0,0,0
IGHV3-75,0,0,0
IGKV2OR22-4,0,0,0
IGHV3-54,0,0,0
IGHV3-79,0,0,0
IGHV1OR15-2,0,0,0
IGKV1OR10-1,0,0,0
IGHV3OR16-15,0,0,0
BHLHA15,0,0,4.56660949
RP11-295P22.2,0,0,0
IGHV3OR15-7,0,0,0
IGHV3-60,0,0,0
IGHV7-34-1,0,0,0
IGHV3-6,0,0,0
IGHV3-25,0,0,0
IGHV3-42,0,0,0
RP11-812E19.9,0,0,0
IGHV1OR16-4,0,0,0
GLDC,8.480982565,5.246668417,4.543620642
IGHV3-62,0,0,0
HRASLS2,0,0,6.235845364
OXCT2,0,5.814099397,0
RP11-1166P10.8,0,0,0
IGHV3-47,0,0,0
GPRC5D,1.998364228,0,0
IGF1,0,0,0
IGLV2-33,0,0,0
UNC13C,2.505086081,1.639611927,1.008521433
IGHV3-63,2.598331559,0,0
IGHV4-80,0,0,0
IGHV3OR16-8,0,0,0
CAV1,3.47440923,0,0
IGHV3-52,0,0,0
IGHV3-71,0,0,0
IGHV3-19,0,0,0
IGLV10-54,0,0,0
IGHV3-38,0,0,0
IGHV1OR15-9,0,0,0
IGKV3D-11,0,0,0
IGHV3-41,0,0,0
IGKV2-40,0,0,0
IGKV1D-17,0,0,0
MIXL1,4.680401468,2.964151163,2.000340533
IGHV3OR16-9,0,0,0
IGHG4,1.854470058,1.742320516,1.478528546
IGKV1-6,0,0,0
IGHV7-81,0,0,0
TXNDC5,19.76337526,43.21564891,367.8763588
IGKV2D-30,0,0,0
IGHV4-55,0,0,1.935627626
IGLV1-50,0,0,0
TNFRSF17,7.15071012,3.387368613,78.37572753
IGKV1D-13,0,0,0
IGHV4-28,0,0,0
IGHV3-72,4.424912901,0,1.269660524
IGKV3D-20,0,0,0
IGKV3-7,0,0,0
RP11-361C13.1,0,0,0
IGHV1OR15-4,0,0,0
IGKV1-17,0,0,0
IGHV1-12,0,0,0
IGHV2-70D,0,0,0
IGHGP,0.468079476,0,1.246800834
MIR650,0,0,0
IGKV3OR2-268,0,0,0
IGKV6-21,0,0,0
IGHV3-64,0,0,0
IGKV1D-16,0,0,0
IGHA2,23.96962955,3.200161381,9.315602861
IGLV3-27,0,0,0
IGLV2-8,8.073922344,1.617483231,0.748406134
IGKV2-24,0,0,0
IGHV3-22,0,0,0
IGLV8-61,0,0,1.132542629
RP11-290F5.1,47.03262686,11.63754204,9.020156906
IGLV1-36,0,0,0
AP001171.1,0,0,0
AC010745.4,0,0,0
CD34,2.163152447,2.770220832,1.187793768
HTR1F,0.657212088,0,0
MMP2,0,0,0
PROM1,0.422828921,0,0
EGFEM1P,2.262213966,1.595865423,0.708763846
REN,0,0,0
AC092646.2,0,0,0
DYTN,0,0,0
TM4SF1,0,0,0
DPYSL3,0,0,0
DNTT,0,0,0
NPTX2,0,0,2.053153114
SLC8A3,0.366728425,0,0
C3orf80,0,0,0
NKAIN2,0.118124123,0.532394241,0
FREM1,0,0,0
ZNF385D,0.438069339,2.613007511,0.409473176
MPL,0,0,0
CYTL1,2.981285635,0,0
TMEM246,0.081258222,0,0
MPDZ,0,0,0
EMID1,0.944873895,0,0
MDGA2,0.122650496,0.358219214,0.270447923
KIAA0087,1.871369338,1.423116607,0.593716174
CALN1,0.631697814,0.815411151,0.698962874
PLOD2,5.660644102,5.609364469,3.53135906
IGLL1,0,0.950371409,1.794869563
AJ006998.2,12.41257074,11.24741278,6.913616717
SULT1C4,6.243683084,4.406793373,6.722396686
SMIM24,1.729589435,0,0
RNU6ATAC6P,42.31974532,0,0
PTRF,4.413698319,2.104396815,0.92388449
RP11-354E11.2,20.6331578,15.02502044,13.35770572
HOXA3,1.527856282,0,0.101314184
HOXA7,0,2.441472777,1.345898187
TIMP3,0,0,0
RP11-477J21.6,1.574852513,0,0
CRISPLD1,3.006634074,0,13.55373775
AC007319.1,0,0,3.344427492
NYNRIN,4.221676722,2.738151866,2.852702488
PCYT1B,9.929641618,1.954289882,0.757608117
EPX,1.38592527,2.250981973,0.500438238
TCTEX1D1,0,1.637931705,0
LRP4,0.056825576,0,0
AADAT,0,1.342005756,0.15250603
CCDC175,0,0.567341695,0
KCNIP3,5.300552472,0.208279891,0
RP11-328D5.4,0.337661373,0.334795765,0.035411384
MYCT1,5.576712148,0.817578494,0
MAMDC2,0,0,0.679638859
ERG,19.9245238,12.81527103,0
HOXA6,2.884877048,0.537102894,2.180766377
ST6GAL2,3.71755656,1.70482229,0.920129956
RP13-786C16.1,0.856895571,0,0
AC098617.1,0.983077475,1.282124418,0.82337803
CPXM1,0.624678724,5.091929833,3.677918522
HMGA2,4.053649532,4.876585887,3.531225261
CBX2,0.178210143,2.344642323,0.751924654
SRPX2,0.751851922,0.667385748,0.575564332
EGFL7,0,3.914395808,22.40799439
KIAA1211,0.850058726,0,0
MYOZ3,1.117798708,1.172415019,1.3809462
CRHBP,0,12.37499183,0
PDE3A,0.15116627,0.35725766,0.042966197
ROBO4,0,23.24217037,0
PRSS2,0,0,0
SERPINE1,2.331319306,4.792195431,1.685399984
CASC15,14.30017276,6.492425187,5.550471926
KLF1,0.289148237,0,0
LINC01122,2.446110374,3.104798006,69.93234342
BAALC,0,1.417115616,0
SYTL4,5.236949201,4.453370834,8.760099354
ZBTB8A,10.91482756,7.748529684,8.446149485
TFPI,43.8345041,26.88217364,115.7082703
HOXA10-AS,8.975738542,3.373920735,2.704672073
SCHIP1,21.86334114,23.31660778,63.56396064
RXFP1,2.242773909,0,0
