dataset.name,cancer.type,platform,scale,normalization,native.probe.type,native.expr.file,hugo.expr.file,ensg.expr.file,symbol.compression.function,ensg.compression.function,symbol.to.native.mapping.file,ensg.to.native.mapping.file,fastq1.files,fastq2.files,fastq.samples
DS473,NA,Affymetrix Human Gene 1.0 ST,Log2,RMA+quantile normalization+FARMS,Probe,DS473-native-gene-expr.csv,DS473-hugo-gene-expr.csv,DS473-ensg-gene-expr.csv,colMeans,colMeans,DS473-symbol-to-native-mapping.tsv,DS473-ensg-to-native-mapping.tsv,NA,NA,NA
DS475,NA,Illumina HumanHT-12 V4.0,Linear,average,Hugo,DS475-native-gene-expr.csv,DS475-hugo-gene-expr.csv,DS475-ensg-gene-expr.csv,colMeans,colMeans,DS475-symbol-to-native-mapping.tsv,DS475-ensg-to-native-mapping.tsv,NA,NA,NA
DS489,CRC,Affymetrix HG-U133 Plus 2.0,Log2,RMA,Probe,DS489-native-gene-expr.csv,DS489-hugo-gene-expr.csv,DS489-ensg-gene-expr.csv,colMeans,colMeans,DS489-symbol-to-native-mapping.tsv,DS489-ensg-to-native-mapping.tsv,NA,NA,NA
DS481,NA,Illumina HumanHT-12 V4.0,Log2,normexp,Probe,DS481-native-gene-expr.csv,DS481-hugo-gene-expr.csv,DS481-ensg-gene-expr.csv,colMeans,colMeans,DS481-symbol-to-native-mapping.tsv,DS481-ensg-to-native-mapping.tsv,NA,NA,NA
DS487,NA,Affymetrix Human Gene 1.1 ST,Log2,RMA,Probe,DS487-native-gene-expr.csv,DS487-hugo-gene-expr.csv,DS487-ensg-gene-expr.csv,colMeans,colMeans,DS487-symbol-to-native-mapping.tsv,DS487-ensg-to-native-mapping.tsv,NA,NA,NA
DS344,NA,Affymetrix Human Gene 1.0 ST,Log2,RMA+quantile normalization,Probe,DS344-native-gene-expr.csv,DS344-hugo-gene-expr.csv,DS344-ensg-gene-expr.csv,colMeans,colMeans,DS344-symbol-to-native-mapping.tsv,DS344-ensg-to-native-mapping.tsv,NA,NA,NA
DS500,CRC,Illumina,Linear,CPM,ENSG,DS500-ensg-gene-expr.csv,DS500-hugo-gene-expr.csv,DS500-ensg-gene-expr.csv,colMeans,identity,DS500-symbol-to-native-mapping.tsv,DS500-ensg-to-native-mapping.tsv,NA,NA,NA
