dataset.name,sample.id,cell.type,measured
DS344,S1,B.cells,0.074704
DS344,S1,CD4.T.cells,0.390848
DS344,S1,CD8.T.cells,0.281316
DS344,S1,monocytic.lineage,0.191
DS344,S1,neutrophils,NA
DS344,S1,NK.cells,NA
DS344,S1,fibroblasts,NA
DS344,S1,endothelial.cells,NA
DS344,S10,B.cells,0.06962
DS344,S10,CD4.T.cells,0.40176
DS344,S10,CD8.T.cells,0.23808000000000001
DS344,S10,monocytic.lineage,0.0904
DS344,S10,neutrophils,NA
DS344,S10,NK.cells,NA
DS344,S10,fibroblasts,NA
DS344,S10,endothelial.cells,NA
DS344,S11,B.cells,0.088328
DS344,S11,CD4.T.cells,0.317855
DS344,S11,CD8.T.cells,0.24915
DS344,S11,monocytic.lineage,0.08
DS344,S11,neutrophils,NA
DS344,S11,NK.cells,NA
DS344,S11,fibroblasts,NA
DS344,S11,endothelial.cells,NA
DS344,S12,B.cells,0.0353991
DS344,S12,CD4.T.cells,0.2817
DS344,S12,CD8.T.cells,0.276066
DS344,S12,monocytic.lineage,0.159
DS344,S12,neutrophils,NA
DS344,S12,NK.cells,NA
DS344,S12,fibroblasts,NA
DS344,S12,endothelial.cells,NA
DS344,S13,B.cells,0.0547552
DS344,S13,CD4.T.cells,0.18775
DS344,S13,CD8.T.cells,0.473881
DS344,S13,monocytic.lineage,0.193
DS344,S13,neutrophils,NA
DS344,S13,NK.cells,NA
DS344,S13,fibroblasts,NA
DS344,S13,endothelial.cells,NA
DS344,S14,B.cells,0.094626
DS344,S14,CD4.T.cells,0.49552
DS344,S14,CD8.T.cells,0.2166
DS344,S14,monocytic.lineage,0.0463
DS344,S14,neutrophils,NA
DS344,S14,NK.cells,NA
DS344,S14,fibroblasts,NA
DS344,S14,endothelial.cells,NA
DS344,S15,B.cells,0.0734
DS344,S15,CD4.T.cells,0.293578
DS344,S15,CD8.T.cells,0.2564
DS344,S15,monocytic.lineage,0.19
DS344,S15,neutrophils,NA
DS344,S15,NK.cells,NA
DS344,S15,fibroblasts,NA
DS344,S15,endothelial.cells,NA
DS344,S16,B.cells,0.090365
DS344,S16,CD4.T.cells,0.416587
DS344,S16,CD8.T.cells,0.204592
DS344,S16,monocytic.lineage,0.435
DS344,S16,neutrophils,NA
DS344,S16,NK.cells,NA
DS344,S16,fibroblasts,NA
DS344,S16,endothelial.cells,NA
DS344,S17,B.cells,0.114172
DS344,S17,CD4.T.cells,0.488733
DS344,S17,CD8.T.cells,0.118881
DS344,S17,monocytic.lineage,0.132
DS344,S17,neutrophils,NA
DS344,S17,NK.cells,NA
DS344,S17,fibroblasts,NA
DS344,S17,endothelial.cells,NA
DS344,S18,B.cells,0.0356153
DS344,S18,CD4.T.cells,0.37149
DS344,S18,CD8.T.cells,0.16104
DS344,S18,monocytic.lineage,0.345
DS344,S18,neutrophils,NA
DS344,S18,NK.cells,NA
DS344,S18,fibroblasts,NA
DS344,S18,endothelial.cells,NA
DS344,S19,B.cells,0.062272
DS344,S19,CD4.T.cells,0.2806
DS344,S19,CD8.T.cells,0.26596
DS344,S19,monocytic.lineage,0.238
DS344,S19,neutrophils,NA
DS344,S19,NK.cells,NA
DS344,S19,fibroblasts,NA
DS344,S19,endothelial.cells,NA
DS344,S2,B.cells,0.082236
DS344,S2,CD4.T.cells,0.3991
DS344,S2,CD8.T.cells,0.2002
DS344,S2,monocytic.lineage,0.17
DS344,S2,neutrophils,NA
DS344,S2,NK.cells,NA
DS344,S2,fibroblasts,NA
DS344,S2,endothelial.cells,NA
DS344,S20,B.cells,0.071604
DS344,S20,CD4.T.cells,0.274841
DS344,S20,CD8.T.cells,0.216223
DS344,S20,monocytic.lineage,0.257
DS344,S20,neutrophils,NA
DS344,S20,NK.cells,NA
DS344,S20,fibroblasts,NA
DS344,S20,endothelial.cells,NA
DS344,S21,B.cells,0.0272986
DS344,S21,CD4.T.cells,0.283338
DS344,S21,CD8.T.cells,0.25069
DS344,S21,monocytic.lineage,0.32
DS344,S21,neutrophils,NA
DS344,S21,NK.cells,NA
DS344,S21,fibroblasts,NA
DS344,S21,endothelial.cells,NA
DS344,S22,B.cells,0.08904
DS344,S22,CD4.T.cells,0.241623
DS344,S22,CD8.T.cells,0.17427
DS344,S22,monocytic.lineage,0.348
DS344,S22,neutrophils,NA
DS344,S22,NK.cells,NA
DS344,S22,fibroblasts,NA
DS344,S22,endothelial.cells,NA
DS344,S23,B.cells,0.0492303
DS344,S23,CD4.T.cells,0.431365
DS344,S23,CD8.T.cells,0.233151
DS344,S23,monocytic.lineage,0.224
DS344,S23,neutrophils,NA
DS344,S23,NK.cells,NA
DS344,S23,fibroblasts,NA
DS344,S23,endothelial.cells,NA
DS344,S24,B.cells,0.0321212
DS344,S24,CD4.T.cells,0.434945
DS344,S24,CD8.T.cells,0.171054
DS344,S24,monocytic.lineage,0.199
DS344,S24,neutrophils,NA
DS344,S24,NK.cells,NA
DS344,S24,fibroblasts,NA
DS344,S24,endothelial.cells,NA
DS344,S25,B.cells,0.0474117
DS344,S25,CD4.T.cells,0.338653
DS344,S25,CD8.T.cells,0.245329
DS344,S25,monocytic.lineage,0.129
DS344,S25,neutrophils,NA
DS344,S25,NK.cells,NA
DS344,S25,fibroblasts,NA
DS344,S25,endothelial.cells,NA
DS344,S26,B.cells,0.0502648
DS344,S26,CD4.T.cells,0.322054
DS344,S26,CD8.T.cells,0.178097
DS344,S26,monocytic.lineage,0.155
DS344,S26,neutrophils,NA
DS344,S26,NK.cells,NA
DS344,S26,fibroblasts,NA
DS344,S26,endothelial.cells,NA
DS344,S27,B.cells,0.0275096
DS344,S27,CD4.T.cells,0.30044
DS344,S27,CD8.T.cells,0.23142
DS344,S27,monocytic.lineage,0.256
DS344,S27,neutrophils,NA
DS344,S27,NK.cells,NA
DS344,S27,fibroblasts,NA
DS344,S27,endothelial.cells,NA
DS344,S28,B.cells,0.08484
DS344,S28,CD4.T.cells,0.387828
DS344,S28,CD8.T.cells,0.274104
DS344,S28,monocytic.lineage,0.122
DS344,S28,neutrophils,NA
DS344,S28,NK.cells,NA
DS344,S28,fibroblasts,NA
DS344,S28,endothelial.cells,NA
DS344,S29,B.cells,0.0409404
DS344,S29,CD4.T.cells,0.494384
DS344,S29,CD8.T.cells,0.261184
DS344,S29,monocytic.lineage,0.131
DS344,S29,neutrophils,NA
DS344,S29,NK.cells,NA
DS344,S29,fibroblasts,NA
DS344,S29,endothelial.cells,NA
DS344,S3,B.cells,0.0355209
DS344,S3,CD4.T.cells,0.254821
DS344,S3,CD8.T.cells,0.227673
DS344,S3,monocytic.lineage,0.199
DS344,S3,neutrophils,NA
DS344,S3,NK.cells,NA
DS344,S3,fibroblasts,NA
DS344,S3,endothelial.cells,NA
DS344,S30,B.cells,0.0592156
DS344,S30,CD4.T.cells,0.313378
DS344,S30,CD8.T.cells,0.335357
DS344,S30,monocytic.lineage,0.16
DS344,S30,neutrophils,NA
DS344,S30,NK.cells,NA
DS344,S30,fibroblasts,NA
DS344,S30,endothelial.cells,NA
DS344,S31,B.cells,0.0242473
DS344,S31,CD4.T.cells,0.49345
DS344,S31,CD8.T.cells,0.15833
DS344,S31,monocytic.lineage,0.159
DS344,S31,neutrophils,NA
DS344,S31,NK.cells,NA
DS344,S31,fibroblasts,NA
DS344,S31,endothelial.cells,NA
DS344,S32,B.cells,0.0672
DS344,S32,CD4.T.cells,0.382616
DS344,S32,CD8.T.cells,0.18252
DS344,S32,monocytic.lineage,0.27
DS344,S32,neutrophils,NA
DS344,S32,NK.cells,NA
DS344,S32,fibroblasts,NA
DS344,S32,endothelial.cells,NA
DS344,S33,B.cells,0.09269
DS344,S33,CD4.T.cells,0.338676
DS344,S33,CD8.T.cells,0.261612
DS344,S33,monocytic.lineage,0.228
DS344,S33,neutrophils,NA
DS344,S33,NK.cells,NA
DS344,S33,fibroblasts,NA
DS344,S33,endothelial.cells,NA
DS344,S34,B.cells,0.029412399999999998
DS344,S34,CD4.T.cells,0.38304
DS344,S34,CD8.T.cells,0.26296
DS344,S34,monocytic.lineage,0.173
DS344,S34,neutrophils,NA
DS344,S34,NK.cells,NA
DS344,S34,fibroblasts,NA
DS344,S34,endothelial.cells,NA
DS344,S35,B.cells,0.0494882
DS344,S35,CD4.T.cells,0.242079
DS344,S35,CD8.T.cells,0.312759
DS344,S35,monocytic.lineage,0.161
DS344,S35,neutrophils,NA
DS344,S35,NK.cells,NA
DS344,S35,fibroblasts,NA
DS344,S35,endothelial.cells,NA
DS344,S36,B.cells,0.104052
DS344,S36,CD4.T.cells,0.3213
DS344,S36,CD8.T.cells,0.22491
DS344,S36,monocytic.lineage,0.209
DS344,S36,neutrophils,NA
DS344,S36,NK.cells,NA
DS344,S36,fibroblasts,NA
DS344,S36,endothelial.cells,NA
DS344,S37,B.cells,0.0152368
DS344,S37,CD4.T.cells,0.469455
DS344,S37,CD8.T.cells,0.228021
DS344,S37,monocytic.lineage,0.396
DS344,S37,neutrophils,NA
DS344,S37,NK.cells,NA
DS344,S37,fibroblasts,NA
DS344,S37,endothelial.cells,NA
DS344,S38,B.cells,0.057512
DS344,S38,CD4.T.cells,0.189028
DS344,S38,CD8.T.cells,0.30702
DS344,S38,monocytic.lineage,0.138
DS344,S38,neutrophils,NA
DS344,S38,NK.cells,NA
DS344,S38,fibroblasts,NA
DS344,S38,endothelial.cells,NA
DS344,S39,B.cells,0.033972
DS344,S39,CD4.T.cells,0.183596
DS344,S39,CD8.T.cells,0.308511
DS344,S39,monocytic.lineage,0.276
DS344,S39,neutrophils,NA
DS344,S39,NK.cells,NA
DS344,S39,fibroblasts,NA
DS344,S39,endothelial.cells,NA
DS344,S4,B.cells,0.0238445
DS344,S4,CD4.T.cells,0.504957
DS344,S4,CD8.T.cells,0.22761
DS344,S4,monocytic.lineage,0.172
DS344,S4,neutrophils,NA
DS344,S4,NK.cells,NA
DS344,S4,fibroblasts,NA
DS344,S4,endothelial.cells,NA
DS344,S40,B.cells,0.0396078
DS344,S40,CD4.T.cells,0.26362
DS344,S40,CD8.T.cells,0.1617
DS344,S40,monocytic.lineage,0.176
DS344,S40,neutrophils,NA
DS344,S40,NK.cells,NA
DS344,S40,fibroblasts,NA
DS344,S40,endothelial.cells,NA
DS344,S41,B.cells,0.145692
DS344,S41,CD4.T.cells,0.438252
DS344,S41,CD8.T.cells,0.152274
DS344,S41,monocytic.lineage,0.152
DS344,S41,neutrophils,NA
DS344,S41,NK.cells,NA
DS344,S41,fibroblasts,NA
DS344,S41,endothelial.cells,NA
DS344,S42,B.cells,0.09639
DS344,S42,CD4.T.cells,0.393159
DS344,S42,CD8.T.cells,0.1989
DS344,S42,monocytic.lineage,0.286
DS344,S42,neutrophils,NA
DS344,S42,NK.cells,NA
DS344,S42,fibroblasts,NA
DS344,S42,endothelial.cells,NA
DS344,S43,B.cells,0.037873
DS344,S43,CD4.T.cells,0.23856
DS344,S43,CD8.T.cells,0.17664
DS344,S43,monocytic.lineage,0.192
DS344,S43,neutrophils,NA
DS344,S43,NK.cells,NA
DS344,S43,fibroblasts,NA
DS344,S43,endothelial.cells,NA
DS344,S44,B.cells,0.055574
DS344,S44,CD4.T.cells,0.339873
DS344,S44,CD8.T.cells,0.18528
DS344,S44,monocytic.lineage,0.331
DS344,S44,neutrophils,NA
DS344,S44,NK.cells,NA
DS344,S44,fibroblasts,NA
DS344,S44,endothelial.cells,NA
DS344,S45,B.cells,0.061171
DS344,S45,CD4.T.cells,0.364568
DS344,S45,CD8.T.cells,0.368548
DS344,S45,monocytic.lineage,0.109
DS344,S45,neutrophils,NA
DS344,S45,NK.cells,NA
DS344,S45,fibroblasts,NA
DS344,S45,endothelial.cells,NA
DS344,S46,B.cells,0.030798
DS344,S46,CD4.T.cells,0.315135
DS344,S46,CD8.T.cells,0.312155
DS344,S46,monocytic.lineage,0.181
DS344,S46,neutrophils,NA
DS344,S46,NK.cells,NA
DS344,S46,fibroblasts,NA
DS344,S46,endothelial.cells,NA
DS344,S5,B.cells,0.051993
DS344,S5,CD4.T.cells,0.403825
DS344,S5,CD8.T.cells,0.2697
DS344,S5,monocytic.lineage,0.166
DS344,S5,neutrophils,NA
DS344,S5,NK.cells,NA
DS344,S5,fibroblasts,NA
DS344,S5,endothelial.cells,NA
DS344,S6,B.cells,0.0418124
DS344,S6,CD4.T.cells,0.431105
DS344,S6,CD8.T.cells,0.22952
DS344,S6,monocytic.lineage,0.163
DS344,S6,neutrophils,NA
DS344,S6,NK.cells,NA
DS344,S6,fibroblasts,NA
DS344,S6,endothelial.cells,NA
DS344,S7,B.cells,0.062886
DS344,S7,CD4.T.cells,0.297071
DS344,S7,CD8.T.cells,0.23397
DS344,S7,monocytic.lineage,0.322
DS344,S7,neutrophils,NA
DS344,S7,NK.cells,NA
DS344,S7,fibroblasts,NA
DS344,S7,endothelial.cells,NA
DS344,S8,B.cells,0.121069
DS344,S8,CD4.T.cells,0.394092
DS344,S8,CD8.T.cells,0.122286
DS344,S8,monocytic.lineage,0.21
DS344,S8,neutrophils,NA
DS344,S8,NK.cells,NA
DS344,S8,fibroblasts,NA
DS344,S8,endothelial.cells,NA
DS344,S9,B.cells,0.065366
DS344,S9,CD4.T.cells,0.312294
DS344,S9,CD8.T.cells,0.278783
DS344,S9,monocytic.lineage,0.105
DS344,S9,neutrophils,NA
DS344,S9,NK.cells,NA
DS344,S9,fibroblasts,NA
DS344,S9,endothelial.cells,NA
DS473,S1,B.cells,NA
DS473,S1,CD4.T.cells,NA
DS473,S1,CD8.T.cells,NA
DS473,S1,monocytic.lineage,0.076
DS473,S1,neutrophils,0.524
DS473,S1,NK.cells,NA
DS473,S1,fibroblasts,NA
DS473,S1,endothelial.cells,NA
DS473,S10,B.cells,NA
DS473,S10,CD4.T.cells,NA
DS473,S10,CD8.T.cells,NA
DS473,S10,monocytic.lineage,0.1
DS473,S10,neutrophils,0.429
DS473,S10,NK.cells,NA
DS473,S10,fibroblasts,NA
DS473,S10,endothelial.cells,NA
DS473,S11,B.cells,NA
DS473,S11,CD4.T.cells,NA
DS473,S11,CD8.T.cells,NA
DS473,S11,monocytic.lineage,0.08
DS473,S11,neutrophils,0.66
DS473,S11,NK.cells,NA
DS473,S11,fibroblasts,NA
DS473,S11,endothelial.cells,NA
DS473,S12,B.cells,NA
DS473,S12,CD4.T.cells,NA
DS473,S12,CD8.T.cells,NA
DS473,S12,monocytic.lineage,0.067
DS473,S12,neutrophils,0.431
DS473,S12,NK.cells,NA
DS473,S12,fibroblasts,NA
DS473,S12,endothelial.cells,NA
DS473,S13,B.cells,NA
DS473,S13,CD4.T.cells,NA
DS473,S13,CD8.T.cells,NA
DS473,S13,monocytic.lineage,0.09
DS473,S13,neutrophils,0.505
DS473,S13,NK.cells,NA
DS473,S13,fibroblasts,NA
DS473,S13,endothelial.cells,NA
DS473,S14,B.cells,NA
DS473,S14,CD4.T.cells,NA
DS473,S14,CD8.T.cells,NA
DS473,S14,monocytic.lineage,0.0673
DS473,S14,neutrophils,0.438
DS473,S14,NK.cells,NA
DS473,S14,fibroblasts,NA
DS473,S14,endothelial.cells,NA
DS473,S15,B.cells,NA
DS473,S15,CD4.T.cells,NA
DS473,S15,CD8.T.cells,NA
DS473,S15,monocytic.lineage,0.066
DS473,S15,neutrophils,0.59
DS473,S15,NK.cells,NA
DS473,S15,fibroblasts,NA
DS473,S15,endothelial.cells,NA
DS473,S16,B.cells,NA
DS473,S16,CD4.T.cells,NA
DS473,S16,CD8.T.cells,NA
DS473,S16,monocytic.lineage,0.056
DS473,S16,neutrophils,0.676
DS473,S16,NK.cells,NA
DS473,S16,fibroblasts,NA
DS473,S16,endothelial.cells,NA
DS473,S17,B.cells,NA
DS473,S17,CD4.T.cells,NA
DS473,S17,CD8.T.cells,NA
DS473,S17,monocytic.lineage,0.087
DS473,S17,neutrophils,0.673
DS473,S17,NK.cells,NA
DS473,S17,fibroblasts,NA
DS473,S17,endothelial.cells,NA
DS473,S18,B.cells,NA
DS473,S18,CD4.T.cells,NA
DS473,S18,CD8.T.cells,NA
DS473,S18,monocytic.lineage,0.036
DS473,S18,neutrophils,0.747
DS473,S18,NK.cells,NA
DS473,S18,fibroblasts,NA
DS473,S18,endothelial.cells,NA
DS473,S19,B.cells,NA
DS473,S19,CD4.T.cells,NA
DS473,S19,CD8.T.cells,NA
DS473,S19,monocytic.lineage,0.058
DS473,S19,neutrophils,0.575
DS473,S19,NK.cells,NA
DS473,S19,fibroblasts,NA
DS473,S19,endothelial.cells,NA
DS473,S2,B.cells,NA
DS473,S2,CD4.T.cells,NA
DS473,S2,CD8.T.cells,NA
DS473,S2,monocytic.lineage,0.072
DS473,S2,neutrophils,0.624
DS473,S2,NK.cells,NA
DS473,S2,fibroblasts,NA
DS473,S2,endothelial.cells,NA
DS473,S20,B.cells,NA
DS473,S20,CD4.T.cells,NA
DS473,S20,CD8.T.cells,NA
DS473,S20,monocytic.lineage,0.084
DS473,S20,neutrophils,0.695
DS473,S20,NK.cells,NA
DS473,S20,fibroblasts,NA
DS473,S20,endothelial.cells,NA
DS473,S21,B.cells,NA
DS473,S21,CD4.T.cells,NA
DS473,S21,CD8.T.cells,NA
DS473,S21,monocytic.lineage,0.074
DS473,S21,neutrophils,0.617
DS473,S21,NK.cells,NA
DS473,S21,fibroblasts,NA
DS473,S21,endothelial.cells,NA
DS473,S22,B.cells,NA
DS473,S22,CD4.T.cells,NA
DS473,S22,CD8.T.cells,NA
DS473,S22,monocytic.lineage,0.0755
DS473,S22,neutrophils,0.559
DS473,S22,NK.cells,NA
DS473,S22,fibroblasts,NA
DS473,S22,endothelial.cells,NA
DS473,S23,B.cells,NA
DS473,S23,CD4.T.cells,NA
DS473,S23,CD8.T.cells,NA
DS473,S23,monocytic.lineage,0.037
DS473,S23,neutrophils,0.559
DS473,S23,NK.cells,NA
DS473,S23,fibroblasts,NA
DS473,S23,endothelial.cells,NA
DS473,S24,B.cells,NA
DS473,S24,CD4.T.cells,NA
DS473,S24,CD8.T.cells,NA
DS473,S24,monocytic.lineage,0.079
DS473,S24,neutrophils,0.595
DS473,S24,NK.cells,NA
DS473,S24,fibroblasts,NA
DS473,S24,endothelial.cells,NA
DS473,S25,B.cells,NA
DS473,S25,CD4.T.cells,NA
DS473,S25,CD8.T.cells,NA
DS473,S25,monocytic.lineage,0.04
DS473,S25,neutrophils,0.71
DS473,S25,NK.cells,NA
DS473,S25,fibroblasts,NA
DS473,S25,endothelial.cells,NA
DS473,S26,B.cells,NA
DS473,S26,CD4.T.cells,NA
DS473,S26,CD8.T.cells,NA
DS473,S26,monocytic.lineage,0.077
DS473,S26,neutrophils,0.439
DS473,S26,NK.cells,NA
DS473,S26,fibroblasts,NA
DS473,S26,endothelial.cells,NA
DS473,S27,B.cells,NA
DS473,S27,CD4.T.cells,NA
DS473,S27,CD8.T.cells,NA
DS473,S27,monocytic.lineage,0.086
DS473,S27,neutrophils,0.504
DS473,S27,NK.cells,NA
DS473,S27,fibroblasts,NA
DS473,S27,endothelial.cells,NA
DS473,S28,B.cells,NA
DS473,S28,CD4.T.cells,NA
DS473,S28,CD8.T.cells,NA
DS473,S28,monocytic.lineage,0.0379
DS473,S28,neutrophils,0.431
DS473,S28,NK.cells,NA
DS473,S28,fibroblasts,NA
DS473,S28,endothelial.cells,NA
DS473,S3,B.cells,NA
DS473,S3,CD4.T.cells,NA
DS473,S3,CD8.T.cells,NA
DS473,S3,monocytic.lineage,0.092
DS473,S3,neutrophils,0.602
DS473,S3,NK.cells,NA
DS473,S3,fibroblasts,NA
DS473,S3,endothelial.cells,NA
DS473,S4,B.cells,NA
DS473,S4,CD4.T.cells,NA
DS473,S4,CD8.T.cells,NA
DS473,S4,monocytic.lineage,0.05
DS473,S4,neutrophils,0.761
DS473,S4,NK.cells,NA
DS473,S4,fibroblasts,NA
DS473,S4,endothelial.cells,NA
DS473,S5,B.cells,NA
DS473,S5,CD4.T.cells,NA
DS473,S5,CD8.T.cells,NA
DS473,S5,monocytic.lineage,0.099
DS473,S5,neutrophils,0.456
DS473,S5,NK.cells,NA
DS473,S5,fibroblasts,NA
DS473,S5,endothelial.cells,NA
DS473,S6,B.cells,NA
DS473,S6,CD4.T.cells,NA
DS473,S6,CD8.T.cells,NA
DS473,S6,monocytic.lineage,0.081
DS473,S6,neutrophils,0.681
DS473,S6,NK.cells,NA
DS473,S6,fibroblasts,NA
DS473,S6,endothelial.cells,NA
DS473,S7,B.cells,NA
DS473,S7,CD4.T.cells,NA
DS473,S7,CD8.T.cells,NA
DS473,S7,monocytic.lineage,0.077
DS473,S7,neutrophils,0.607
DS473,S7,NK.cells,NA
DS473,S7,fibroblasts,NA
DS473,S7,endothelial.cells,NA
DS473,S8,B.cells,NA
DS473,S8,CD4.T.cells,NA
DS473,S8,CD8.T.cells,NA
DS473,S8,monocytic.lineage,0.071
DS473,S8,neutrophils,0.582
DS473,S8,NK.cells,NA
DS473,S8,fibroblasts,NA
DS473,S8,endothelial.cells,NA
DS473,S9,B.cells,NA
DS473,S9,CD4.T.cells,NA
DS473,S9,CD8.T.cells,NA
DS473,S9,monocytic.lineage,0.05
DS473,S9,neutrophils,0.451
DS473,S9,NK.cells,NA
DS473,S9,fibroblasts,NA
DS473,S9,endothelial.cells,NA
DS475,S1,B.cells,NA
DS475,S1,CD4.T.cells,NA
DS475,S1,CD8.T.cells,NA
DS475,S1,monocytic.lineage,10
DS475,S1,neutrophils,35
DS475,S1,NK.cells,NA
DS475,S1,fibroblasts,NA
DS475,S1,endothelial.cells,NA
DS475,S10,B.cells,NA
DS475,S10,CD4.T.cells,NA
DS475,S10,CD8.T.cells,NA
DS475,S10,monocytic.lineage,12
DS475,S10,neutrophils,43
DS475,S10,NK.cells,NA
DS475,S10,fibroblasts,NA
DS475,S10,endothelial.cells,NA
DS475,S11,B.cells,NA
DS475,S11,CD4.T.cells,NA
DS475,S11,CD8.T.cells,NA
DS475,S11,monocytic.lineage,11
DS475,S11,neutrophils,50
DS475,S11,NK.cells,NA
DS475,S11,fibroblasts,NA
DS475,S11,endothelial.cells,NA
DS475,S12,B.cells,NA
DS475,S12,CD4.T.cells,NA
DS475,S12,CD8.T.cells,NA
DS475,S12,monocytic.lineage,9
DS475,S12,neutrophils,52
DS475,S12,NK.cells,NA
DS475,S12,fibroblasts,NA
DS475,S12,endothelial.cells,NA
DS475,S13,B.cells,NA
DS475,S13,CD4.T.cells,NA
DS475,S13,CD8.T.cells,NA
DS475,S13,monocytic.lineage,4
DS475,S13,neutrophils,62
DS475,S13,NK.cells,NA
DS475,S13,fibroblasts,NA
DS475,S13,endothelial.cells,NA
DS475,S2,B.cells,NA
DS475,S2,CD4.T.cells,NA
DS475,S2,CD8.T.cells,NA
DS475,S2,monocytic.lineage,11
DS475,S2,neutrophils,65
DS475,S2,NK.cells,NA
DS475,S2,fibroblasts,NA
DS475,S2,endothelial.cells,NA
DS475,S3,B.cells,NA
DS475,S3,CD4.T.cells,NA
DS475,S3,CD8.T.cells,NA
DS475,S3,monocytic.lineage,13
DS475,S3,neutrophils,53
DS475,S3,NK.cells,NA
DS475,S3,fibroblasts,NA
DS475,S3,endothelial.cells,NA
DS475,S4,B.cells,NA
DS475,S4,CD4.T.cells,NA
DS475,S4,CD8.T.cells,NA
DS475,S4,monocytic.lineage,7
DS475,S4,neutrophils,33
DS475,S4,NK.cells,NA
DS475,S4,fibroblasts,NA
DS475,S4,endothelial.cells,NA
DS475,S5,B.cells,NA
DS475,S5,CD4.T.cells,NA
DS475,S5,CD8.T.cells,NA
DS475,S5,monocytic.lineage,8
DS475,S5,neutrophils,61
DS475,S5,NK.cells,NA
DS475,S5,fibroblasts,NA
DS475,S5,endothelial.cells,NA
DS475,S6,B.cells,NA
DS475,S6,CD4.T.cells,NA
DS475,S6,CD8.T.cells,NA
DS475,S6,monocytic.lineage,6
DS475,S6,neutrophils,50
DS475,S6,NK.cells,NA
DS475,S6,fibroblasts,NA
DS475,S6,endothelial.cells,NA
DS475,S7,B.cells,NA
DS475,S7,CD4.T.cells,NA
DS475,S7,CD8.T.cells,NA
DS475,S7,monocytic.lineage,7
DS475,S7,neutrophils,48
DS475,S7,NK.cells,NA
DS475,S7,fibroblasts,NA
DS475,S7,endothelial.cells,NA
DS475,S8,B.cells,NA
DS475,S8,CD4.T.cells,NA
DS475,S8,CD8.T.cells,NA
DS475,S8,monocytic.lineage,10
DS475,S8,neutrophils,43
DS475,S8,NK.cells,NA
DS475,S8,fibroblasts,NA
DS475,S8,endothelial.cells,NA
DS475,S9,B.cells,NA
DS475,S9,CD4.T.cells,NA
DS475,S9,CD8.T.cells,NA
DS475,S9,monocytic.lineage,7
DS475,S9,neutrophils,36
DS475,S9,NK.cells,NA
DS475,S9,fibroblasts,NA
DS475,S9,endothelial.cells,NA
DS481,S1,B.cells,15.32
DS481,S1,CD4.T.cells,23.2
DS481,S1,CD8.T.cells,22.36
DS481,S1,monocytic.lineage,NA
DS481,S1,neutrophils,NA
DS481,S1,NK.cells,16.58
DS481,S1,fibroblasts,NA
DS481,S1,endothelial.cells,NA
DS481,S10,B.cells,7.09
DS481,S10,CD4.T.cells,61.97
DS481,S10,CD8.T.cells,6.89
DS481,S10,monocytic.lineage,NA
DS481,S10,neutrophils,NA
DS481,S10,NK.cells,14.71
DS481,S10,fibroblasts,NA
DS481,S10,endothelial.cells,NA
DS481,S11,B.cells,0.54
DS481,S11,CD4.T.cells,18.71
DS481,S11,CD8.T.cells,8.89
DS481,S11,monocytic.lineage,NA
DS481,S11,neutrophils,NA
DS481,S11,NK.cells,23.7
DS481,S11,fibroblasts,NA
DS481,S11,endothelial.cells,NA
DS481,S12,B.cells,4.04
DS481,S12,CD4.T.cells,52.71
DS481,S12,CD8.T.cells,10.05
DS481,S12,monocytic.lineage,NA
DS481,S12,neutrophils,NA
DS481,S12,NK.cells,15.51
DS481,S12,fibroblasts,NA
DS481,S12,endothelial.cells,NA
DS481,S13,B.cells,4.52
DS481,S13,CD4.T.cells,42.57
DS481,S13,CD8.T.cells,19.1
DS481,S13,monocytic.lineage,NA
DS481,S13,neutrophils,NA
DS481,S13,NK.cells,9.56
DS481,S13,fibroblasts,NA
DS481,S13,endothelial.cells,NA
DS481,S14,B.cells,4.58
DS481,S14,CD4.T.cells,40.27
DS481,S14,CD8.T.cells,19.99
DS481,S14,monocytic.lineage,NA
DS481,S14,neutrophils,NA
DS481,S14,NK.cells,18.87
DS481,S14,fibroblasts,NA
DS481,S14,endothelial.cells,NA
DS481,S15,B.cells,6.22
DS481,S15,CD4.T.cells,52.82
DS481,S15,CD8.T.cells,19.55
DS481,S15,monocytic.lineage,NA
DS481,S15,neutrophils,NA
DS481,S15,NK.cells,4.24
DS481,S15,fibroblasts,NA
DS481,S15,endothelial.cells,NA
DS481,S16,B.cells,3.54
DS481,S16,CD4.T.cells,48.18
DS481,S16,CD8.T.cells,14.67
DS481,S16,monocytic.lineage,NA
DS481,S16,neutrophils,NA
DS481,S16,NK.cells,12.8
DS481,S16,fibroblasts,NA
DS481,S16,endothelial.cells,NA
DS481,S17,B.cells,5.35
DS481,S17,CD4.T.cells,42.9
DS481,S17,CD8.T.cells,36.11
DS481,S17,monocytic.lineage,NA
DS481,S17,neutrophils,NA
DS481,S17,NK.cells,7.43
DS481,S17,fibroblasts,NA
DS481,S17,endothelial.cells,NA
DS481,S18,B.cells,5.34
DS481,S18,CD4.T.cells,46.14
DS481,S18,CD8.T.cells,33.13
DS481,S18,monocytic.lineage,NA
DS481,S18,neutrophils,NA
DS481,S18,NK.cells,6.79
DS481,S18,fibroblasts,NA
DS481,S18,endothelial.cells,NA
DS481,S19,B.cells,2.56
DS481,S19,CD4.T.cells,49.98
DS481,S19,CD8.T.cells,24.82
DS481,S19,monocytic.lineage,NA
DS481,S19,neutrophils,NA
DS481,S19,NK.cells,6.6
DS481,S19,fibroblasts,NA
DS481,S19,endothelial.cells,NA
DS481,S2,B.cells,5.16
DS481,S2,CD4.T.cells,45.92
DS481,S2,CD8.T.cells,32.05
DS481,S2,monocytic.lineage,NA
DS481,S2,neutrophils,NA
DS481,S2,NK.cells,8.9
DS481,S2,fibroblasts,NA
DS481,S2,endothelial.cells,NA
DS481,S20,B.cells,6.14
DS481,S20,CD4.T.cells,56.52
DS481,S20,CD8.T.cells,12.89
DS481,S20,monocytic.lineage,NA
DS481,S20,neutrophils,NA
DS481,S20,NK.cells,7.84
DS481,S20,fibroblasts,NA
DS481,S20,endothelial.cells,NA
DS481,S3,B.cells,19.16
DS481,S3,CD4.T.cells,12.85
DS481,S3,CD8.T.cells,17.86
DS481,S3,monocytic.lineage,NA
DS481,S3,neutrophils,NA
DS481,S3,NK.cells,29.64
DS481,S3,fibroblasts,NA
DS481,S3,endothelial.cells,NA
DS481,S4,B.cells,19.72
DS481,S4,CD4.T.cells,36.77
DS481,S4,CD8.T.cells,8.69
DS481,S4,monocytic.lineage,NA
DS481,S4,neutrophils,NA
DS481,S4,NK.cells,17.11
DS481,S4,fibroblasts,NA
DS481,S4,endothelial.cells,NA
DS481,S5,B.cells,13.09
DS481,S5,CD4.T.cells,32.07
DS481,S5,CD8.T.cells,27.98
DS481,S5,monocytic.lineage,NA
DS481,S5,neutrophils,NA
DS481,S5,NK.cells,7.88
DS481,S5,fibroblasts,NA
DS481,S5,endothelial.cells,NA
DS481,S6,B.cells,15.78
DS481,S6,CD4.T.cells,31.64
DS481,S6,CD8.T.cells,20.37
DS481,S6,monocytic.lineage,NA
DS481,S6,neutrophils,NA
DS481,S6,NK.cells,14.18
DS481,S6,fibroblasts,NA
DS481,S6,endothelial.cells,NA
DS481,S7,B.cells,6.86
DS481,S7,CD4.T.cells,27.3
DS481,S7,CD8.T.cells,24.22
DS481,S7,monocytic.lineage,NA
DS481,S7,neutrophils,NA
DS481,S7,NK.cells,10.81
DS481,S7,fibroblasts,NA
DS481,S7,endothelial.cells,NA
DS481,S8,B.cells,8.32
DS481,S8,CD4.T.cells,47.5
DS481,S8,CD8.T.cells,9.84
DS481,S8,monocytic.lineage,NA
DS481,S8,neutrophils,NA
DS481,S8,NK.cells,13.93
DS481,S8,fibroblasts,NA
DS481,S8,endothelial.cells,NA
DS481,S9,B.cells,11.59
DS481,S9,CD4.T.cells,43.27
DS481,S9,CD8.T.cells,6.87
DS481,S9,monocytic.lineage,NA
DS481,S9,neutrophils,NA
DS481,S9,NK.cells,10.06
DS481,S9,fibroblasts,NA
DS481,S9,endothelial.cells,NA
DS487,S1,B.cells,NA
DS487,S1,CD4.T.cells,NA
DS487,S1,CD8.T.cells,NA
DS487,S1,monocytic.lineage,0.099159664
DS487,S1,neutrophils,0.588235294
DS487,S1,NK.cells,NA
DS487,S1,fibroblasts,NA
DS487,S1,endothelial.cells,NA
DS487,S10,B.cells,NA
DS487,S10,CD4.T.cells,NA
DS487,S10,CD8.T.cells,NA
DS487,S10,monocytic.lineage,0.082729211
DS487,S10,neutrophils,0.658848614
DS487,S10,NK.cells,NA
DS487,S10,fibroblasts,NA
DS487,S10,endothelial.cells,NA
DS487,S100,B.cells,NA
DS487,S100,CD4.T.cells,NA
DS487,S100,CD8.T.cells,NA
DS487,S100,monocytic.lineage,0.13
DS487,S100,neutrophils,0.678947368
DS487,S100,NK.cells,NA
DS487,S100,fibroblasts,NA
DS487,S100,endothelial.cells,NA
DS487,S101,B.cells,NA
DS487,S101,CD4.T.cells,NA
DS487,S101,CD8.T.cells,NA
DS487,S101,monocytic.lineage,0.069465649
DS487,S101,neutrophils,0.670229008
DS487,S101,NK.cells,NA
DS487,S101,fibroblasts,NA
DS487,S101,endothelial.cells,NA
DS487,S102,B.cells,NA
DS487,S102,CD4.T.cells,NA
DS487,S102,CD8.T.cells,NA
DS487,S102,monocytic.lineage,0.070698254
DS487,S102,neutrophils,0.801745636
DS487,S102,NK.cells,NA
DS487,S102,fibroblasts,NA
DS487,S102,endothelial.cells,NA
DS487,S103,B.cells,NA
DS487,S103,CD4.T.cells,NA
DS487,S103,CD8.T.cells,NA
DS487,S103,monocytic.lineage,0.053259141
DS487,S103,neutrophils,0.685214626
DS487,S103,NK.cells,NA
DS487,S103,fibroblasts,NA
DS487,S103,endothelial.cells,NA
DS487,S104,B.cells,NA
DS487,S104,CD4.T.cells,NA
DS487,S104,CD8.T.cells,NA
DS487,S104,monocytic.lineage,0.063068182
DS487,S104,neutrophils,0.613636364
DS487,S104,NK.cells,NA
DS487,S104,fibroblasts,NA
DS487,S104,endothelial.cells,NA
DS487,S105,B.cells,NA
DS487,S105,CD4.T.cells,NA
DS487,S105,CD8.T.cells,NA
DS487,S105,monocytic.lineage,0.108840864
DS487,S105,neutrophils,0.52848723
DS487,S105,NK.cells,NA
DS487,S105,fibroblasts,NA
DS487,S105,endothelial.cells,NA
DS487,S106,B.cells,NA
DS487,S106,CD4.T.cells,NA
DS487,S106,CD8.T.cells,NA
DS487,S106,monocytic.lineage,0.1304414
DS487,S106,neutrophils,0.640791476
DS487,S106,NK.cells,NA
DS487,S106,fibroblasts,NA
DS487,S106,endothelial.cells,NA
DS487,S107,B.cells,NA
DS487,S107,CD4.T.cells,NA
DS487,S107,CD8.T.cells,NA
DS487,S107,monocytic.lineage,0.087906977
DS487,S107,neutrophils,0.607751938
DS487,S107,NK.cells,NA
DS487,S107,fibroblasts,NA
DS487,S107,endothelial.cells,NA
DS487,S108,B.cells,NA
DS487,S108,CD4.T.cells,NA
DS487,S108,CD8.T.cells,NA
DS487,S108,monocytic.lineage,0.064411765
DS487,S108,neutrophils,0.684313725
DS487,S108,NK.cells,NA
DS487,S108,fibroblasts,NA
DS487,S108,endothelial.cells,NA
DS487,S109,B.cells,NA
DS487,S109,CD4.T.cells,NA
DS487,S109,CD8.T.cells,NA
DS487,S109,monocytic.lineage,0.07173913
DS487,S109,neutrophils,0.706521739
DS487,S109,NK.cells,NA
DS487,S109,fibroblasts,NA
DS487,S109,endothelial.cells,NA
DS487,S11,B.cells,NA
DS487,S11,CD4.T.cells,NA
DS487,S11,CD8.T.cells,NA
DS487,S11,monocytic.lineage,0.075703125
DS487,S11,neutrophils,0.7453125
DS487,S11,NK.cells,NA
DS487,S11,fibroblasts,NA
DS487,S11,endothelial.cells,NA
DS487,S110,B.cells,NA
DS487,S110,CD4.T.cells,NA
DS487,S110,CD8.T.cells,NA
DS487,S110,monocytic.lineage,0.054434994
DS487,S110,neutrophils,0.549210207
DS487,S110,NK.cells,NA
DS487,S110,fibroblasts,NA
DS487,S110,endothelial.cells,NA
DS487,S111,B.cells,NA
DS487,S111,CD4.T.cells,NA
DS487,S111,CD8.T.cells,NA
DS487,S111,monocytic.lineage,0.204496788
DS487,S111,neutrophils,0.623126338
DS487,S111,NK.cells,NA
DS487,S111,fibroblasts,NA
DS487,S111,endothelial.cells,NA
DS487,S112,B.cells,NA
DS487,S112,CD4.T.cells,NA
DS487,S112,CD8.T.cells,NA
DS487,S112,monocytic.lineage,0.08028169
DS487,S112,neutrophils,0.672535211
DS487,S112,NK.cells,NA
DS487,S112,fibroblasts,NA
DS487,S112,endothelial.cells,NA
DS487,S113,B.cells,NA
DS487,S113,CD4.T.cells,NA
DS487,S113,CD8.T.cells,NA
DS487,S113,monocytic.lineage,0.077864078
DS487,S113,neutrophils,0.611650485
DS487,S113,NK.cells,NA
DS487,S113,fibroblasts,NA
DS487,S113,endothelial.cells,NA
DS487,S114,B.cells,NA
DS487,S114,CD4.T.cells,NA
DS487,S114,CD8.T.cells,NA
DS487,S114,monocytic.lineage,0.075188679
DS487,S114,neutrophils,0.780188679
DS487,S114,NK.cells,NA
DS487,S114,fibroblasts,NA
DS487,S114,endothelial.cells,NA
DS487,S115,B.cells,NA
DS487,S115,CD4.T.cells,NA
DS487,S115,CD8.T.cells,NA
DS487,S115,monocytic.lineage,0.112
DS487,S115,neutrophils,0.592727273
DS487,S115,NK.cells,NA
DS487,S115,fibroblasts,NA
DS487,S115,endothelial.cells,NA
DS487,S116,B.cells,NA
DS487,S116,CD4.T.cells,NA
DS487,S116,CD8.T.cells,NA
DS487,S116,monocytic.lineage,0.096774194
DS487,S116,neutrophils,0.665322581
DS487,S116,NK.cells,NA
DS487,S116,fibroblasts,NA
DS487,S116,endothelial.cells,NA
DS487,S117,B.cells,NA
DS487,S117,CD4.T.cells,NA
DS487,S117,CD8.T.cells,NA
DS487,S117,monocytic.lineage,0.093357934
DS487,S117,neutrophils,0.638376384
DS487,S117,NK.cells,NA
DS487,S117,fibroblasts,NA
DS487,S117,endothelial.cells,NA
DS487,S118,B.cells,NA
DS487,S118,CD4.T.cells,NA
DS487,S118,CD8.T.cells,NA
DS487,S118,monocytic.lineage,0.096649485
DS487,S118,neutrophils,0.667525773
DS487,S118,NK.cells,NA
DS487,S118,fibroblasts,NA
DS487,S118,endothelial.cells,NA
DS487,S119,B.cells,NA
DS487,S119,CD4.T.cells,NA
DS487,S119,CD8.T.cells,NA
DS487,S119,monocytic.lineage,0.092534992
DS487,S119,neutrophils,0.517884914
DS487,S119,NK.cells,NA
DS487,S119,fibroblasts,NA
DS487,S119,endothelial.cells,NA
DS487,S12,B.cells,NA
DS487,S12,CD4.T.cells,NA
DS487,S12,CD8.T.cells,NA
DS487,S12,monocytic.lineage,0.063430851
DS487,S12,neutrophils,0.70212766
DS487,S12,NK.cells,NA
DS487,S12,fibroblasts,NA
DS487,S12,endothelial.cells,NA
DS487,S120,B.cells,NA
DS487,S120,CD4.T.cells,NA
DS487,S120,CD8.T.cells,NA
DS487,S120,monocytic.lineage,0.060609756
DS487,S120,neutrophils,0.629268293
DS487,S120,NK.cells,NA
DS487,S120,fibroblasts,NA
DS487,S120,endothelial.cells,NA
DS487,S121,B.cells,NA
DS487,S121,CD4.T.cells,NA
DS487,S121,CD8.T.cells,NA
DS487,S121,monocytic.lineage,0.120745543
DS487,S121,neutrophils,0.602917342
DS487,S121,NK.cells,NA
DS487,S121,fibroblasts,NA
DS487,S121,endothelial.cells,NA
DS487,S122,B.cells,NA
DS487,S122,CD4.T.cells,NA
DS487,S122,CD8.T.cells,NA
DS487,S122,monocytic.lineage,0.104304636
DS487,S122,neutrophils,0.663907285
DS487,S122,NK.cells,NA
DS487,S122,fibroblasts,NA
DS487,S122,endothelial.cells,NA
DS487,S123,B.cells,NA
DS487,S123,CD4.T.cells,NA
DS487,S123,CD8.T.cells,NA
DS487,S123,monocytic.lineage,0.092801556
DS487,S123,neutrophils,0.542801556
DS487,S123,NK.cells,NA
DS487,S123,fibroblasts,NA
DS487,S123,endothelial.cells,NA
DS487,S124,B.cells,NA
DS487,S124,CD4.T.cells,NA
DS487,S124,CD8.T.cells,NA
DS487,S124,monocytic.lineage,0.112771084
DS487,S124,neutrophils,0.619277108
DS487,S124,NK.cells,NA
DS487,S124,fibroblasts,NA
DS487,S124,endothelial.cells,NA
DS487,S125,B.cells,NA
DS487,S125,CD4.T.cells,NA
DS487,S125,CD8.T.cells,NA
DS487,S125,monocytic.lineage,0.082931034
DS487,S125,neutrophils,0.598275862
DS487,S125,NK.cells,NA
DS487,S125,fibroblasts,NA
DS487,S125,endothelial.cells,NA
DS487,S126,B.cells,NA
DS487,S126,CD4.T.cells,NA
DS487,S126,CD8.T.cells,NA
DS487,S126,monocytic.lineage,0.083316378
DS487,S126,neutrophils,0.77619532
DS487,S126,NK.cells,NA
DS487,S126,fibroblasts,NA
DS487,S126,endothelial.cells,NA
DS487,S127,B.cells,NA
DS487,S127,CD4.T.cells,NA
DS487,S127,CD8.T.cells,NA
DS487,S127,monocytic.lineage,0.090368609
DS487,S127,neutrophils,0.633769322
DS487,S127,NK.cells,NA
DS487,S127,fibroblasts,NA
DS487,S127,endothelial.cells,NA
DS487,S128,B.cells,NA
DS487,S128,CD4.T.cells,NA
DS487,S128,CD8.T.cells,NA
DS487,S128,monocytic.lineage,0.096289425
DS487,S128,neutrophils,0.768089054
DS487,S128,NK.cells,NA
DS487,S128,fibroblasts,NA
DS487,S128,endothelial.cells,NA
DS487,S129,B.cells,NA
DS487,S129,CD4.T.cells,NA
DS487,S129,CD8.T.cells,NA
DS487,S129,monocytic.lineage,0.058028169
DS487,S129,neutrophils,0.653521127
DS487,S129,NK.cells,NA
DS487,S129,fibroblasts,NA
DS487,S129,endothelial.cells,NA
DS487,S13,B.cells,NA
DS487,S13,CD4.T.cells,NA
DS487,S13,CD8.T.cells,NA
DS487,S13,monocytic.lineage,0.111041991
DS487,S13,neutrophils,0.608087092
DS487,S13,NK.cells,NA
DS487,S13,fibroblasts,NA
DS487,S13,endothelial.cells,NA
DS487,S130,B.cells,NA
DS487,S130,CD4.T.cells,NA
DS487,S130,CD8.T.cells,NA
DS487,S130,monocytic.lineage,0.100562588
DS487,S130,neutrophils,0.5302391
DS487,S130,NK.cells,NA
DS487,S130,fibroblasts,NA
DS487,S130,endothelial.cells,NA
DS487,S131,B.cells,NA
DS487,S131,CD4.T.cells,NA
DS487,S131,CD8.T.cells,NA
DS487,S131,monocytic.lineage,0.102308802
DS487,S131,neutrophils,0.772005772
DS487,S131,NK.cells,NA
DS487,S131,fibroblasts,NA
DS487,S131,endothelial.cells,NA
DS487,S132,B.cells,NA
DS487,S132,CD4.T.cells,NA
DS487,S132,CD8.T.cells,NA
DS487,S132,monocytic.lineage,0.080125196
DS487,S132,neutrophils,0.541471049
DS487,S132,NK.cells,NA
DS487,S132,fibroblasts,NA
DS487,S132,endothelial.cells,NA
DS487,S133,B.cells,NA
DS487,S133,CD4.T.cells,NA
DS487,S133,CD8.T.cells,NA
DS487,S133,monocytic.lineage,0.098405951
DS487,S133,neutrophils,0.816153029
DS487,S133,NK.cells,NA
DS487,S133,fibroblasts,NA
DS487,S133,endothelial.cells,NA
DS487,S134,B.cells,NA
DS487,S134,CD4.T.cells,NA
DS487,S134,CD8.T.cells,NA
DS487,S134,monocytic.lineage,0.096183206
DS487,S134,neutrophils,0.498091603
DS487,S134,NK.cells,NA
DS487,S134,fibroblasts,NA
DS487,S134,endothelial.cells,NA
DS487,S135,B.cells,NA
DS487,S135,CD4.T.cells,NA
DS487,S135,CD8.T.cells,NA
DS487,S135,monocytic.lineage,0.123529412
DS487,S135,neutrophils,0.667058824
DS487,S135,NK.cells,NA
DS487,S135,fibroblasts,NA
DS487,S135,endothelial.cells,NA
DS487,S136,B.cells,NA
DS487,S136,CD4.T.cells,NA
DS487,S136,CD8.T.cells,NA
DS487,S136,monocytic.lineage,0.058477509
DS487,S136,neutrophils,0.814302191
DS487,S136,NK.cells,NA
DS487,S136,fibroblasts,NA
DS487,S136,endothelial.cells,NA
DS487,S137,B.cells,NA
DS487,S137,CD4.T.cells,NA
DS487,S137,CD8.T.cells,NA
DS487,S137,monocytic.lineage,0.105397727
DS487,S137,neutrophils,0.771306818
DS487,S137,NK.cells,NA
DS487,S137,fibroblasts,NA
DS487,S137,endothelial.cells,NA
DS487,S138,B.cells,NA
DS487,S138,CD4.T.cells,NA
DS487,S138,CD8.T.cells,NA
DS487,S138,monocytic.lineage,0.094009217
DS487,S138,neutrophils,0.547235023
DS487,S138,NK.cells,NA
DS487,S138,fibroblasts,NA
DS487,S138,endothelial.cells,NA
DS487,S139,B.cells,NA
DS487,S139,CD4.T.cells,NA
DS487,S139,CD8.T.cells,NA
DS487,S139,monocytic.lineage,0.103225806
DS487,S139,neutrophils,0.677419355
DS487,S139,NK.cells,NA
DS487,S139,fibroblasts,NA
DS487,S139,endothelial.cells,NA
DS487,S14,B.cells,NA
DS487,S14,CD4.T.cells,NA
DS487,S14,CD8.T.cells,NA
DS487,S14,monocytic.lineage,0.09321267
DS487,S14,neutrophils,0.58974359
DS487,S14,NK.cells,NA
DS487,S14,fibroblasts,NA
DS487,S14,endothelial.cells,NA
DS487,S140,B.cells,NA
DS487,S140,CD4.T.cells,NA
DS487,S140,CD8.T.cells,NA
DS487,S140,monocytic.lineage,0.078021978
DS487,S140,neutrophils,0.690737834
DS487,S140,NK.cells,NA
DS487,S140,fibroblasts,NA
DS487,S140,endothelial.cells,NA
DS487,S141,B.cells,NA
DS487,S141,CD4.T.cells,NA
DS487,S141,CD8.T.cells,NA
DS487,S141,monocytic.lineage,0.080983607
DS487,S141,neutrophils,0.757377049
DS487,S141,NK.cells,NA
DS487,S141,fibroblasts,NA
DS487,S141,endothelial.cells,NA
DS487,S142,B.cells,NA
DS487,S142,CD4.T.cells,NA
DS487,S142,CD8.T.cells,NA
DS487,S142,monocytic.lineage,0.107821229
DS487,S142,neutrophils,0.515828678
DS487,S142,NK.cells,NA
DS487,S142,fibroblasts,NA
DS487,S142,endothelial.cells,NA
DS487,S143,B.cells,NA
DS487,S143,CD4.T.cells,NA
DS487,S143,CD8.T.cells,NA
DS487,S143,monocytic.lineage,0.093701997
DS487,S143,neutrophils,0.64516129
DS487,S143,NK.cells,NA
DS487,S143,fibroblasts,NA
DS487,S143,endothelial.cells,NA
DS487,S144,B.cells,NA
DS487,S144,CD4.T.cells,NA
DS487,S144,CD8.T.cells,NA
DS487,S144,monocytic.lineage,0.13742236
DS487,S144,neutrophils,0.653726708
DS487,S144,NK.cells,NA
DS487,S144,fibroblasts,NA
DS487,S144,endothelial.cells,NA
DS487,S145,B.cells,NA
DS487,S145,CD4.T.cells,NA
DS487,S145,CD8.T.cells,NA
DS487,S145,monocytic.lineage,0.076978417
DS487,S145,neutrophils,0.717026379
DS487,S145,NK.cells,NA
DS487,S145,fibroblasts,NA
DS487,S145,endothelial.cells,NA
DS487,S146,B.cells,NA
DS487,S146,CD4.T.cells,NA
DS487,S146,CD8.T.cells,NA
DS487,S146,monocytic.lineage,0.060333333
DS487,S146,neutrophils,0.858333333
DS487,S146,NK.cells,NA
DS487,S146,fibroblasts,NA
DS487,S146,endothelial.cells,NA
DS487,S147,B.cells,NA
DS487,S147,CD4.T.cells,NA
DS487,S147,CD8.T.cells,NA
DS487,S147,monocytic.lineage,0.123577236
DS487,S147,neutrophils,0.72195122
DS487,S147,NK.cells,NA
DS487,S147,fibroblasts,NA
DS487,S147,endothelial.cells,NA
DS487,S148,B.cells,NA
DS487,S148,CD4.T.cells,NA
DS487,S148,CD8.T.cells,NA
DS487,S148,monocytic.lineage,0.087391304
DS487,S148,neutrophils,0.573913043
DS487,S148,NK.cells,NA
DS487,S148,fibroblasts,NA
DS487,S148,endothelial.cells,NA
DS487,S149,B.cells,NA
DS487,S149,CD4.T.cells,NA
DS487,S149,CD8.T.cells,NA
DS487,S149,monocytic.lineage,0.07609075
DS487,S149,neutrophils,0.556719023
DS487,S149,NK.cells,NA
DS487,S149,fibroblasts,NA
DS487,S149,endothelial.cells,NA
DS487,S15,B.cells,NA
DS487,S15,CD4.T.cells,NA
DS487,S15,CD8.T.cells,NA
DS487,S15,monocytic.lineage,0.067684887
DS487,S15,neutrophils,0.520900322
DS487,S15,NK.cells,NA
DS487,S15,fibroblasts,NA
DS487,S15,endothelial.cells,NA
DS487,S150,B.cells,NA
DS487,S150,CD4.T.cells,NA
DS487,S150,CD8.T.cells,NA
DS487,S150,monocytic.lineage,0.08293578
DS487,S150,neutrophils,0.664220183
DS487,S150,NK.cells,NA
DS487,S150,fibroblasts,NA
DS487,S150,endothelial.cells,NA
DS487,S151,B.cells,NA
DS487,S151,CD4.T.cells,NA
DS487,S151,CD8.T.cells,NA
DS487,S151,monocytic.lineage,0.082862191
DS487,S151,neutrophils,0.719081272
DS487,S151,NK.cells,NA
DS487,S151,fibroblasts,NA
DS487,S151,endothelial.cells,NA
DS487,S152,B.cells,NA
DS487,S152,CD4.T.cells,NA
DS487,S152,CD8.T.cells,NA
DS487,S152,monocytic.lineage,0.107942708
DS487,S152,neutrophils,0.766927083
DS487,S152,NK.cells,NA
DS487,S152,fibroblasts,NA
DS487,S152,endothelial.cells,NA
DS487,S153,B.cells,NA
DS487,S153,CD4.T.cells,NA
DS487,S153,CD8.T.cells,NA
DS487,S153,monocytic.lineage,0.064483627
DS487,S153,neutrophils,0.792191436
DS487,S153,NK.cells,NA
DS487,S153,fibroblasts,NA
DS487,S153,endothelial.cells,NA
DS487,S154,B.cells,NA
DS487,S154,CD4.T.cells,NA
DS487,S154,CD8.T.cells,NA
DS487,S154,monocytic.lineage,0.138507463
DS487,S154,neutrophils,0.659701493
DS487,S154,NK.cells,NA
DS487,S154,fibroblasts,NA
DS487,S154,endothelial.cells,NA
DS487,S155,B.cells,NA
DS487,S155,CD4.T.cells,NA
DS487,S155,CD8.T.cells,NA
DS487,S155,monocytic.lineage,0.087736901
DS487,S155,neutrophils,0.751393534
DS487,S155,NK.cells,NA
DS487,S155,fibroblasts,NA
DS487,S155,endothelial.cells,NA
DS487,S156,B.cells,NA
DS487,S156,CD4.T.cells,NA
DS487,S156,CD8.T.cells,NA
DS487,S156,monocytic.lineage,0.078746929
DS487,S156,neutrophils,0.670761671
DS487,S156,NK.cells,NA
DS487,S156,fibroblasts,NA
DS487,S156,endothelial.cells,NA
DS487,S157,B.cells,NA
DS487,S157,CD4.T.cells,NA
DS487,S157,CD8.T.cells,NA
DS487,S157,monocytic.lineage,0.083935243
DS487,S157,neutrophils,0.531755915
DS487,S157,NK.cells,NA
DS487,S157,fibroblasts,NA
DS487,S157,endothelial.cells,NA
DS487,S158,B.cells,NA
DS487,S158,CD4.T.cells,NA
DS487,S158,CD8.T.cells,NA
DS487,S158,monocytic.lineage,0.095338983
DS487,S158,neutrophils,0.728813559
DS487,S158,NK.cells,NA
DS487,S158,fibroblasts,NA
DS487,S158,endothelial.cells,NA
DS487,S159,B.cells,NA
DS487,S159,CD4.T.cells,NA
DS487,S159,CD8.T.cells,NA
DS487,S159,monocytic.lineage,0.108041505
DS487,S159,neutrophils,0.570687419
DS487,S159,NK.cells,NA
DS487,S159,fibroblasts,NA
DS487,S159,endothelial.cells,NA
DS487,S16,B.cells,NA
DS487,S16,CD4.T.cells,NA
DS487,S16,CD8.T.cells,NA
DS487,S16,monocytic.lineage,0.045566166
DS487,S16,neutrophils,0.605729877
DS487,S16,NK.cells,NA
DS487,S16,fibroblasts,NA
DS487,S16,endothelial.cells,NA
DS487,S160,B.cells,NA
DS487,S160,CD4.T.cells,NA
DS487,S160,CD8.T.cells,NA
DS487,S160,monocytic.lineage,0.109360731
DS487,S160,neutrophils,0.646118721
DS487,S160,NK.cells,NA
DS487,S160,fibroblasts,NA
DS487,S160,endothelial.cells,NA
DS487,S161,B.cells,NA
DS487,S161,CD4.T.cells,NA
DS487,S161,CD8.T.cells,NA
DS487,S161,monocytic.lineage,0.109350057
DS487,S161,neutrophils,0.630558723
DS487,S161,NK.cells,NA
DS487,S161,fibroblasts,NA
DS487,S161,endothelial.cells,NA
DS487,S162,B.cells,NA
DS487,S162,CD4.T.cells,NA
DS487,S162,CD8.T.cells,NA
DS487,S162,monocytic.lineage,0.074566474
DS487,S162,neutrophils,0.62716763
DS487,S162,NK.cells,NA
DS487,S162,fibroblasts,NA
DS487,S162,endothelial.cells,NA
DS487,S163,B.cells,NA
DS487,S163,CD4.T.cells,NA
DS487,S163,CD8.T.cells,NA
DS487,S163,monocytic.lineage,0.075253807
DS487,S163,neutrophils,0.800761421
DS487,S163,NK.cells,NA
DS487,S163,fibroblasts,NA
DS487,S163,endothelial.cells,NA
DS487,S164,B.cells,NA
DS487,S164,CD4.T.cells,NA
DS487,S164,CD8.T.cells,NA
DS487,S164,monocytic.lineage,0.072123894
DS487,S164,neutrophils,0.738938053
DS487,S164,NK.cells,NA
DS487,S164,fibroblasts,NA
DS487,S164,endothelial.cells,NA
DS487,S165,B.cells,NA
DS487,S165,CD4.T.cells,NA
DS487,S165,CD8.T.cells,NA
DS487,S165,monocytic.lineage,0.08010989
DS487,S165,neutrophils,0.67032967
DS487,S165,NK.cells,NA
DS487,S165,fibroblasts,NA
DS487,S165,endothelial.cells,NA
DS487,S166,B.cells,NA
DS487,S166,CD4.T.cells,NA
DS487,S166,CD8.T.cells,NA
DS487,S166,monocytic.lineage,0.079206731
DS487,S166,neutrophils,0.644230769
DS487,S166,NK.cells,NA
DS487,S166,fibroblasts,NA
DS487,S166,endothelial.cells,NA
DS487,S167,B.cells,NA
DS487,S167,CD4.T.cells,NA
DS487,S167,CD8.T.cells,NA
DS487,S167,monocytic.lineage,0.0394
DS487,S167,neutrophils,0.862
DS487,S167,NK.cells,NA
DS487,S167,fibroblasts,NA
DS487,S167,endothelial.cells,NA
DS487,S168,B.cells,NA
DS487,S168,CD4.T.cells,NA
DS487,S168,CD8.T.cells,NA
DS487,S168,monocytic.lineage,0.105319149
DS487,S168,neutrophils,0.656534954
DS487,S168,NK.cells,NA
DS487,S168,fibroblasts,NA
DS487,S168,endothelial.cells,NA
DS487,S169,B.cells,NA
DS487,S169,CD4.T.cells,NA
DS487,S169,CD8.T.cells,NA
DS487,S169,monocytic.lineage,0.082006205
DS487,S169,neutrophils,0.69803516
DS487,S169,NK.cells,NA
DS487,S169,fibroblasts,NA
DS487,S169,endothelial.cells,NA
DS487,S17,B.cells,NA
DS487,S17,CD4.T.cells,NA
DS487,S17,CD8.T.cells,NA
DS487,S17,monocytic.lineage,0.098263386
DS487,S17,neutrophils,0.690303907
DS487,S17,NK.cells,NA
DS487,S17,fibroblasts,NA
DS487,S17,endothelial.cells,NA
DS487,S170,B.cells,NA
DS487,S170,CD4.T.cells,NA
DS487,S170,CD8.T.cells,NA
DS487,S170,monocytic.lineage,0.093402778
DS487,S170,neutrophils,0.649305556
DS487,S170,NK.cells,NA
DS487,S170,fibroblasts,NA
DS487,S170,endothelial.cells,NA
DS487,S171,B.cells,NA
DS487,S171,CD4.T.cells,NA
DS487,S171,CD8.T.cells,NA
DS487,S171,monocytic.lineage,0.065869219
DS487,S171,neutrophils,0.66507177
DS487,S171,NK.cells,NA
DS487,S171,fibroblasts,NA
DS487,S171,endothelial.cells,NA
DS487,S172,B.cells,NA
DS487,S172,CD4.T.cells,NA
DS487,S172,CD8.T.cells,NA
DS487,S172,monocytic.lineage,0.093914246
DS487,S172,neutrophils,0.573997234
DS487,S172,NK.cells,NA
DS487,S172,fibroblasts,NA
DS487,S172,endothelial.cells,NA
DS487,S173,B.cells,NA
DS487,S173,CD4.T.cells,NA
DS487,S173,CD8.T.cells,NA
DS487,S173,monocytic.lineage,0.079711885
DS487,S173,neutrophils,0.725090036
DS487,S173,NK.cells,NA
DS487,S173,fibroblasts,NA
DS487,S173,endothelial.cells,NA
DS487,S174,B.cells,NA
DS487,S174,CD4.T.cells,NA
DS487,S174,CD8.T.cells,NA
DS487,S174,monocytic.lineage,0.063951613
DS487,S174,neutrophils,0.846774194
DS487,S174,NK.cells,NA
DS487,S174,fibroblasts,NA
DS487,S174,endothelial.cells,NA
DS487,S175,B.cells,NA
DS487,S175,CD4.T.cells,NA
DS487,S175,CD8.T.cells,NA
DS487,S175,monocytic.lineage,0.141474654
DS487,S175,neutrophils,0.668202765
DS487,S175,NK.cells,NA
DS487,S175,fibroblasts,NA
DS487,S175,endothelial.cells,NA
DS487,S176,B.cells,NA
DS487,S176,CD4.T.cells,NA
DS487,S176,CD8.T.cells,NA
DS487,S176,monocytic.lineage,0.057401491
DS487,S176,neutrophils,0.746538871
DS487,S176,NK.cells,NA
DS487,S176,fibroblasts,NA
DS487,S176,endothelial.cells,NA
DS487,S177,B.cells,NA
DS487,S177,CD4.T.cells,NA
DS487,S177,CD8.T.cells,NA
DS487,S177,monocytic.lineage,0.08098472
DS487,S177,neutrophils,0.650254669
DS487,S177,NK.cells,NA
DS487,S177,fibroblasts,NA
DS487,S177,endothelial.cells,NA
DS487,S178,B.cells,NA
DS487,S178,CD4.T.cells,NA
DS487,S178,CD8.T.cells,NA
DS487,S178,monocytic.lineage,0.076146789
DS487,S178,neutrophils,0.81766055
DS487,S178,NK.cells,NA
DS487,S178,fibroblasts,NA
DS487,S178,endothelial.cells,NA
DS487,S179,B.cells,NA
DS487,S179,CD4.T.cells,NA
DS487,S179,CD8.T.cells,NA
DS487,S179,monocytic.lineage,0.081505728
DS487,S179,neutrophils,0.625204583
DS487,S179,NK.cells,NA
DS487,S179,fibroblasts,NA
DS487,S179,endothelial.cells,NA
DS487,S18,B.cells,NA
DS487,S18,CD4.T.cells,NA
DS487,S18,CD8.T.cells,NA
DS487,S18,monocytic.lineage,0.090207156
DS487,S18,neutrophils,0.634651601
DS487,S18,NK.cells,NA
DS487,S18,fibroblasts,NA
DS487,S18,endothelial.cells,NA
DS487,S180,B.cells,NA
DS487,S180,CD4.T.cells,NA
DS487,S180,CD8.T.cells,NA
DS487,S180,monocytic.lineage,0.080629921
DS487,S180,neutrophils,0.759055118
DS487,S180,NK.cells,NA
DS487,S180,fibroblasts,NA
DS487,S180,endothelial.cells,NA
DS487,S181,B.cells,NA
DS487,S181,CD4.T.cells,NA
DS487,S181,CD8.T.cells,NA
DS487,S181,monocytic.lineage,0.064763231
DS487,S181,neutrophils,0.611420613
DS487,S181,NK.cells,NA
DS487,S181,fibroblasts,NA
DS487,S181,endothelial.cells,NA
DS487,S182,B.cells,NA
DS487,S182,CD4.T.cells,NA
DS487,S182,CD8.T.cells,NA
DS487,S182,monocytic.lineage,0.105625
DS487,S182,neutrophils,0.789583333
DS487,S182,NK.cells,NA
DS487,S182,fibroblasts,NA
DS487,S182,endothelial.cells,NA
DS487,S183,B.cells,NA
DS487,S183,CD4.T.cells,NA
DS487,S183,CD8.T.cells,NA
DS487,S183,monocytic.lineage,0.110687023
DS487,S183,neutrophils,0.706870229
DS487,S183,NK.cells,NA
DS487,S183,fibroblasts,NA
DS487,S183,endothelial.cells,NA
DS487,S184,B.cells,NA
DS487,S184,CD4.T.cells,NA
DS487,S184,CD8.T.cells,NA
DS487,S184,monocytic.lineage,0.094453507
DS487,S184,neutrophils,0.546492659
DS487,S184,NK.cells,NA
DS487,S184,fibroblasts,NA
DS487,S184,endothelial.cells,NA
DS487,S185,B.cells,NA
DS487,S185,CD4.T.cells,NA
DS487,S185,CD8.T.cells,NA
DS487,S185,monocytic.lineage,0.087839305
DS487,S185,neutrophils,0.570032573
DS487,S185,NK.cells,NA
DS487,S185,fibroblasts,NA
DS487,S185,endothelial.cells,NA
DS487,S186,B.cells,NA
DS487,S186,CD4.T.cells,NA
DS487,S186,CD8.T.cells,NA
DS487,S186,monocytic.lineage,0.133115824
DS487,S186,neutrophils,0.621533442
DS487,S186,NK.cells,NA
DS487,S186,fibroblasts,NA
DS487,S186,endothelial.cells,NA
DS487,S187,B.cells,NA
DS487,S187,CD4.T.cells,NA
DS487,S187,CD8.T.cells,NA
DS487,S187,monocytic.lineage,0.055327869
DS487,S187,neutrophils,0.733606557
DS487,S187,NK.cells,NA
DS487,S187,fibroblasts,NA
DS487,S187,endothelial.cells,NA
DS487,S188,B.cells,NA
DS487,S188,CD4.T.cells,NA
DS487,S188,CD8.T.cells,NA
DS487,S188,monocytic.lineage,0.085202864
DS487,S188,neutrophils,0.651551313
DS487,S188,NK.cells,NA
DS487,S188,fibroblasts,NA
DS487,S188,endothelial.cells,NA
DS487,S189,B.cells,NA
DS487,S189,CD4.T.cells,NA
DS487,S189,CD8.T.cells,NA
DS487,S189,monocytic.lineage,0.057368421
DS487,S189,neutrophils,0.835789474
DS487,S189,NK.cells,NA
DS487,S189,fibroblasts,NA
DS487,S189,endothelial.cells,NA
DS487,S19,B.cells,NA
DS487,S19,CD4.T.cells,NA
DS487,S19,CD8.T.cells,NA
DS487,S19,monocytic.lineage,0.132840237
DS487,S19,neutrophils,0.477810651
DS487,S19,NK.cells,NA
DS487,S19,fibroblasts,NA
DS487,S19,endothelial.cells,NA
DS487,S190,B.cells,NA
DS487,S190,CD4.T.cells,NA
DS487,S190,CD8.T.cells,NA
DS487,S190,monocytic.lineage,0.073529412
DS487,S190,neutrophils,0.588235294
DS487,S190,NK.cells,NA
DS487,S190,fibroblasts,NA
DS487,S190,endothelial.cells,NA
DS487,S191,B.cells,NA
DS487,S191,CD4.T.cells,NA
DS487,S191,CD8.T.cells,NA
DS487,S191,monocytic.lineage,0.076190476
DS487,S191,neutrophils,0.752380952
DS487,S191,NK.cells,NA
DS487,S191,fibroblasts,NA
DS487,S191,endothelial.cells,NA
DS487,S192,B.cells,NA
DS487,S192,CD4.T.cells,NA
DS487,S192,CD8.T.cells,NA
DS487,S192,monocytic.lineage,0.084337349
DS487,S192,neutrophils,0.590361446
DS487,S192,NK.cells,NA
DS487,S192,fibroblasts,NA
DS487,S192,endothelial.cells,NA
DS487,S193,B.cells,NA
DS487,S193,CD4.T.cells,NA
DS487,S193,CD8.T.cells,NA
DS487,S193,monocytic.lineage,0.068965517
DS487,S193,neutrophils,0.551724138
DS487,S193,NK.cells,NA
DS487,S193,fibroblasts,NA
DS487,S193,endothelial.cells,NA
DS487,S194,B.cells,NA
DS487,S194,CD4.T.cells,NA
DS487,S194,CD8.T.cells,NA
DS487,S194,monocytic.lineage,0.083333333
DS487,S194,neutrophils,0.708333333
DS487,S194,NK.cells,NA
DS487,S194,fibroblasts,NA
DS487,S194,endothelial.cells,NA
DS487,S195,B.cells,NA
DS487,S195,CD4.T.cells,NA
DS487,S195,CD8.T.cells,NA
DS487,S195,monocytic.lineage,0.083333333
DS487,S195,neutrophils,0.546296296
DS487,S195,NK.cells,NA
DS487,S195,fibroblasts,NA
DS487,S195,endothelial.cells,NA
DS487,S196,B.cells,NA
DS487,S196,CD4.T.cells,NA
DS487,S196,CD8.T.cells,NA
DS487,S196,monocytic.lineage,0.103448276
DS487,S196,neutrophils,0.620689655
DS487,S196,NK.cells,NA
DS487,S196,fibroblasts,NA
DS487,S196,endothelial.cells,NA
DS487,S197,B.cells,NA
DS487,S197,CD4.T.cells,NA
DS487,S197,CD8.T.cells,NA
DS487,S197,monocytic.lineage,0.086206897
DS487,S197,neutrophils,0.672413793
DS487,S197,NK.cells,NA
DS487,S197,fibroblasts,NA
DS487,S197,endothelial.cells,NA
DS487,S2,B.cells,NA
DS487,S2,CD4.T.cells,NA
DS487,S2,CD8.T.cells,NA
DS487,S2,monocytic.lineage,0.074665179
DS487,S2,neutrophils,0.6328125
DS487,S2,NK.cells,NA
DS487,S2,fibroblasts,NA
DS487,S2,endothelial.cells,NA
DS487,S20,B.cells,NA
DS487,S20,CD4.T.cells,NA
DS487,S20,CD8.T.cells,NA
DS487,S20,monocytic.lineage,0.088188976
DS487,S20,neutrophils,0.681102362
DS487,S20,NK.cells,NA
DS487,S20,fibroblasts,NA
DS487,S20,endothelial.cells,NA
DS487,S21,B.cells,NA
DS487,S21,CD4.T.cells,NA
DS487,S21,CD8.T.cells,NA
DS487,S21,monocytic.lineage,0.1275
DS487,S21,neutrophils,0.669166667
DS487,S21,NK.cells,NA
DS487,S21,fibroblasts,NA
DS487,S21,endothelial.cells,NA
DS487,S22,B.cells,NA
DS487,S22,CD4.T.cells,NA
DS487,S22,CD8.T.cells,NA
DS487,S22,monocytic.lineage,0.12037037
DS487,S22,neutrophils,0.694444444
DS487,S22,NK.cells,NA
DS487,S22,fibroblasts,NA
DS487,S22,endothelial.cells,NA
DS487,S23,B.cells,NA
DS487,S23,CD4.T.cells,NA
DS487,S23,CD8.T.cells,NA
DS487,S23,monocytic.lineage,0.148932039
DS487,S23,neutrophils,0.617475728
DS487,S23,NK.cells,NA
DS487,S23,fibroblasts,NA
DS487,S23,endothelial.cells,NA
DS487,S24,B.cells,NA
DS487,S24,CD4.T.cells,NA
DS487,S24,CD8.T.cells,NA
DS487,S24,monocytic.lineage,0.081070984
DS487,S24,neutrophils,0.660024907
DS487,S24,NK.cells,NA
DS487,S24,fibroblasts,NA
DS487,S24,endothelial.cells,NA
DS487,S25,B.cells,NA
DS487,S25,CD4.T.cells,NA
DS487,S25,CD8.T.cells,NA
DS487,S25,monocytic.lineage,0.105714286
DS487,S25,neutrophils,0.654761905
DS487,S25,NK.cells,NA
DS487,S25,fibroblasts,NA
DS487,S25,endothelial.cells,NA
DS487,S26,B.cells,NA
DS487,S26,CD4.T.cells,NA
DS487,S26,CD8.T.cells,NA
DS487,S26,monocytic.lineage,0.17444668
DS487,S26,neutrophils,0.555331992
DS487,S26,NK.cells,NA
DS487,S26,fibroblasts,NA
DS487,S26,endothelial.cells,NA
DS487,S27,B.cells,NA
DS487,S27,CD4.T.cells,NA
DS487,S27,CD8.T.cells,NA
DS487,S27,monocytic.lineage,0.148016701
DS487,S27,neutrophils,0.559498956
DS487,S27,NK.cells,NA
DS487,S27,fibroblasts,NA
DS487,S27,endothelial.cells,NA
DS487,S28,B.cells,NA
DS487,S28,CD4.T.cells,NA
DS487,S28,CD8.T.cells,NA
DS487,S28,monocytic.lineage,0.116666667
DS487,S28,neutrophils,0.651202749
DS487,S28,NK.cells,NA
DS487,S28,fibroblasts,NA
DS487,S28,endothelial.cells,NA
DS487,S29,B.cells,NA
DS487,S29,CD4.T.cells,NA
DS487,S29,CD8.T.cells,NA
DS487,S29,monocytic.lineage,0.103363229
DS487,S29,neutrophils,0.580717489
DS487,S29,NK.cells,NA
DS487,S29,fibroblasts,NA
DS487,S29,endothelial.cells,NA
DS487,S3,B.cells,NA
DS487,S3,CD4.T.cells,NA
DS487,S3,CD8.T.cells,NA
DS487,S3,monocytic.lineage,0.147382199
DS487,S3,neutrophils,0.463350785
DS487,S3,NK.cells,NA
DS487,S3,fibroblasts,NA
DS487,S3,endothelial.cells,NA
DS487,S30,B.cells,NA
DS487,S30,CD4.T.cells,NA
DS487,S30,CD8.T.cells,NA
DS487,S30,monocytic.lineage,0.106385281
DS487,S30,neutrophils,0.714285714
DS487,S30,NK.cells,NA
DS487,S30,fibroblasts,NA
DS487,S30,endothelial.cells,NA
DS487,S31,B.cells,NA
DS487,S31,CD4.T.cells,NA
DS487,S31,CD8.T.cells,NA
DS487,S31,monocytic.lineage,0.095486601
DS487,S31,neutrophils,0.667136812
DS487,S31,NK.cells,NA
DS487,S31,fibroblasts,NA
DS487,S31,endothelial.cells,NA
DS487,S32,B.cells,NA
DS487,S32,CD4.T.cells,NA
DS487,S32,CD8.T.cells,NA
DS487,S32,monocytic.lineage,0.094316163
DS487,S32,neutrophils,0.728241563
DS487,S32,NK.cells,NA
DS487,S32,fibroblasts,NA
DS487,S32,endothelial.cells,NA
DS487,S33,B.cells,NA
DS487,S33,CD4.T.cells,NA
DS487,S33,CD8.T.cells,NA
DS487,S33,monocytic.lineage,0.073201251
DS487,S33,neutrophils,0.803962461
DS487,S33,NK.cells,NA
DS487,S33,fibroblasts,NA
DS487,S33,endothelial.cells,NA
DS487,S34,B.cells,NA
DS487,S34,CD4.T.cells,NA
DS487,S34,CD8.T.cells,NA
DS487,S34,monocytic.lineage,0.095304569
DS487,S34,neutrophils,0.601522843
DS487,S34,NK.cells,NA
DS487,S34,fibroblasts,NA
DS487,S34,endothelial.cells,NA
DS487,S35,B.cells,NA
DS487,S35,CD4.T.cells,NA
DS487,S35,CD8.T.cells,NA
DS487,S35,monocytic.lineage,0.070308483
DS487,S35,neutrophils,0.709511568
DS487,S35,NK.cells,NA
DS487,S35,fibroblasts,NA
DS487,S35,endothelial.cells,NA
DS487,S36,B.cells,NA
DS487,S36,CD4.T.cells,NA
DS487,S36,CD8.T.cells,NA
DS487,S36,monocytic.lineage,0.079666667
DS487,S36,neutrophils,0.769166667
DS487,S36,NK.cells,NA
DS487,S36,fibroblasts,NA
DS487,S36,endothelial.cells,NA
DS487,S37,B.cells,NA
DS487,S37,CD4.T.cells,NA
DS487,S37,CD8.T.cells,NA
DS487,S37,monocytic.lineage,0.085869565
DS487,S37,neutrophils,0.576086957
DS487,S37,NK.cells,NA
DS487,S37,fibroblasts,NA
DS487,S37,endothelial.cells,NA
DS487,S38,B.cells,NA
DS487,S38,CD4.T.cells,NA
DS487,S38,CD8.T.cells,NA
DS487,S38,monocytic.lineage,0.07645126
DS487,S38,neutrophils,0.673603505
DS487,S38,NK.cells,NA
DS487,S38,fibroblasts,NA
DS487,S38,endothelial.cells,NA
DS487,S39,B.cells,NA
DS487,S39,CD4.T.cells,NA
DS487,S39,CD8.T.cells,NA
DS487,S39,monocytic.lineage,0.081446112
DS487,S39,neutrophils,0.593451569
DS487,S39,NK.cells,NA
DS487,S39,fibroblasts,NA
DS487,S39,endothelial.cells,NA
DS487,S4,B.cells,NA
DS487,S4,CD4.T.cells,NA
DS487,S4,CD8.T.cells,NA
DS487,S4,monocytic.lineage,0.048888889
DS487,S4,neutrophils,0.445555556
DS487,S4,NK.cells,NA
DS487,S4,fibroblasts,NA
DS487,S4,endothelial.cells,NA
DS487,S40,B.cells,NA
DS487,S40,CD4.T.cells,NA
DS487,S40,CD8.T.cells,NA
DS487,S40,monocytic.lineage,0.099589322
DS487,S40,neutrophils,0.741273101
DS487,S40,NK.cells,NA
DS487,S40,fibroblasts,NA
DS487,S40,endothelial.cells,NA
DS487,S41,B.cells,NA
DS487,S41,CD4.T.cells,NA
DS487,S41,CD8.T.cells,NA
DS487,S41,monocytic.lineage,0.062272727
DS487,S41,neutrophils,0.784545455
DS487,S41,NK.cells,NA
DS487,S41,fibroblasts,NA
DS487,S41,endothelial.cells,NA
DS487,S42,B.cells,NA
DS487,S42,CD4.T.cells,NA
DS487,S42,CD8.T.cells,NA
DS487,S42,monocytic.lineage,0.11223458
DS487,S42,neutrophils,0.592517695
DS487,S42,NK.cells,NA
DS487,S42,fibroblasts,NA
DS487,S42,endothelial.cells,NA
DS487,S43,B.cells,NA
DS487,S43,CD4.T.cells,NA
DS487,S43,CD8.T.cells,NA
DS487,S43,monocytic.lineage,0.108170515
DS487,S43,neutrophils,0.619893428
DS487,S43,NK.cells,NA
DS487,S43,fibroblasts,NA
DS487,S43,endothelial.cells,NA
DS487,S44,B.cells,NA
DS487,S44,CD4.T.cells,NA
DS487,S44,CD8.T.cells,NA
DS487,S44,monocytic.lineage,0.096595208
DS487,S44,neutrophils,0.696090794
DS487,S44,NK.cells,NA
DS487,S44,fibroblasts,NA
DS487,S44,endothelial.cells,NA
DS487,S45,B.cells,NA
DS487,S45,CD4.T.cells,NA
DS487,S45,CD8.T.cells,NA
DS487,S45,monocytic.lineage,0.095050505
DS487,S45,neutrophils,0.7
DS487,S45,NK.cells,NA
DS487,S45,fibroblasts,NA
DS487,S45,endothelial.cells,NA
DS487,S46,B.cells,NA
DS487,S46,CD4.T.cells,NA
DS487,S46,CD8.T.cells,NA
DS487,S46,monocytic.lineage,0.05969163
DS487,S46,neutrophils,0.794052863
DS487,S46,NK.cells,NA
DS487,S46,fibroblasts,NA
DS487,S46,endothelial.cells,NA
DS487,S47,B.cells,NA
DS487,S47,CD4.T.cells,NA
DS487,S47,CD8.T.cells,NA
DS487,S47,monocytic.lineage,0.099414348
DS487,S47,neutrophils,0.559297218
DS487,S47,NK.cells,NA
DS487,S47,fibroblasts,NA
DS487,S47,endothelial.cells,NA
DS487,S48,B.cells,NA
DS487,S48,CD4.T.cells,NA
DS487,S48,CD8.T.cells,NA
DS487,S48,monocytic.lineage,0.0805
DS487,S48,neutrophils,0.718
DS487,S48,NK.cells,NA
DS487,S48,fibroblasts,NA
DS487,S48,endothelial.cells,NA
DS487,S49,B.cells,NA
DS487,S49,CD4.T.cells,NA
DS487,S49,CD8.T.cells,NA
DS487,S49,monocytic.lineage,0.086509636
DS487,S49,neutrophils,0.526766595
DS487,S49,NK.cells,NA
DS487,S49,fibroblasts,NA
DS487,S49,endothelial.cells,NA
DS487,S5,B.cells,NA
DS487,S5,CD4.T.cells,NA
DS487,S5,CD8.T.cells,NA
DS487,S5,monocytic.lineage,0.107207207
DS487,S5,neutrophils,0.685585586
DS487,S5,NK.cells,NA
DS487,S5,fibroblasts,NA
DS487,S5,endothelial.cells,NA
DS487,S50,B.cells,NA
DS487,S50,CD4.T.cells,NA
DS487,S50,CD8.T.cells,NA
DS487,S50,monocytic.lineage,0.073360656
DS487,S50,neutrophils,0.614754098
DS487,S50,NK.cells,NA
DS487,S50,fibroblasts,NA
DS487,S50,endothelial.cells,NA
DS487,S51,B.cells,NA
DS487,S51,CD4.T.cells,NA
DS487,S51,CD8.T.cells,NA
DS487,S51,monocytic.lineage,0.091316147
DS487,S51,neutrophils,0.691994573
DS487,S51,NK.cells,NA
DS487,S51,fibroblasts,NA
DS487,S51,endothelial.cells,NA
DS487,S52,B.cells,NA
DS487,S52,CD4.T.cells,NA
DS487,S52,CD8.T.cells,NA
DS487,S52,monocytic.lineage,0.057185629
DS487,S52,neutrophils,0.776946108
DS487,S52,NK.cells,NA
DS487,S52,fibroblasts,NA
DS487,S52,endothelial.cells,NA
DS487,S53,B.cells,NA
DS487,S53,CD4.T.cells,NA
DS487,S53,CD8.T.cells,NA
DS487,S53,monocytic.lineage,0.101986755
DS487,S53,neutrophils,0.579470199
DS487,S53,NK.cells,NA
DS487,S53,fibroblasts,NA
DS487,S53,endothelial.cells,NA
DS487,S54,B.cells,NA
DS487,S54,CD4.T.cells,NA
DS487,S54,CD8.T.cells,NA
DS487,S54,monocytic.lineage,0.038571429
DS487,S54,neutrophils,0.579831933
DS487,S54,NK.cells,NA
DS487,S54,fibroblasts,NA
DS487,S54,endothelial.cells,NA
DS487,S55,B.cells,NA
DS487,S55,CD4.T.cells,NA
DS487,S55,CD8.T.cells,NA
DS487,S55,monocytic.lineage,0.087903226
DS487,S55,neutrophils,0.508064516
DS487,S55,NK.cells,NA
DS487,S55,fibroblasts,NA
DS487,S55,endothelial.cells,NA
DS487,S56,B.cells,NA
DS487,S56,CD4.T.cells,NA
DS487,S56,CD8.T.cells,NA
DS487,S56,monocytic.lineage,0.119427711
DS487,S56,neutrophils,0.674698795
DS487,S56,NK.cells,NA
DS487,S56,fibroblasts,NA
DS487,S56,endothelial.cells,NA
DS487,S57,B.cells,NA
DS487,S57,CD4.T.cells,NA
DS487,S57,CD8.T.cells,NA
DS487,S57,monocytic.lineage,0.055392157
DS487,S57,neutrophils,0.689542484
DS487,S57,NK.cells,NA
DS487,S57,fibroblasts,NA
DS487,S57,endothelial.cells,NA
DS487,S58,B.cells,NA
DS487,S58,CD4.T.cells,NA
DS487,S58,CD8.T.cells,NA
DS487,S58,monocytic.lineage,0.116344086
DS487,S58,neutrophils,0.438709677
DS487,S58,NK.cells,NA
DS487,S58,fibroblasts,NA
DS487,S58,endothelial.cells,NA
DS487,S59,B.cells,NA
DS487,S59,CD4.T.cells,NA
DS487,S59,CD8.T.cells,NA
DS487,S59,monocytic.lineage,0.119334975
DS487,S59,neutrophils,0.50862069
DS487,S59,NK.cells,NA
DS487,S59,fibroblasts,NA
DS487,S59,endothelial.cells,NA
DS487,S6,B.cells,NA
DS487,S6,CD4.T.cells,NA
DS487,S6,CD8.T.cells,NA
DS487,S6,monocytic.lineage,0.06625387
DS487,S6,neutrophils,0.63003096
DS487,S6,NK.cells,NA
DS487,S6,fibroblasts,NA
DS487,S6,endothelial.cells,NA
DS487,S60,B.cells,NA
DS487,S60,CD4.T.cells,NA
DS487,S60,CD8.T.cells,NA
DS487,S60,monocytic.lineage,0.057618567
DS487,S60,neutrophils,0.772956609
DS487,S60,NK.cells,NA
DS487,S60,fibroblasts,NA
DS487,S60,endothelial.cells,NA
DS487,S61,B.cells,NA
DS487,S61,CD4.T.cells,NA
DS487,S61,CD8.T.cells,NA
DS487,S61,monocytic.lineage,0.081948052
DS487,S61,neutrophils,0.622077922
DS487,S61,NK.cells,NA
DS487,S61,fibroblasts,NA
DS487,S61,endothelial.cells,NA
DS487,S62,B.cells,NA
DS487,S62,CD4.T.cells,NA
DS487,S62,CD8.T.cells,NA
DS487,S62,monocytic.lineage,0.148458904
DS487,S62,neutrophils,0.678082192
DS487,S62,NK.cells,NA
DS487,S62,fibroblasts,NA
DS487,S62,endothelial.cells,NA
DS487,S63,B.cells,NA
DS487,S63,CD4.T.cells,NA
DS487,S63,CD8.T.cells,NA
DS487,S63,monocytic.lineage,0.096217105
DS487,S63,neutrophils,0.643092105
DS487,S63,NK.cells,NA
DS487,S63,fibroblasts,NA
DS487,S63,endothelial.cells,NA
DS487,S64,B.cells,NA
DS487,S64,CD4.T.cells,NA
DS487,S64,CD8.T.cells,NA
DS487,S64,monocytic.lineage,0.044431946
DS487,S64,neutrophils,0.812148481
DS487,S64,NK.cells,NA
DS487,S64,fibroblasts,NA
DS487,S64,endothelial.cells,NA
DS487,S65,B.cells,NA
DS487,S65,CD4.T.cells,NA
DS487,S65,CD8.T.cells,NA
DS487,S65,monocytic.lineage,0.079234973
DS487,S65,neutrophils,0.699453552
DS487,S65,NK.cells,NA
DS487,S65,fibroblasts,NA
DS487,S65,endothelial.cells,NA
DS487,S66,B.cells,NA
DS487,S66,CD4.T.cells,NA
DS487,S66,CD8.T.cells,NA
DS487,S66,monocytic.lineage,0.115905512
DS487,S66,neutrophils,0.708661417
DS487,S66,NK.cells,NA
DS487,S66,fibroblasts,NA
DS487,S66,endothelial.cells,NA
DS487,S67,B.cells,NA
DS487,S67,CD4.T.cells,NA
DS487,S67,CD8.T.cells,NA
DS487,S67,monocytic.lineage,0.096343001
DS487,S67,neutrophils,0.561160151
DS487,S67,NK.cells,NA
DS487,S67,fibroblasts,NA
DS487,S67,endothelial.cells,NA
DS487,S68,B.cells,NA
DS487,S68,CD4.T.cells,NA
DS487,S68,CD8.T.cells,NA
DS487,S68,monocytic.lineage,0.082152975
DS487,S68,neutrophils,0.627478754
DS487,S68,NK.cells,NA
DS487,S68,fibroblasts,NA
DS487,S68,endothelial.cells,NA
DS487,S69,B.cells,NA
DS487,S69,CD4.T.cells,NA
DS487,S69,CD8.T.cells,NA
DS487,S69,monocytic.lineage,0.101621622
DS487,S69,neutrophils,0.656756757
DS487,S69,NK.cells,NA
DS487,S69,fibroblasts,NA
DS487,S69,endothelial.cells,NA
DS487,S7,B.cells,NA
DS487,S7,CD4.T.cells,NA
DS487,S7,CD8.T.cells,NA
DS487,S7,monocytic.lineage,0.085069009
DS487,S7,neutrophils,0.73651192
DS487,S7,NK.cells,NA
DS487,S7,fibroblasts,NA
DS487,S7,endothelial.cells,NA
DS487,S70,B.cells,NA
DS487,S70,CD4.T.cells,NA
DS487,S70,CD8.T.cells,NA
DS487,S70,monocytic.lineage,0.187743191
DS487,S70,neutrophils,0.560311284
DS487,S70,NK.cells,NA
DS487,S70,fibroblasts,NA
DS487,S70,endothelial.cells,NA
DS487,S71,B.cells,NA
DS487,S71,CD4.T.cells,NA
DS487,S71,CD8.T.cells,NA
DS487,S71,monocytic.lineage,0.075811688
DS487,S71,neutrophils,0.762987013
DS487,S71,NK.cells,NA
DS487,S71,fibroblasts,NA
DS487,S71,endothelial.cells,NA
DS487,S72,B.cells,NA
DS487,S72,CD4.T.cells,NA
DS487,S72,CD8.T.cells,NA
DS487,S72,monocytic.lineage,0.100888889
DS487,S72,neutrophils,0.42
DS487,S72,NK.cells,NA
DS487,S72,fibroblasts,NA
DS487,S72,endothelial.cells,NA
DS487,S73,B.cells,NA
DS487,S73,CD4.T.cells,NA
DS487,S73,CD8.T.cells,NA
DS487,S73,monocytic.lineage,0.089333333
DS487,S73,neutrophils,0.664444444
DS487,S73,NK.cells,NA
DS487,S73,fibroblasts,NA
DS487,S73,endothelial.cells,NA
DS487,S74,B.cells,NA
DS487,S74,CD4.T.cells,NA
DS487,S74,CD8.T.cells,NA
DS487,S74,monocytic.lineage,0.077966102
DS487,S74,neutrophils,0.771186441
DS487,S74,NK.cells,NA
DS487,S74,fibroblasts,NA
DS487,S74,endothelial.cells,NA
DS487,S75,B.cells,NA
DS487,S75,CD4.T.cells,NA
DS487,S75,CD8.T.cells,NA
DS487,S75,monocytic.lineage,0.087265136
DS487,S75,neutrophils,0.661795407
DS487,S75,NK.cells,NA
DS487,S75,fibroblasts,NA
DS487,S75,endothelial.cells,NA
DS487,S76,B.cells,NA
DS487,S76,CD4.T.cells,NA
DS487,S76,CD8.T.cells,NA
DS487,S76,monocytic.lineage,0.007858048
DS487,S76,neutrophils,0.174904943
DS487,S76,NK.cells,NA
DS487,S76,fibroblasts,NA
DS487,S76,endothelial.cells,NA
DS487,S77,B.cells,NA
DS487,S77,CD4.T.cells,NA
DS487,S77,CD8.T.cells,NA
DS487,S77,monocytic.lineage,0.090797546
DS487,S77,neutrophils,0.370143149
DS487,S77,NK.cells,NA
DS487,S77,fibroblasts,NA
DS487,S77,endothelial.cells,NA
DS487,S78,B.cells,NA
DS487,S78,CD4.T.cells,NA
DS487,S78,CD8.T.cells,NA
DS487,S78,monocytic.lineage,0.141299304
DS487,S78,neutrophils,0.631090487
DS487,S78,NK.cells,NA
DS487,S78,fibroblasts,NA
DS487,S78,endothelial.cells,NA
DS487,S79,B.cells,NA
DS487,S79,CD4.T.cells,NA
DS487,S79,CD8.T.cells,NA
DS487,S79,monocytic.lineage,0.096905537
DS487,S79,neutrophils,0.570032573
DS487,S79,NK.cells,NA
DS487,S79,fibroblasts,NA
DS487,S79,endothelial.cells,NA
DS487,S8,B.cells,NA
DS487,S8,CD4.T.cells,NA
DS487,S8,CD8.T.cells,NA
DS487,S8,monocytic.lineage,0.088102894
DS487,S8,neutrophils,0.705787781
DS487,S8,NK.cells,NA
DS487,S8,fibroblasts,NA
DS487,S8,endothelial.cells,NA
DS487,S80,B.cells,NA
DS487,S80,CD4.T.cells,NA
DS487,S80,CD8.T.cells,NA
DS487,S80,monocytic.lineage,0.077910448
DS487,S80,neutrophils,0.747761194
DS487,S80,NK.cells,NA
DS487,S80,fibroblasts,NA
DS487,S80,endothelial.cells,NA
DS487,S81,B.cells,NA
DS487,S81,CD4.T.cells,NA
DS487,S81,CD8.T.cells,NA
DS487,S81,monocytic.lineage,0.089108911
DS487,S81,neutrophils,0.63960396
DS487,S81,NK.cells,NA
DS487,S81,fibroblasts,NA
DS487,S81,endothelial.cells,NA
DS487,S82,B.cells,NA
DS487,S82,CD4.T.cells,NA
DS487,S82,CD8.T.cells,NA
DS487,S82,monocytic.lineage,0.094061506
DS487,S82,neutrophils,0.734888653
DS487,S82,NK.cells,NA
DS487,S82,fibroblasts,NA
DS487,S82,endothelial.cells,NA
DS487,S83,B.cells,NA
DS487,S83,CD4.T.cells,NA
DS487,S83,CD8.T.cells,NA
DS487,S83,monocytic.lineage,0.105602241
DS487,S83,neutrophils,0.56442577
DS487,S83,NK.cells,NA
DS487,S83,fibroblasts,NA
DS487,S83,endothelial.cells,NA
DS487,S84,B.cells,NA
DS487,S84,CD4.T.cells,NA
DS487,S84,CD8.T.cells,NA
DS487,S84,monocytic.lineage,0.090457256
DS487,S84,neutrophils,0.713717694
DS487,S84,NK.cells,NA
DS487,S84,fibroblasts,NA
DS487,S84,endothelial.cells,NA
DS487,S85,B.cells,NA
DS487,S85,CD4.T.cells,NA
DS487,S85,CD8.T.cells,NA
DS487,S85,monocytic.lineage,0.096190476
DS487,S85,neutrophils,0.508843537
DS487,S85,NK.cells,NA
DS487,S85,fibroblasts,NA
DS487,S85,endothelial.cells,NA
DS487,S86,B.cells,NA
DS487,S86,CD4.T.cells,NA
DS487,S86,CD8.T.cells,NA
DS487,S86,monocytic.lineage,0.054784689
DS487,S86,neutrophils,0.790669856
DS487,S86,NK.cells,NA
DS487,S86,fibroblasts,NA
DS487,S86,endothelial.cells,NA
DS487,S87,B.cells,NA
DS487,S87,CD4.T.cells,NA
DS487,S87,CD8.T.cells,NA
DS487,S87,monocytic.lineage,0.09650924
DS487,S87,neutrophils,0.679671458
DS487,S87,NK.cells,NA
DS487,S87,fibroblasts,NA
DS487,S87,endothelial.cells,NA
DS487,S88,B.cells,NA
DS487,S88,CD4.T.cells,NA
DS487,S88,CD8.T.cells,NA
DS487,S88,monocytic.lineage,0.08062249
DS487,S88,neutrophils,0.741967871
DS487,S88,NK.cells,NA
DS487,S88,fibroblasts,NA
DS487,S88,endothelial.cells,NA
DS487,S89,B.cells,NA
DS487,S89,CD4.T.cells,NA
DS487,S89,CD8.T.cells,NA
DS487,S89,monocytic.lineage,0.072134387
DS487,S89,neutrophils,0.804347826
DS487,S89,NK.cells,NA
DS487,S89,fibroblasts,NA
DS487,S89,endothelial.cells,NA
DS487,S9,B.cells,NA
DS487,S9,CD4.T.cells,NA
DS487,S9,CD8.T.cells,NA
DS487,S9,monocytic.lineage,0.069579832
DS487,S9,neutrophils,0.722689076
DS487,S9,NK.cells,NA
DS487,S9,fibroblasts,NA
DS487,S9,endothelial.cells,NA
DS487,S90,B.cells,NA
DS487,S90,CD4.T.cells,NA
DS487,S90,CD8.T.cells,NA
DS487,S90,monocytic.lineage,0.099761621
DS487,S90,neutrophils,0.594755662
DS487,S90,NK.cells,NA
DS487,S90,fibroblasts,NA
DS487,S90,endothelial.cells,NA
DS487,S91,B.cells,NA
DS487,S91,CD4.T.cells,NA
DS487,S91,CD8.T.cells,NA
DS487,S91,monocytic.lineage,0.079816514
DS487,S91,neutrophils,0.685452163
DS487,S91,NK.cells,NA
DS487,S91,fibroblasts,NA
DS487,S91,endothelial.cells,NA
DS487,S92,B.cells,NA
DS487,S92,CD4.T.cells,NA
DS487,S92,CD8.T.cells,NA
DS487,S92,monocytic.lineage,0.131629393
DS487,S92,neutrophils,0.600638978
DS487,S92,NK.cells,NA
DS487,S92,fibroblasts,NA
DS487,S92,endothelial.cells,NA
DS487,S93,B.cells,NA
DS487,S93,CD4.T.cells,NA
DS487,S93,CD8.T.cells,NA
DS487,S93,monocytic.lineage,0.082477341
DS487,S93,neutrophils,0.697885196
DS487,S93,NK.cells,NA
DS487,S93,fibroblasts,NA
DS487,S93,endothelial.cells,NA
DS487,S94,B.cells,NA
DS487,S94,CD4.T.cells,NA
DS487,S94,CD8.T.cells,NA
DS487,S94,monocytic.lineage,0.038041667
DS487,S94,neutrophils,0.237916667
DS487,S94,NK.cells,NA
DS487,S94,fibroblasts,NA
DS487,S94,endothelial.cells,NA
DS487,S95,B.cells,NA
DS487,S95,CD4.T.cells,NA
DS487,S95,CD8.T.cells,NA
DS487,S95,monocytic.lineage,0.088219545
DS487,S95,neutrophils,0.518072289
DS487,S95,NK.cells,NA
DS487,S95,fibroblasts,NA
DS487,S95,endothelial.cells,NA
DS487,S96,B.cells,NA
DS487,S96,CD4.T.cells,NA
DS487,S96,CD8.T.cells,NA
DS487,S96,monocytic.lineage,0.097506562
DS487,S96,neutrophils,0.677165354
DS487,S96,NK.cells,NA
DS487,S96,fibroblasts,NA
DS487,S96,endothelial.cells,NA
DS487,S97,B.cells,NA
DS487,S97,CD4.T.cells,NA
DS487,S97,CD8.T.cells,NA
DS487,S97,monocytic.lineage,0.088675214
DS487,S97,neutrophils,0.712606838
DS487,S97,NK.cells,NA
DS487,S97,fibroblasts,NA
DS487,S97,endothelial.cells,NA
DS487,S98,B.cells,NA
DS487,S98,CD4.T.cells,NA
DS487,S98,CD8.T.cells,NA
DS487,S98,monocytic.lineage,0.054577465
DS487,S98,neutrophils,0.767605634
DS487,S98,NK.cells,NA
DS487,S98,fibroblasts,NA
DS487,S98,endothelial.cells,NA
DS487,S99,B.cells,NA
DS487,S99,CD4.T.cells,NA
DS487,S99,CD8.T.cells,NA
DS487,S99,monocytic.lineage,0.0578354
DS487,S99,neutrophils,0.855693348
DS487,S99,NK.cells,NA
DS487,S99,fibroblasts,NA
DS487,S99,endothelial.cells,NA
DS489,S1,B.cells,0
DS489,S1,CD4.T.cells,NA
DS489,S1,CD8.T.cells,NA
DS489,S1,monocytic.lineage,0
DS489,S1,neutrophils,0
DS489,S1,NK.cells,0
DS489,S1,fibroblasts,NA
DS489,S1,endothelial.cells,NA
DS489,S10,B.cells,0.6
DS489,S10,CD4.T.cells,NA
DS489,S10,CD8.T.cells,NA
DS489,S10,monocytic.lineage,2.5
DS489,S10,neutrophils,2.5
DS489,S10,NK.cells,1.3
DS489,S10,fibroblasts,NA
DS489,S10,endothelial.cells,NA
DS489,S11,B.cells,1.3
DS489,S11,CD4.T.cells,NA
DS489,S11,CD8.T.cells,NA
DS489,S11,monocytic.lineage,5
DS489,S11,neutrophils,0.2
DS489,S11,NK.cells,2.5
DS489,S11,fibroblasts,NA
DS489,S11,endothelial.cells,NA
DS489,S12,B.cells,2.5
DS489,S12,CD4.T.cells,NA
DS489,S12,CD8.T.cells,NA
DS489,S12,monocytic.lineage,10
DS489,S12,neutrophils,0.3
DS489,S12,NK.cells,5
DS489,S12,fibroblasts,NA
DS489,S12,endothelial.cells,NA
DS489,S2,B.cells,0
DS489,S2,CD4.T.cells,NA
DS489,S2,CD8.T.cells,NA
DS489,S2,monocytic.lineage,0
DS489,S2,neutrophils,0
DS489,S2,NK.cells,0
DS489,S2,fibroblasts,NA
DS489,S2,endothelial.cells,NA
DS489,S3,B.cells,0.6
DS489,S3,CD4.T.cells,NA
DS489,S3,CD8.T.cells,NA
DS489,S3,monocytic.lineage,5
DS489,S3,neutrophils,0.3
DS489,S3,NK.cells,10
DS489,S3,fibroblasts,NA
DS489,S3,endothelial.cells,NA
DS489,S4,B.cells,10
DS489,S4,CD4.T.cells,NA
DS489,S4,CD8.T.cells,NA
DS489,S4,monocytic.lineage,2.5
DS489,S4,neutrophils,0.2
DS489,S4,NK.cells,5
DS489,S4,fibroblasts,NA
DS489,S4,endothelial.cells,NA
DS489,S5,B.cells,5
DS489,S5,CD4.T.cells,NA
DS489,S5,CD8.T.cells,NA
DS489,S5,monocytic.lineage,1.3
DS489,S5,neutrophils,2.5
DS489,S5,NK.cells,2.5
DS489,S5,fibroblasts,NA
DS489,S5,endothelial.cells,NA
DS489,S6,B.cells,2.5
DS489,S6,CD4.T.cells,NA
DS489,S6,CD8.T.cells,NA
DS489,S6,monocytic.lineage,0.6
DS489,S6,neutrophils,1.3
DS489,S6,NK.cells,1.3
DS489,S6,fibroblasts,NA
DS489,S6,endothelial.cells,NA
DS489,S7,B.cells,1.3
DS489,S7,CD4.T.cells,NA
DS489,S7,CD8.T.cells,NA
DS489,S7,monocytic.lineage,10
DS489,S7,neutrophils,0.6
DS489,S7,NK.cells,0.6
DS489,S7,fibroblasts,NA
DS489,S7,endothelial.cells,NA
DS489,S8,B.cells,5
DS489,S8,CD4.T.cells,NA
DS489,S8,CD8.T.cells,NA
DS489,S8,monocytic.lineage,0.6
DS489,S8,neutrophils,0.6
DS489,S8,NK.cells,10
DS489,S8,fibroblasts,NA
DS489,S8,endothelial.cells,NA
DS489,S9,B.cells,10
DS489,S9,CD4.T.cells,NA
DS489,S9,CD8.T.cells,NA
DS489,S9,monocytic.lineage,1.3
DS489,S9,neutrophils,1.3
DS489,S9,NK.cells,0.6
DS489,S9,fibroblasts,NA
DS489,S9,endothelial.cells,NA
DS500,S1,endothelial.cells,0.983945781139791
DS500,S1,fibroblasts,0.0160542188602085
DS500,S1,B.cells,NA
DS500,S1,CD4.T.cells,NA
DS500,S1,CD8.T.cells,NA
DS500,S1,NK.cells,NA
DS500,S1,neutrophils,NA
DS500,S1,monocytic.lineage,NA
DS500,S10,endothelial.cells,0.752112408418907
DS500,S10,fibroblasts,0.247887591581093
DS500,S10,B.cells,NA
DS500,S10,CD4.T.cells,NA
DS500,S10,CD8.T.cells,NA
DS500,S10,NK.cells,NA
DS500,S10,neutrophils,NA
DS500,S10,monocytic.lineage,NA
DS500,S11,endothelial.cells,0.410473563032287
DS500,S11,fibroblasts,0.589526436967713
DS500,S11,B.cells,NA
DS500,S11,CD4.T.cells,NA
DS500,S11,CD8.T.cells,NA
DS500,S11,NK.cells,NA
DS500,S11,neutrophils,NA
DS500,S11,monocytic.lineage,NA
DS500,S12,endothelial.cells,0.0299512739952859
DS500,S12,fibroblasts,0.970048726004714
DS500,S12,B.cells,NA
DS500,S12,CD4.T.cells,NA
DS500,S12,CD8.T.cells,NA
DS500,S12,NK.cells,NA
DS500,S12,neutrophils,NA
DS500,S12,monocytic.lineage,NA
DS500,S13,endothelial.cells,0.412446807714436
DS500,S13,fibroblasts,0.587553192285564
DS500,S13,B.cells,NA
DS500,S13,CD4.T.cells,NA
DS500,S13,CD8.T.cells,NA
DS500,S13,NK.cells,NA
DS500,S13,neutrophils,NA
DS500,S13,monocytic.lineage,NA
DS500,S14,endothelial.cells,0.890465235564179
DS500,S14,fibroblasts,0.109534764435821
DS500,S14,B.cells,NA
DS500,S14,CD4.T.cells,NA
DS500,S14,CD8.T.cells,NA
DS500,S14,NK.cells,NA
DS500,S14,neutrophils,NA
DS500,S14,monocytic.lineage,NA
DS500,S15,endothelial.cells,0.984246187015952
DS500,S15,fibroblasts,0.0157538129840477
DS500,S15,B.cells,NA
DS500,S15,CD4.T.cells,NA
DS500,S15,CD8.T.cells,NA
DS500,S15,NK.cells,NA
DS500,S15,neutrophils,NA
DS500,S15,monocytic.lineage,NA
DS500,S16,endothelial.cells,0.57343281933078
DS500,S16,fibroblasts,0.42656718066922
DS500,S16,B.cells,NA
DS500,S16,CD4.T.cells,NA
DS500,S16,CD8.T.cells,NA
DS500,S16,NK.cells,NA
DS500,S16,neutrophils,NA
DS500,S16,monocytic.lineage,NA
DS500,S17,endothelial.cells,0.728430936422927
DS500,S17,fibroblasts,0.271569063577073
DS500,S17,B.cells,NA
DS500,S17,CD4.T.cells,NA
DS500,S17,CD8.T.cells,NA
DS500,S17,NK.cells,NA
DS500,S17,neutrophils,NA
DS500,S17,monocytic.lineage,NA
DS500,S18,endothelial.cells,0.0485676824676816
DS500,S18,fibroblasts,0.951432317532318
DS500,S18,B.cells,NA
DS500,S18,CD4.T.cells,NA
DS500,S18,CD8.T.cells,NA
DS500,S18,NK.cells,NA
DS500,S18,neutrophils,NA
DS500,S18,monocytic.lineage,NA
DS500,S19,endothelial.cells,0.0616959240154201
DS500,S19,fibroblasts,0.93830407598458
DS500,S19,B.cells,NA
DS500,S19,CD4.T.cells,NA
DS500,S19,CD8.T.cells,NA
DS500,S19,NK.cells,NA
DS500,S19,neutrophils,NA
DS500,S19,monocytic.lineage,NA
DS500,S2,endothelial.cells,0.998873283310342
DS500,S2,fibroblasts,0.00112671668965749
DS500,S2,B.cells,NA
DS500,S2,CD4.T.cells,NA
DS500,S2,CD8.T.cells,NA
DS500,S2,NK.cells,NA
DS500,S2,neutrophils,NA
DS500,S2,monocytic.lineage,NA
DS500,S20,endothelial.cells,0.0846418669782294
DS500,S20,fibroblasts,0.915358133021771
DS500,S20,B.cells,NA
DS500,S20,CD4.T.cells,NA
DS500,S20,CD8.T.cells,NA
DS500,S20,NK.cells,NA
DS500,S20,neutrophils,NA
DS500,S20,monocytic.lineage,NA
DS500,S21,endothelial.cells,0.222197790544395
DS500,S21,fibroblasts,0.777802209455605
DS500,S21,B.cells,NA
DS500,S21,CD4.T.cells,NA
DS500,S21,CD8.T.cells,NA
DS500,S21,NK.cells,NA
DS500,S21,neutrophils,NA
DS500,S21,monocytic.lineage,NA
DS500,S22,endothelial.cells,0.14093289841161
DS500,S22,fibroblasts,0.85906710158839
DS500,S22,B.cells,NA
DS500,S22,CD4.T.cells,NA
DS500,S22,CD8.T.cells,NA
DS500,S22,NK.cells,NA
DS500,S22,neutrophils,NA
DS500,S22,monocytic.lineage,NA
DS500,S23,endothelial.cells,0.206670439873607
DS500,S23,fibroblasts,0.793329560126393
DS500,S23,B.cells,NA
DS500,S23,CD4.T.cells,NA
DS500,S23,CD8.T.cells,NA
DS500,S23,NK.cells,NA
DS500,S23,neutrophils,NA
DS500,S23,monocytic.lineage,NA
DS500,S24,endothelial.cells,0.334958003024299
DS500,S24,fibroblasts,0.665041996975701
DS500,S24,B.cells,NA
DS500,S24,CD4.T.cells,NA
DS500,S24,CD8.T.cells,NA
DS500,S24,NK.cells,NA
DS500,S24,neutrophils,NA
DS500,S24,monocytic.lineage,NA
DS500,S25,endothelial.cells,0.985734179991117
DS500,S25,fibroblasts,0.0142658200088834
DS500,S25,B.cells,NA
DS500,S25,CD4.T.cells,NA
DS500,S25,CD8.T.cells,NA
DS500,S25,NK.cells,NA
DS500,S25,neutrophils,NA
DS500,S25,monocytic.lineage,NA
DS500,S26,endothelial.cells,0.24172331492703
DS500,S26,fibroblasts,0.75827668507297
DS500,S26,B.cells,NA
DS500,S26,CD4.T.cells,NA
DS500,S26,CD8.T.cells,NA
DS500,S26,NK.cells,NA
DS500,S26,neutrophils,NA
DS500,S26,monocytic.lineage,NA
DS500,S27,endothelial.cells,0.733188094246739
DS500,S27,fibroblasts,0.266811905753262
DS500,S27,B.cells,NA
DS500,S27,CD4.T.cells,NA
DS500,S27,CD8.T.cells,NA
DS500,S27,NK.cells,NA
DS500,S27,neutrophils,NA
DS500,S27,monocytic.lineage,NA
DS500,S28,endothelial.cells,0.306221037040281
DS500,S28,fibroblasts,0.693778962959719
DS500,S28,B.cells,NA
DS500,S28,CD4.T.cells,NA
DS500,S28,CD8.T.cells,NA
DS500,S28,NK.cells,NA
DS500,S28,neutrophils,NA
DS500,S28,monocytic.lineage,NA
DS500,S29,endothelial.cells,0.00200284241921301
DS500,S29,fibroblasts,0.997997157580787
DS500,S29,B.cells,NA
DS500,S29,CD4.T.cells,NA
DS500,S29,CD8.T.cells,NA
DS500,S29,NK.cells,NA
DS500,S29,neutrophils,NA
DS500,S29,monocytic.lineage,NA
DS500,S3,endothelial.cells,0.298532822153186
DS500,S3,fibroblasts,0.701467177846814
DS500,S3,B.cells,NA
DS500,S3,CD4.T.cells,NA
DS500,S3,CD8.T.cells,NA
DS500,S3,NK.cells,NA
DS500,S3,neutrophils,NA
DS500,S3,monocytic.lineage,NA
DS500,S30,endothelial.cells,0.689988817748711
DS500,S30,fibroblasts,0.310011182251289
DS500,S30,B.cells,NA
DS500,S30,CD4.T.cells,NA
DS500,S30,CD8.T.cells,NA
DS500,S30,NK.cells,NA
DS500,S30,neutrophils,NA
DS500,S30,monocytic.lineage,NA
DS500,S31,endothelial.cells,0.568007847426692
DS500,S31,fibroblasts,0.431992152573308
DS500,S31,B.cells,NA
DS500,S31,CD4.T.cells,NA
DS500,S31,CD8.T.cells,NA
DS500,S31,NK.cells,NA
DS500,S31,neutrophils,NA
DS500,S31,monocytic.lineage,NA
DS500,S32,endothelial.cells,0.676924412268918
DS500,S32,fibroblasts,0.323075587731082
DS500,S32,B.cells,NA
DS500,S32,CD4.T.cells,NA
DS500,S32,CD8.T.cells,NA
DS500,S32,NK.cells,NA
DS500,S32,neutrophils,NA
DS500,S32,monocytic.lineage,NA
DS500,S33,endothelial.cells,0.978864305939139
DS500,S33,fibroblasts,0.0211356940608609
DS500,S33,B.cells,NA
DS500,S33,CD4.T.cells,NA
DS500,S33,CD8.T.cells,NA
DS500,S33,NK.cells,NA
DS500,S33,neutrophils,NA
DS500,S33,monocytic.lineage,NA
DS500,S34,endothelial.cells,0.0373234906815202
DS500,S34,fibroblasts,0.96267650931848
DS500,S34,B.cells,NA
DS500,S34,CD4.T.cells,NA
DS500,S34,CD8.T.cells,NA
DS500,S34,NK.cells,NA
DS500,S34,neutrophils,NA
DS500,S34,monocytic.lineage,NA
DS500,S35,endothelial.cells,0.941994058991998
DS500,S35,fibroblasts,0.0580059410080022
DS500,S35,B.cells,NA
DS500,S35,CD4.T.cells,NA
DS500,S35,CD8.T.cells,NA
DS500,S35,NK.cells,NA
DS500,S35,neutrophils,NA
DS500,S35,monocytic.lineage,NA
DS500,S36,endothelial.cells,0.0199827200145593
DS500,S36,fibroblasts,0.980017279985441
DS500,S36,B.cells,NA
DS500,S36,CD4.T.cells,NA
DS500,S36,CD8.T.cells,NA
DS500,S36,NK.cells,NA
DS500,S36,neutrophils,NA
DS500,S36,monocytic.lineage,NA
DS500,S37,endothelial.cells,0.00435155092674407
DS500,S37,fibroblasts,0.995648449073256
DS500,S37,B.cells,NA
DS500,S37,CD4.T.cells,NA
DS500,S37,CD8.T.cells,NA
DS500,S37,NK.cells,NA
DS500,S37,neutrophils,NA
DS500,S37,monocytic.lineage,NA
DS500,S38,endothelial.cells,0.525513691788382
DS500,S38,fibroblasts,0.474486308211618
DS500,S38,B.cells,NA
DS500,S38,CD4.T.cells,NA
DS500,S38,CD8.T.cells,NA
DS500,S38,NK.cells,NA
DS500,S38,neutrophils,NA
DS500,S38,monocytic.lineage,NA
DS500,S39,endothelial.cells,0.990803683257524
DS500,S39,fibroblasts,0.00919631674247618
DS500,S39,B.cells,NA
DS500,S39,CD4.T.cells,NA
DS500,S39,CD8.T.cells,NA
DS500,S39,NK.cells,NA
DS500,S39,neutrophils,NA
DS500,S39,monocytic.lineage,NA
DS500,S4,endothelial.cells,0.654284247186995
DS500,S4,fibroblasts,0.345715752813005
DS500,S4,B.cells,NA
DS500,S4,CD4.T.cells,NA
DS500,S4,CD8.T.cells,NA
DS500,S4,NK.cells,NA
DS500,S4,neutrophils,NA
DS500,S4,monocytic.lineage,NA
DS500,S40,endothelial.cells,0.799774296401278
DS500,S40,fibroblasts,0.200225703598722
DS500,S40,B.cells,NA
DS500,S40,CD4.T.cells,NA
DS500,S40,CD8.T.cells,NA
DS500,S40,NK.cells,NA
DS500,S40,neutrophils,NA
DS500,S40,monocytic.lineage,NA
DS500,S41,endothelial.cells,0.672856091903947
DS500,S41,fibroblasts,0.327143908096053
DS500,S41,B.cells,NA
DS500,S41,CD4.T.cells,NA
DS500,S41,CD8.T.cells,NA
DS500,S41,NK.cells,NA
DS500,S41,neutrophils,NA
DS500,S41,monocytic.lineage,NA
DS500,S42,endothelial.cells,0.00852899392541149
DS500,S42,fibroblasts,0.991471006074588
DS500,S42,B.cells,NA
DS500,S42,CD4.T.cells,NA
DS500,S42,CD8.T.cells,NA
DS500,S42,NK.cells,NA
DS500,S42,neutrophils,NA
DS500,S42,monocytic.lineage,NA
DS500,S43,endothelial.cells,0.634990828143083
DS500,S43,fibroblasts,0.365009171856917
DS500,S43,B.cells,NA
DS500,S43,CD4.T.cells,NA
DS500,S43,CD8.T.cells,NA
DS500,S43,NK.cells,NA
DS500,S43,neutrophils,NA
DS500,S43,monocytic.lineage,NA
DS500,S44,endothelial.cells,0.811767114579953
DS500,S44,fibroblasts,0.188232885420047
DS500,S44,B.cells,NA
DS500,S44,CD4.T.cells,NA
DS500,S44,CD8.T.cells,NA
DS500,S44,NK.cells,NA
DS500,S44,neutrophils,NA
DS500,S44,monocytic.lineage,NA
DS500,S45,endothelial.cells,0.533644203416676
DS500,S45,fibroblasts,0.466355796583324
DS500,S45,B.cells,NA
DS500,S45,CD4.T.cells,NA
DS500,S45,CD8.T.cells,NA
DS500,S45,NK.cells,NA
DS500,S45,neutrophils,NA
DS500,S45,monocytic.lineage,NA
DS500,S46,endothelial.cells,0.85163928199388494
DS500,S46,fibroblasts,0.148360718006115
DS500,S46,B.cells,NA
DS500,S46,CD4.T.cells,NA
DS500,S46,CD8.T.cells,NA
DS500,S46,NK.cells,NA
DS500,S46,neutrophils,NA
DS500,S46,monocytic.lineage,NA
DS500,S47,endothelial.cells,0.433636349641777
DS500,S47,fibroblasts,0.566363650358223
DS500,S47,B.cells,NA
DS500,S47,CD4.T.cells,NA
DS500,S47,CD8.T.cells,NA
DS500,S47,NK.cells,NA
DS500,S47,neutrophils,NA
DS500,S47,monocytic.lineage,NA
DS500,S48,endothelial.cells,0.00517944184332115
DS500,S48,fibroblasts,0.994820558156679
DS500,S48,B.cells,NA
DS500,S48,CD4.T.cells,NA
DS500,S48,CD8.T.cells,NA
DS500,S48,NK.cells,NA
DS500,S48,neutrophils,NA
DS500,S48,monocytic.lineage,NA
DS500,S49,endothelial.cells,0.0435179817910593
DS500,S49,fibroblasts,0.956482018208941
DS500,S49,B.cells,NA
DS500,S49,CD4.T.cells,NA
DS500,S49,CD8.T.cells,NA
DS500,S49,NK.cells,NA
DS500,S49,neutrophils,NA
DS500,S49,monocytic.lineage,NA
DS500,S5,endothelial.cells,0.136186694894614
DS500,S5,fibroblasts,0.863813305105386
DS500,S5,B.cells,NA
DS500,S5,CD4.T.cells,NA
DS500,S5,CD8.T.cells,NA
DS500,S5,NK.cells,NA
DS500,S5,neutrophils,NA
DS500,S5,monocytic.lineage,NA
DS500,S50,endothelial.cells,0.516293648783517
DS500,S50,fibroblasts,0.483706351216483
DS500,S50,B.cells,NA
DS500,S50,CD4.T.cells,NA
DS500,S50,CD8.T.cells,NA
DS500,S50,NK.cells,NA
DS500,S50,neutrophils,NA
DS500,S50,monocytic.lineage,NA
DS500,S51,endothelial.cells,0.149122219314867
DS500,S51,fibroblasts,0.850877780685133
DS500,S51,B.cells,NA
DS500,S51,CD4.T.cells,NA
DS500,S51,CD8.T.cells,NA
DS500,S51,NK.cells,NA
DS500,S51,neutrophils,NA
DS500,S51,monocytic.lineage,NA
DS500,S52,endothelial.cells,0.860710846415715
DS500,S52,fibroblasts,0.139289153584285
DS500,S52,B.cells,NA
DS500,S52,CD4.T.cells,NA
DS500,S52,CD8.T.cells,NA
DS500,S52,NK.cells,NA
DS500,S52,neutrophils,NA
DS500,S52,monocytic.lineage,NA
DS500,S53,endothelial.cells,0.329326380076779
DS500,S53,fibroblasts,0.670673619923221
DS500,S53,B.cells,NA
DS500,S53,CD4.T.cells,NA
DS500,S53,CD8.T.cells,NA
DS500,S53,NK.cells,NA
DS500,S53,neutrophils,NA
DS500,S53,monocytic.lineage,NA
DS500,S54,endothelial.cells,0.999990240485194
DS500,S54,fibroblasts,9.75951480626868e-6
DS500,S54,B.cells,NA
DS500,S54,CD4.T.cells,NA
DS500,S54,CD8.T.cells,NA
DS500,S54,NK.cells,NA
DS500,S54,neutrophils,NA
DS500,S54,monocytic.lineage,NA
DS500,S55,endothelial.cells,0.0125651944343904
DS500,S55,fibroblasts,0.98743480556561
DS500,S55,B.cells,NA
DS500,S55,CD4.T.cells,NA
DS500,S55,CD8.T.cells,NA
DS500,S55,NK.cells,NA
DS500,S55,neutrophils,NA
DS500,S55,monocytic.lineage,NA
DS500,S56,endothelial.cells,0.411288302700627
DS500,S56,fibroblasts,0.588711697299372
DS500,S56,B.cells,NA
DS500,S56,CD4.T.cells,NA
DS500,S56,CD8.T.cells,NA
DS500,S56,NK.cells,NA
DS500,S56,neutrophils,NA
DS500,S56,monocytic.lineage,NA
DS500,S57,endothelial.cells,0.402506041337681
DS500,S57,fibroblasts,0.597493958662319
DS500,S57,B.cells,NA
DS500,S57,CD4.T.cells,NA
DS500,S57,CD8.T.cells,NA
DS500,S57,NK.cells,NA
DS500,S57,neutrophils,NA
DS500,S57,monocytic.lineage,NA
DS500,S58,endothelial.cells,0.126034629959719
DS500,S58,fibroblasts,0.873965370040281
DS500,S58,B.cells,NA
DS500,S58,CD4.T.cells,NA
DS500,S58,CD8.T.cells,NA
DS500,S58,NK.cells,NA
DS500,S58,neutrophils,NA
DS500,S58,monocytic.lineage,NA
DS500,S59,endothelial.cells,0.986732103071567
DS500,S59,fibroblasts,0.0132678969284327
DS500,S59,B.cells,NA
DS500,S59,CD4.T.cells,NA
DS500,S59,CD8.T.cells,NA
DS500,S59,NK.cells,NA
DS500,S59,neutrophils,NA
DS500,S59,monocytic.lineage,NA
DS500,S6,endothelial.cells,0.705951847187068
DS500,S6,fibroblasts,0.294048152812932
DS500,S6,B.cells,NA
DS500,S6,CD4.T.cells,NA
DS500,S6,CD8.T.cells,NA
DS500,S6,NK.cells,NA
DS500,S6,neutrophils,NA
DS500,S6,monocytic.lineage,NA
DS500,S60,endothelial.cells,0.980222186779283
DS500,S60,fibroblasts,0.0197778132207169
DS500,S60,B.cells,NA
DS500,S60,CD4.T.cells,NA
DS500,S60,CD8.T.cells,NA
DS500,S60,NK.cells,NA
DS500,S60,neutrophils,NA
DS500,S60,monocytic.lineage,NA
DS500,S7,endothelial.cells,0.173001855568003
DS500,S7,fibroblasts,0.826998144431997
DS500,S7,B.cells,NA
DS500,S7,CD4.T.cells,NA
DS500,S7,CD8.T.cells,NA
DS500,S7,NK.cells,NA
DS500,S7,neutrophils,NA
DS500,S7,monocytic.lineage,NA
DS500,S8,endothelial.cells,0.499392725560857
DS500,S8,fibroblasts,0.500607274439143
DS500,S8,B.cells,NA
DS500,S8,CD4.T.cells,NA
DS500,S8,CD8.T.cells,NA
DS500,S8,NK.cells,NA
DS500,S8,neutrophils,NA
DS500,S8,monocytic.lineage,NA
DS500,S9,endothelial.cells,0.110147249574804
DS500,S9,fibroblasts,0.889852750425196
DS500,S9,B.cells,NA
DS500,S9,CD4.T.cells,NA
DS500,S9,CD8.T.cells,NA
DS500,S9,NK.cells,NA
DS500,S9,neutrophils,NA
DS500,S9,monocytic.lineage,NA
